// Validating benchmarks:
// ***** BenchmarkRunner: Start   *****
// ***** Found 39 benchmark(s) in total *****
// ***** Building 3 exe(s) in Parallel: Start   *****
// ***** Done, took 00:00:30 (30.52 sec)   *****
// Found 39 benchmarks:
//   SecurityBenchmarks.'AES-GCM 256-bit Encrypt (Span, Zero-Alloc)': .NET 10.0(Runtime=.NET 10.0, Toolchain=net10.0)
//   SecurityBenchmarks.'AES-GCM 256-bit Decrypt (Span, Zero-Alloc)': .NET 10.0(Runtime=.NET 10.0, Toolchain=net10.0)
//   SecurityBenchmarks.'AES-GCM Parallel Concurrent Throughput (100 ops)': .NET 10.0(Runtime=.NET 10.0, Toolchain=net10.0)
//   SecurityBenchmarks.'PBKDF2-SHA512 Password Hash (10k iters)': .NET 10.0(Runtime=.NET 10.0, Toolchain=net10.0)
//   SecurityBenchmarks.'PBKDF2-SHA512 Password Hash (600K iters — PRODUCTION COST)': .NET 10.0(Runtime=.NET 10.0, Toolchain=net10.0)
//   SecurityBenchmarks.'LegacyPbkdf2 Password Hash (Fast Config)': .NET 10.0(Runtime=.NET 10.0, Toolchain=net10.0)
//   SecurityBenchmarks.'CompositePasswordHasher Verify & Rehash Check': .NET 10.0(Runtime=.NET 10.0, Toolchain=net10.0)
//   SecurityBenchmarks.'SecurityEnvelope Serialize (Span, Zero-Alloc)': .NET 10.0(Runtime=.NET 10.0, Toolchain=net10.0)
//   SecurityBenchmarks.'SecurityEnvelope Deserialize (Span)': .NET 10.0(Runtime=.NET 10.0, Toolchain=net10.0)
//   SecurityBenchmarks.'ConstantTime FixedTimeEquals (32 bytes)': .NET 10.0(Runtime=.NET 10.0, Toolchain=net10.0)
//   SecurityBenchmarks.'Token Generation (URL-Safe 32 bytes)': .NET 10.0(Runtime=.NET 10.0, Toolchain=net10.0)
//   SecurityBenchmarks.'Token Hash (SHA-256)': .NET 10.0(Runtime=.NET 10.0, Toolchain=net10.0)
//   SecurityBenchmarks.'SecretBuffer Allocate & Dispose (ZeroMemory)': .NET 10.0(Runtime=.NET 10.0, Toolchain=net10.0)
//   SecurityBenchmarks.'AES-GCM 256-bit Encrypt (Span, Zero-Alloc)': .NET 8.0(Runtime=.NET 8.0, Toolchain=net8.0)
//   SecurityBenchmarks.'AES-GCM 256-bit Decrypt (Span, Zero-Alloc)': .NET 8.0(Runtime=.NET 8.0, Toolchain=net8.0)
//   SecurityBenchmarks.'AES-GCM Parallel Concurrent Throughput (100 ops)': .NET 8.0(Runtime=.NET 8.0, Toolchain=net8.0)
//   SecurityBenchmarks.'PBKDF2-SHA512 Password Hash (10k iters)': .NET 8.0(Runtime=.NET 8.0, Toolchain=net8.0)
//   SecurityBenchmarks.'PBKDF2-SHA512 Password Hash (600K iters — PRODUCTION COST)': .NET 8.0(Runtime=.NET 8.0, Toolchain=net8.0)
//   SecurityBenchmarks.'LegacyPbkdf2 Password Hash (Fast Config)': .NET 8.0(Runtime=.NET 8.0, Toolchain=net8.0)
//   SecurityBenchmarks.'CompositePasswordHasher Verify & Rehash Check': .NET 8.0(Runtime=.NET 8.0, Toolchain=net8.0)
//   SecurityBenchmarks.'SecurityEnvelope Serialize (Span, Zero-Alloc)': .NET 8.0(Runtime=.NET 8.0, Toolchain=net8.0)
//   SecurityBenchmarks.'SecurityEnvelope Deserialize (Span)': .NET 8.0(Runtime=.NET 8.0, Toolchain=net8.0)
//   SecurityBenchmarks.'ConstantTime FixedTimeEquals (32 bytes)': .NET 8.0(Runtime=.NET 8.0, Toolchain=net8.0)
//   SecurityBenchmarks.'Token Generation (URL-Safe 32 bytes)': .NET 8.0(Runtime=.NET 8.0, Toolchain=net8.0)
//   SecurityBenchmarks.'Token Hash (SHA-256)': .NET 8.0(Runtime=.NET 8.0, Toolchain=net8.0)
//   SecurityBenchmarks.'SecretBuffer Allocate & Dispose (ZeroMemory)': .NET 8.0(Runtime=.NET 8.0, Toolchain=net8.0)
//   SecurityBenchmarks.'AES-GCM 256-bit Encrypt (Span, Zero-Alloc)': .NET 9.0(Runtime=.NET 9.0, Toolchain=net9.0)
//   SecurityBenchmarks.'AES-GCM 256-bit Decrypt (Span, Zero-Alloc)': .NET 9.0(Runtime=.NET 9.0, Toolchain=net9.0)
//   SecurityBenchmarks.'AES-GCM Parallel Concurrent Throughput (100 ops)': .NET 9.0(Runtime=.NET 9.0, Toolchain=net9.0)
//   SecurityBenchmarks.'PBKDF2-SHA512 Password Hash (10k iters)': .NET 9.0(Runtime=.NET 9.0, Toolchain=net9.0)
//   SecurityBenchmarks.'PBKDF2-SHA512 Password Hash (600K iters — PRODUCTION COST)': .NET 9.0(Runtime=.NET 9.0, Toolchain=net9.0)
//   SecurityBenchmarks.'LegacyPbkdf2 Password Hash (Fast Config)': .NET 9.0(Runtime=.NET 9.0, Toolchain=net9.0)
//   SecurityBenchmarks.'CompositePasswordHasher Verify & Rehash Check': .NET 9.0(Runtime=.NET 9.0, Toolchain=net9.0)
//   SecurityBenchmarks.'SecurityEnvelope Serialize (Span, Zero-Alloc)': .NET 9.0(Runtime=.NET 9.0, Toolchain=net9.0)
//   SecurityBenchmarks.'SecurityEnvelope Deserialize (Span)': .NET 9.0(Runtime=.NET 9.0, Toolchain=net9.0)
//   SecurityBenchmarks.'ConstantTime FixedTimeEquals (32 bytes)': .NET 9.0(Runtime=.NET 9.0, Toolchain=net9.0)
//   SecurityBenchmarks.'Token Generation (URL-Safe 32 bytes)': .NET 9.0(Runtime=.NET 9.0, Toolchain=net9.0)
//   SecurityBenchmarks.'Token Hash (SHA-256)': .NET 9.0(Runtime=.NET 9.0, Toolchain=net9.0)
//   SecurityBenchmarks.'SecretBuffer Allocate & Dispose (ZeroMemory)': .NET 9.0(Runtime=.NET 9.0, Toolchain=net9.0)

// **************************
// Benchmark: SecurityBenchmarks.'AES-GCM 256-bit Encrypt (Span, Zero-Alloc)': .NET 10.0(Runtime=.NET 10.0, Toolchain=net10.0)
// *** Execute ***
// Launch: 1 / 1
// Execute: dotnet "EricksonLopez.Security.Benchmarks-.NET 10.0-1.dll" --anonymousPipes 171 172 --benchmarkName EricksonLopez.Security.Benchmarks.SecurityBenchmarks.AesGcm_Encrypt_Span --job ".NET 10.0" --benchmarkId 0 in /home/runner/work/dotnet-security/dotnet-security/benchmarks/EricksonLopez.Security.Benchmarks/bin/Release/net10.0/EricksonLopez.Security.Benchmarks-.NET 10.0-1/bin/Release/net10.0
// Failed to set up high priority (Permission denied). In order to run benchmarks with high priority, make sure you have the right permissions.
// BeforeAnythingElse

// Benchmark Process Environment Information:
// BenchmarkDotNet v0.15.8
// Runtime=.NET 10.0.12 (10.0.12, 10.0.1226.42308), X64 RyuJIT x86-64-v4
// GC=Concurrent Workstation
// HardwareIntrinsics=AVX512 BITALG+VBMI2+VNNI+VPOPCNTDQ,AVX512 IFMA+VBMI,AVX512 F+BW+CD+DQ+VL,AVX2+BMI1+BMI2+F16C+FMA+LZCNT+MOVBE,AVX,SSE3+SSSE3+SSE4.1+SSE4.2+POPCNT,X86Base+SSE+SSE2,AES+PCLMUL,AvxVnni,SERIALIZE VectorSize=256
// Job: .NET 10.0

OverheadJitting  1: 1 op, 155504.00 ns, 155.5040 us/op
WorkloadJitting  1: 1 op, 333813.00 ns, 333.8130 us/op

OverheadJitting  2: 16 op, 202492.00 ns, 12.6558 us/op
WorkloadJitting  2: 16 op, 295831.00 ns, 18.4894 us/op

WorkloadPilot    1: 16 op, 98479.00 ns, 6.1549 us/op
WorkloadPilot    2: 32 op, 139649.00 ns, 4.3640 us/op
WorkloadPilot    3: 64 op, 260974.00 ns, 4.0777 us/op
WorkloadPilot    4: 128 op, 448810.00 ns, 3.5063 us/op
WorkloadPilot    5: 256 op, 859909.00 ns, 3.3590 us/op
WorkloadPilot    6: 512 op, 1641644.00 ns, 3.2063 us/op
WorkloadPilot    7: 1024 op, 3232357.00 ns, 3.1566 us/op
WorkloadPilot    8: 2048 op, 6375116.00 ns, 3.1128 us/op
WorkloadPilot    9: 4096 op, 12556858.00 ns, 3.0656 us/op
WorkloadPilot   10: 8192 op, 25158147.00 ns, 3.0711 us/op
WorkloadPilot   11: 16384 op, 50636835.00 ns, 3.0906 us/op
WorkloadPilot   12: 32768 op, 109180134.00 ns, 3.3319 us/op
WorkloadPilot   13: 65536 op, 197309964.00 ns, 3.0107 us/op
WorkloadPilot   14: 131072 op, 369281339.00 ns, 2.8174 us/op
WorkloadPilot   15: 262144 op, 736818637.00 ns, 2.8107 us/op

OverheadWarmup   1: 262144 op, 881461.00 ns, 3.3625 ns/op
OverheadWarmup   2: 262144 op, 908009.00 ns, 3.4638 ns/op
OverheadWarmup   3: 262144 op, 865729.00 ns, 3.3025 ns/op
OverheadWarmup   4: 262144 op, 906557.00 ns, 3.4582 ns/op
OverheadWarmup   5: 262144 op, 907052.00 ns, 3.4601 ns/op
OverheadWarmup   6: 262144 op, 900858.00 ns, 3.4365 ns/op

OverheadActual   1: 262144 op, 755633.00 ns, 2.8825 ns/op
OverheadActual   2: 262144 op, 759028.00 ns, 2.8955 ns/op
OverheadActual   3: 262144 op, 889519.00 ns, 3.3932 ns/op
OverheadActual   4: 262144 op, 784897.00 ns, 2.9941 ns/op
OverheadActual   5: 262144 op, 782631.00 ns, 2.9855 ns/op
OverheadActual   6: 262144 op, 783946.00 ns, 2.9905 ns/op
OverheadActual   7: 262144 op, 762426.00 ns, 2.9084 ns/op
OverheadActual   8: 262144 op, 766342.00 ns, 2.9234 ns/op
OverheadActual   9: 262144 op, 764522.00 ns, 2.9164 ns/op
OverheadActual  10: 262144 op, 766929.00 ns, 2.9256 ns/op
OverheadActual  11: 262144 op, 772782.00 ns, 2.9479 ns/op
OverheadActual  12: 262144 op, 764797.00 ns, 2.9175 ns/op
OverheadActual  13: 262144 op, 760245.00 ns, 2.9001 ns/op
OverheadActual  14: 262144 op, 763294.00 ns, 2.9117 ns/op
OverheadActual  15: 262144 op, 785585.00 ns, 2.9968 ns/op

WorkloadWarmup   1: 262144 op, 736872088.00 ns, 2.8109 us/op
WorkloadWarmup   2: 262144 op, 849119087.00 ns, 3.2391 us/op
WorkloadWarmup   3: 262144 op, 737359405.00 ns, 2.8128 us/op
WorkloadWarmup   4: 262144 op, 731498418.00 ns, 2.7904 us/op
WorkloadWarmup   5: 262144 op, 725561948.00 ns, 2.7678 us/op
WorkloadWarmup   6: 262144 op, 731022286.00 ns, 2.7886 us/op
WorkloadWarmup   7: 262144 op, 723613152.00 ns, 2.7604 us/op

// BeforeActualRun
WorkloadActual   1: 262144 op, 727009518.00 ns, 2.7733 us/op
WorkloadActual   2: 262144 op, 724621735.00 ns, 2.7642 us/op
WorkloadActual   3: 262144 op, 722551131.00 ns, 2.7563 us/op
WorkloadActual   4: 262144 op, 725097891.00 ns, 2.7660 us/op
WorkloadActual   5: 262144 op, 722563989.00 ns, 2.7564 us/op
WorkloadActual   6: 262144 op, 721162028.00 ns, 2.7510 us/op
WorkloadActual   7: 262144 op, 723117385.00 ns, 2.7585 us/op
WorkloadActual   8: 262144 op, 720991495.00 ns, 2.7504 us/op
WorkloadActual   9: 262144 op, 723509926.00 ns, 2.7600 us/op
WorkloadActual  10: 262144 op, 724593750.00 ns, 2.7641 us/op
WorkloadActual  11: 262144 op, 725434521.00 ns, 2.7673 us/op
WorkloadActual  12: 262144 op, 724491790.00 ns, 2.7637 us/op
WorkloadActual  13: 262144 op, 748958062.00 ns, 2.8570 us/op
WorkloadActual  14: 262144 op, 722914346.00 ns, 2.7577 us/op
WorkloadActual  15: 262144 op, 722981420.00 ns, 2.7580 us/op

// AfterActualRun
WorkloadResult   1: 262144 op, 726243176.00 ns, 2.7704 us/op
WorkloadResult   2: 262144 op, 723855393.00 ns, 2.7613 us/op
WorkloadResult   3: 262144 op, 721784789.00 ns, 2.7534 us/op
WorkloadResult   4: 262144 op, 724331549.00 ns, 2.7631 us/op
WorkloadResult   5: 262144 op, 721797647.00 ns, 2.7534 us/op
WorkloadResult   6: 262144 op, 720395686.00 ns, 2.7481 us/op
WorkloadResult   7: 262144 op, 722351043.00 ns, 2.7556 us/op
WorkloadResult   8: 262144 op, 720225153.00 ns, 2.7474 us/op
WorkloadResult   9: 262144 op, 722743584.00 ns, 2.7570 us/op
WorkloadResult  10: 262144 op, 723827408.00 ns, 2.7612 us/op
WorkloadResult  11: 262144 op, 724668179.00 ns, 2.7644 us/op
WorkloadResult  12: 262144 op, 723725448.00 ns, 2.7608 us/op
WorkloadResult  13: 262144 op, 722148004.00 ns, 2.7548 us/op
WorkloadResult  14: 262144 op, 722215078.00 ns, 2.7550 us/op
// GC:  0 0 0 16777440 262144
// Threading:  0 0 262144

// AfterAll
// Benchmark Process 3878 has exited with code 0.

Mean = 2.758 μs, StdErr = 0.002 μs (0.06%), N = 14, StdDev = 0.006 μs
Min = 2.747 μs, Q1 = 2.754 μs, Median = 2.756 μs, Q3 = 2.761 μs, Max = 2.770 μs
IQR = 0.007 μs, LowerFence = 2.743 μs, UpperFence = 2.772 μs
ConfidenceInterval = [2.750 μs; 2.765 μs] (CI 99.9%), Margin = 0.007 μs (0.26% of Mean)
Skewness = 0.18, Kurtosis = 2.19, MValue = 2

// ** Remained 38 (97.4 %) benchmark(s) to run. Estimated finish 2026-09-27 7:27 (0h 11m from now) **
// **************************
// Benchmark: SecurityBenchmarks.'AES-GCM 256-bit Decrypt (Span, Zero-Alloc)': .NET 10.0(Runtime=.NET 10.0, Toolchain=net10.0)
// *** Execute ***
// Launch: 1 / 1
// Execute: dotnet "EricksonLopez.Security.Benchmarks-.NET 10.0-1.dll" --anonymousPipes 171 172 --benchmarkName EricksonLopez.Security.Benchmarks.SecurityBenchmarks.AesGcm_Decrypt_Span --job ".NET 10.0" --benchmarkId 1 in /home/runner/work/dotnet-security/dotnet-security/benchmarks/EricksonLopez.Security.Benchmarks/bin/Release/net10.0/EricksonLopez.Security.Benchmarks-.NET 10.0-1/bin/Release/net10.0
// Failed to set up high priority (Permission denied). In order to run benchmarks with high priority, make sure you have the right permissions.
// BeforeAnythingElse

// Benchmark Process Environment Information:
// BenchmarkDotNet v0.15.8
// Runtime=.NET 10.0.12 (10.0.12, 10.0.1226.42308), X64 RyuJIT x86-64-v4
// GC=Concurrent Workstation
// HardwareIntrinsics=AVX512 BITALG+VBMI2+VNNI+VPOPCNTDQ,AVX512 IFMA+VBMI,AVX512 F+BW+CD+DQ+VL,AVX2+BMI1+BMI2+F16C+FMA+LZCNT+MOVBE,AVX,SSE3+SSSE3+SSE4.1+SSE4.2+POPCNT,X86Base+SSE+SSE2,AES+PCLMUL,AvxVnni,SERIALIZE VectorSize=256
// Job: .NET 10.0

OverheadJitting  1: 1 op, 160649.00 ns, 160.6490 us/op
WorkloadJitting  1: 1 op, 930906.00 ns, 930.9060 us/op

OverheadJitting  2: 16 op, 210520.00 ns, 13.1575 us/op
WorkloadJitting  2: 16 op, 288040.00 ns, 18.0025 us/op

WorkloadPilot    1: 16 op, 96323.00 ns, 6.0202 us/op
WorkloadPilot    2: 32 op, 120419.00 ns, 3.7631 us/op
WorkloadPilot    3: 64 op, 203930.00 ns, 3.1864 us/op
WorkloadPilot    4: 128 op, 362267.00 ns, 2.8302 us/op
WorkloadPilot    5: 256 op, 714121.00 ns, 2.7895 us/op
WorkloadPilot    6: 512 op, 1376583.00 ns, 2.6886 us/op
WorkloadPilot    7: 1024 op, 2730841.00 ns, 2.6668 us/op
WorkloadPilot    8: 2048 op, 5443249.00 ns, 2.6578 us/op
WorkloadPilot    9: 4096 op, 10551065.00 ns, 2.5759 us/op
WorkloadPilot   10: 8192 op, 19671715.00 ns, 2.4013 us/op
WorkloadPilot   11: 16384 op, 44574168.00 ns, 2.7206 us/op
WorkloadPilot   12: 32768 op, 71092866.00 ns, 2.1696 us/op
WorkloadPilot   13: 65536 op, 140763064.00 ns, 2.1479 us/op
WorkloadPilot   14: 131072 op, 253188987.00 ns, 1.9317 us/op
WorkloadPilot   15: 262144 op, 506623456.00 ns, 1.9326 us/op

OverheadWarmup   1: 262144 op, 749577.00 ns, 2.8594 ns/op
OverheadWarmup   2: 262144 op, 774596.00 ns, 2.9548 ns/op
OverheadWarmup   3: 262144 op, 759652.00 ns, 2.8978 ns/op
OverheadWarmup   4: 262144 op, 765089.00 ns, 2.9186 ns/op
OverheadWarmup   5: 262144 op, 748192.00 ns, 2.8541 ns/op

OverheadActual   1: 262144 op, 762908.00 ns, 2.9103 ns/op
OverheadActual   2: 262144 op, 778172.00 ns, 2.9685 ns/op
OverheadActual   3: 262144 op, 765749.00 ns, 2.9211 ns/op
OverheadActual   4: 262144 op, 748502.00 ns, 2.8553 ns/op
OverheadActual   5: 262144 op, 767300.00 ns, 2.9270 ns/op
OverheadActual   6: 262144 op, 757405.00 ns, 2.8893 ns/op
OverheadActual   7: 262144 op, 763150.00 ns, 2.9112 ns/op
OverheadActual   8: 262144 op, 748106.00 ns, 2.8538 ns/op
OverheadActual   9: 262144 op, 765148.00 ns, 2.9188 ns/op
OverheadActual  10: 262144 op, 773269.00 ns, 2.9498 ns/op
OverheadActual  11: 262144 op, 772726.00 ns, 2.9477 ns/op
OverheadActual  12: 262144 op, 781325.00 ns, 2.9805 ns/op
OverheadActual  13: 262144 op, 773869.00 ns, 2.9521 ns/op
OverheadActual  14: 262144 op, 783985.00 ns, 2.9907 ns/op
OverheadActual  15: 262144 op, 759692.00 ns, 2.8980 ns/op

WorkloadWarmup   1: 262144 op, 513041584.00 ns, 1.9571 us/op
WorkloadWarmup   2: 262144 op, 501690199.00 ns, 1.9138 us/op
WorkloadWarmup   3: 262144 op, 499640690.00 ns, 1.9060 us/op
WorkloadWarmup   4: 262144 op, 497172848.00 ns, 1.8966 us/op
WorkloadWarmup   5: 262144 op, 496738928.00 ns, 1.8949 us/op
WorkloadWarmup   6: 262144 op, 499121225.00 ns, 1.9040 us/op
WorkloadWarmup   7: 262144 op, 497256948.00 ns, 1.8969 us/op
WorkloadWarmup   8: 262144 op, 502841046.00 ns, 1.9182 us/op
WorkloadWarmup   9: 262144 op, 497557234.00 ns, 1.8980 us/op

// BeforeActualRun
WorkloadActual   1: 262144 op, 502718429.00 ns, 1.9177 us/op
WorkloadActual   2: 262144 op, 497516481.00 ns, 1.8979 us/op
WorkloadActual   3: 262144 op, 498665219.00 ns, 1.9023 us/op
WorkloadActual   4: 262144 op, 495685943.00 ns, 1.8909 us/op
WorkloadActual   5: 262144 op, 504481361.00 ns, 1.9244 us/op
WorkloadActual   6: 262144 op, 498814085.00 ns, 1.9028 us/op
WorkloadActual   7: 262144 op, 497559872.00 ns, 1.8980 us/op
WorkloadActual   8: 262144 op, 496700771.00 ns, 1.8948 us/op
WorkloadActual   9: 262144 op, 498454419.00 ns, 1.9015 us/op
WorkloadActual  10: 262144 op, 497315222.00 ns, 1.8971 us/op
WorkloadActual  11: 262144 op, 498179682.00 ns, 1.9004 us/op
WorkloadActual  12: 262144 op, 497675259.00 ns, 1.8985 us/op
WorkloadActual  13: 262144 op, 496854152.00 ns, 1.8953 us/op
WorkloadActual  14: 262144 op, 497194571.00 ns, 1.8966 us/op
WorkloadActual  15: 262144 op, 497122939.00 ns, 1.8964 us/op

// AfterActualRun
WorkloadResult   1: 262144 op, 496750732.00 ns, 1.8950 us/op
WorkloadResult   2: 262144 op, 497899470.00 ns, 1.8993 us/op
WorkloadResult   3: 262144 op, 494920194.00 ns, 1.8880 us/op
WorkloadResult   4: 262144 op, 498048336.00 ns, 1.8999 us/op
WorkloadResult   5: 262144 op, 496794123.00 ns, 1.8951 us/op
WorkloadResult   6: 262144 op, 495935022.00 ns, 1.8918 us/op
WorkloadResult   7: 262144 op, 497688670.00 ns, 1.8985 us/op
WorkloadResult   8: 262144 op, 496549473.00 ns, 1.8942 us/op
WorkloadResult   9: 262144 op, 497413933.00 ns, 1.8975 us/op
WorkloadResult  10: 262144 op, 496909510.00 ns, 1.8956 us/op
WorkloadResult  11: 262144 op, 496088403.00 ns, 1.8924 us/op
WorkloadResult  12: 262144 op, 496428822.00 ns, 1.8937 us/op
WorkloadResult  13: 262144 op, 496357190.00 ns, 1.8935 us/op
// GC:  0 0 0 8388832 262144
// Threading:  0 0 262144

// AfterAll
// Benchmark Process 3896 has exited with code 0.

Mean = 1.895 μs, StdErr = 0.001 μs (0.05%), N = 13, StdDev = 0.003 μs
Min = 1.888 μs, Q1 = 1.893 μs, Median = 1.895 μs, Q3 = 1.897 μs, Max = 1.900 μs
IQR = 0.004 μs, LowerFence = 1.887 μs, UpperFence = 1.904 μs
ConfidenceInterval = [1.891 μs; 1.899 μs] (CI 99.9%), Margin = 0.004 μs (0.21% of Mean)
Skewness = -0.27, Kurtosis = 2.33, MValue = 2

// ** Remained 37 (94.9 %) benchmark(s) to run. Estimated finish 2026-09-27 7:25 (0h 10m from now) **
// **************************
// Benchmark: SecurityBenchmarks.'AES-GCM Parallel Concurrent Throughput (100 ops)': .NET 10.0(Runtime=.NET 10.0, Toolchain=net10.0)
// *** Execute ***
// Launch: 1 / 1
// Execute: dotnet "EricksonLopez.Security.Benchmarks-.NET 10.0-1.dll" --anonymousPipes 171 172 --benchmarkName EricksonLopez.Security.Benchmarks.SecurityBenchmarks.AesGcm_Concurrent_Throughput --job ".NET 10.0" --benchmarkId 2 in /home/runner/work/dotnet-security/dotnet-security/benchmarks/EricksonLopez.Security.Benchmarks/bin/Release/net10.0/EricksonLopez.Security.Benchmarks-.NET 10.0-1/bin/Release/net10.0
// Failed to set up high priority (Permission denied). In order to run benchmarks with high priority, make sure you have the right permissions.
// BeforeAnythingElse

// Benchmark Process Environment Information:
// BenchmarkDotNet v0.15.8
// Runtime=.NET 10.0.12 (10.0.12, 10.0.1226.42308), X64 RyuJIT x86-64-v4
// GC=Concurrent Workstation
// HardwareIntrinsics=AVX512 BITALG+VBMI2+VNNI+VPOPCNTDQ,AVX512 IFMA+VBMI,AVX512 F+BW+CD+DQ+VL,AVX2+BMI1+BMI2+F16C+FMA+LZCNT+MOVBE,AVX,SSE3+SSSE3+SSE4.1+SSE4.2+POPCNT,X86Base+SSE+SSE2,AES+PCLMUL,AvxVnni,SERIALIZE VectorSize=256
// Job: .NET 10.0

OverheadJitting  1: 1 op, 157949.00 ns, 157.9490 us/op
WorkloadJitting  1: 1 op, 5293543.00 ns, 5.2935 ms/op

OverheadJitting  2: 16 op, 218404.00 ns, 13.6503 us/op
WorkloadJitting  2: 16 op, 5234836.00 ns, 327.1773 us/op

WorkloadPilot    1: 16 op, 4422547.00 ns, 276.4092 us/op
WorkloadPilot    2: 32 op, 8862632.00 ns, 276.9573 us/op
WorkloadPilot    3: 64 op, 11770319.00 ns, 183.9112 us/op
WorkloadPilot    4: 128 op, 24730440.00 ns, 193.2066 us/op
WorkloadPilot    5: 256 op, 46451458.00 ns, 181.4510 us/op
WorkloadPilot    6: 512 op, 93841563.00 ns, 183.2843 us/op
WorkloadPilot    7: 1024 op, 192159487.00 ns, 187.6557 us/op
WorkloadPilot    8: 2048 op, 395921100.00 ns, 193.3208 us/op
WorkloadPilot    9: 4096 op, 691656004.00 ns, 168.8613 us/op

OverheadWarmup   1: 4096 op, 14046.00 ns, 3.4292 ns/op
OverheadWarmup   2: 4096 op, 12370.00 ns, 3.0200 ns/op
OverheadWarmup   3: 4096 op, 14321.00 ns, 3.4963 ns/op
OverheadWarmup   4: 4096 op, 13629.00 ns, 3.3274 ns/op
OverheadWarmup   5: 4096 op, 13580.00 ns, 3.3154 ns/op
OverheadWarmup   6: 4096 op, 13449.00 ns, 3.2834 ns/op
OverheadWarmup   7: 4096 op, 13529.00 ns, 3.3030 ns/op
OverheadWarmup   8: 4096 op, 24989.00 ns, 6.1008 ns/op
OverheadWarmup   9: 4096 op, 13457.00 ns, 3.2854 ns/op

OverheadActual   1: 4096 op, 12485.00 ns, 3.0481 ns/op
OverheadActual   2: 4096 op, 12464.00 ns, 3.0430 ns/op
OverheadActual   3: 4096 op, 12448.00 ns, 3.0391 ns/op
OverheadActual   4: 4096 op, 13637.00 ns, 3.3293 ns/op
OverheadActual   5: 4096 op, 12422.00 ns, 3.0327 ns/op
OverheadActual   6: 4096 op, 12265.00 ns, 2.9944 ns/op
OverheadActual   7: 4096 op, 12273.00 ns, 2.9963 ns/op
OverheadActual   8: 4096 op, 12859.00 ns, 3.1394 ns/op
OverheadActual   9: 4096 op, 12239.00 ns, 2.9880 ns/op
OverheadActual  10: 4096 op, 12282.00 ns, 2.9985 ns/op
OverheadActual  11: 4096 op, 12278.00 ns, 2.9976 ns/op
OverheadActual  12: 4096 op, 12290.00 ns, 3.0005 ns/op
OverheadActual  13: 4096 op, 12381.00 ns, 3.0227 ns/op
OverheadActual  14: 4096 op, 12329.00 ns, 3.0100 ns/op
OverheadActual  15: 4096 op, 12371.00 ns, 3.0203 ns/op

WorkloadWarmup   1: 4096 op, 650685122.00 ns, 158.8587 us/op
WorkloadWarmup   2: 4096 op, 620819694.00 ns, 151.5673 us/op
WorkloadWarmup   3: 4096 op, 628869362.00 ns, 153.5326 us/op
WorkloadWarmup   4: 4096 op, 642574674.00 ns, 156.8786 us/op
WorkloadWarmup   5: 4096 op, 621167750.00 ns, 151.6523 us/op
WorkloadWarmup   6: 4096 op, 616744759.00 ns, 150.5725 us/op
WorkloadWarmup   7: 4096 op, 624721675.00 ns, 152.5199 us/op
WorkloadWarmup   8: 4096 op, 626733929.00 ns, 153.0112 us/op
WorkloadWarmup   9: 4096 op, 626528579.00 ns, 152.9611 us/op

// BeforeActualRun
WorkloadActual   1: 4096 op, 631107959.00 ns, 154.0791 us/op
WorkloadActual   2: 4096 op, 619707245.00 ns, 151.2957 us/op
WorkloadActual   3: 4096 op, 623589454.00 ns, 152.2435 us/op
WorkloadActual   4: 4096 op, 627425614.00 ns, 153.1801 us/op
WorkloadActual   5: 4096 op, 626609576.00 ns, 152.9809 us/op
WorkloadActual   6: 4096 op, 618058113.00 ns, 150.8931 us/op
WorkloadActual   7: 4096 op, 637075968.00 ns, 155.5361 us/op
WorkloadActual   8: 4096 op, 624231566.00 ns, 152.4003 us/op
WorkloadActual   9: 4096 op, 630700340.00 ns, 153.9796 us/op
WorkloadActual  10: 4096 op, 625816467.00 ns, 152.7872 us/op
WorkloadActual  11: 4096 op, 633872232.00 ns, 154.7540 us/op
WorkloadActual  12: 4096 op, 635348450.00 ns, 155.1144 us/op
WorkloadActual  13: 4096 op, 628364621.00 ns, 153.4093 us/op
WorkloadActual  14: 4096 op, 625984082.00 ns, 152.8281 us/op
WorkloadActual  15: 4096 op, 622606787.00 ns, 152.0036 us/op

// AfterActualRun
WorkloadResult   1: 4096 op, 631095588.00 ns, 154.0761 us/op
WorkloadResult   2: 4096 op, 619694874.00 ns, 151.2927 us/op
WorkloadResult   3: 4096 op, 623577083.00 ns, 152.2405 us/op
WorkloadResult   4: 4096 op, 627413243.00 ns, 153.1771 us/op
WorkloadResult   5: 4096 op, 626597205.00 ns, 152.9778 us/op
WorkloadResult   6: 4096 op, 618045742.00 ns, 150.8901 us/op
WorkloadResult   7: 4096 op, 637063597.00 ns, 155.5331 us/op
WorkloadResult   8: 4096 op, 624219195.00 ns, 152.3973 us/op
WorkloadResult   9: 4096 op, 630687969.00 ns, 153.9766 us/op
WorkloadResult  10: 4096 op, 625804096.00 ns, 152.7842 us/op
WorkloadResult  11: 4096 op, 633859861.00 ns, 154.7509 us/op
WorkloadResult  12: 4096 op, 635336079.00 ns, 155.1113 us/op
WorkloadResult  13: 4096 op, 628352250.00 ns, 153.4063 us/op
WorkloadResult  14: 4096 op, 625971711.00 ns, 152.8251 us/op
WorkloadResult  15: 4096 op, 622594416.00 ns, 152.0006 us/op
// GC:  0 0 0 35347976 4096
// Threading:  16676 3 4096

// AfterAll
// Benchmark Process 3909 has exited with code 0.

Mean = 153.163 μs, StdErr = 0.347 μs (0.23%), N = 15, StdDev = 1.343 μs
Min = 150.890 μs, Q1 = 152.319 μs, Median = 152.978 μs, Q3 = 154.026 μs, Max = 155.533 μs
IQR = 1.707 μs, LowerFence = 149.758 μs, UpperFence = 156.587 μs
ConfidenceInterval = [151.727 μs; 154.598 μs] (CI 99.9%), Margin = 1.435 μs (0.94% of Mean)
Skewness = 0.13, Kurtosis = 1.96, MValue = 2

// ** Remained 36 (92.3 %) benchmark(s) to run. Estimated finish 2026-09-27 7:26 (0h 10m from now) **
// **************************
// Benchmark: SecurityBenchmarks.'PBKDF2-SHA512 Password Hash (10k iters)': .NET 10.0(Runtime=.NET 10.0, Toolchain=net10.0)
// *** Execute ***
// Launch: 1 / 1
// Execute: dotnet "EricksonLopez.Security.Benchmarks-.NET 10.0-1.dll" --anonymousPipes 171 172 --benchmarkName EricksonLopez.Security.Benchmarks.SecurityBenchmarks.Pbkdf2_HashPassword --job ".NET 10.0" --benchmarkId 3 in /home/runner/work/dotnet-security/dotnet-security/benchmarks/EricksonLopez.Security.Benchmarks/bin/Release/net10.0/EricksonLopez.Security.Benchmarks-.NET 10.0-1/bin/Release/net10.0
// Failed to set up high priority (Permission denied). In order to run benchmarks with high priority, make sure you have the right permissions.
// BeforeAnythingElse

// Benchmark Process Environment Information:
// BenchmarkDotNet v0.15.8
// Runtime=.NET 10.0.12 (10.0.12, 10.0.1226.42308), X64 RyuJIT x86-64-v4
// GC=Concurrent Workstation
// HardwareIntrinsics=AVX512 BITALG+VBMI2+VNNI+VPOPCNTDQ,AVX512 IFMA+VBMI,AVX512 F+BW+CD+DQ+VL,AVX2+BMI1+BMI2+F16C+FMA+LZCNT+MOVBE,AVX,SSE3+SSSE3+SSE4.1+SSE4.2+POPCNT,X86Base+SSE+SSE2,AES+PCLMUL,AvxVnni,SERIALIZE VectorSize=256
// Job: .NET 10.0

OverheadJitting  1: 1 op, 195409.00 ns, 195.4090 us/op
WorkloadJitting  1: 1 op, 6083197.00 ns, 6.0832 ms/op

OverheadJitting  2: 16 op, 393550.00 ns, 24.5969 us/op
WorkloadJitting  2: 16 op, 92263513.00 ns, 5.7665 ms/op

WorkloadPilot    1: 16 op, 92177819.00 ns, 5.7611 ms/op
WorkloadPilot    2: 32 op, 183950218.00 ns, 5.7484 ms/op
WorkloadPilot    3: 64 op, 367976380.00 ns, 5.7496 ms/op
WorkloadPilot    4: 128 op, 750295469.00 ns, 5.8617 ms/op

OverheadWarmup   1: 128 op, 3110.00 ns, 24.2969 ns/op
OverheadWarmup   2: 128 op, 2676.00 ns, 20.9063 ns/op
OverheadWarmup   3: 128 op, 2355.00 ns, 18.3984 ns/op
OverheadWarmup   4: 128 op, 2393.00 ns, 18.6953 ns/op
OverheadWarmup   5: 128 op, 2610.00 ns, 20.3906 ns/op
OverheadWarmup   6: 128 op, 2527.00 ns, 19.7422 ns/op
OverheadWarmup   7: 128 op, 2467.00 ns, 19.2734 ns/op
OverheadWarmup   8: 128 op, 2658.00 ns, 20.7656 ns/op
OverheadWarmup   9: 128 op, 2534.00 ns, 19.7969 ns/op

OverheadActual   1: 128 op, 3216.00 ns, 25.1250 ns/op
OverheadActual   2: 128 op, 3443.00 ns, 26.8984 ns/op
OverheadActual   3: 128 op, 2991.00 ns, 23.3672 ns/op
OverheadActual   4: 128 op, 2988.00 ns, 23.3438 ns/op
OverheadActual   5: 128 op, 2806.00 ns, 21.9219 ns/op
OverheadActual   6: 128 op, 2481.00 ns, 19.3828 ns/op
OverheadActual   7: 128 op, 2662.00 ns, 20.7969 ns/op
OverheadActual   8: 128 op, 2820.00 ns, 22.0313 ns/op
OverheadActual   9: 128 op, 2595.00 ns, 20.2734 ns/op
OverheadActual  10: 128 op, 2754.00 ns, 21.5156 ns/op
OverheadActual  11: 128 op, 1114.00 ns, 8.7031 ns/op
OverheadActual  12: 128 op, 2886.00 ns, 22.5469 ns/op
OverheadActual  13: 128 op, 2704.00 ns, 21.1250 ns/op
OverheadActual  14: 128 op, 2643.00 ns, 20.6484 ns/op
OverheadActual  15: 128 op, 2717.00 ns, 21.2266 ns/op
OverheadActual  16: 128 op, 2453.00 ns, 19.1641 ns/op
OverheadActual  17: 128 op, 2531.00 ns, 19.7734 ns/op
OverheadActual  18: 128 op, 2697.00 ns, 21.0703 ns/op
OverheadActual  19: 128 op, 2609.00 ns, 20.3828 ns/op
OverheadActual  20: 128 op, 2430.00 ns, 18.9844 ns/op

WorkloadWarmup   1: 128 op, 732663400.00 ns, 5.7239 ms/op
WorkloadWarmup   2: 128 op, 732104361.00 ns, 5.7196 ms/op
WorkloadWarmup   3: 128 op, 734757978.00 ns, 5.7403 ms/op
WorkloadWarmup   4: 128 op, 735167729.00 ns, 5.7435 ms/op
WorkloadWarmup   5: 128 op, 734082797.00 ns, 5.7350 ms/op
WorkloadWarmup   6: 128 op, 731603128.00 ns, 5.7156 ms/op
WorkloadWarmup   7: 128 op, 740328963.00 ns, 5.7838 ms/op
WorkloadWarmup   8: 128 op, 732720288.00 ns, 5.7244 ms/op

// BeforeActualRun
WorkloadActual   1: 128 op, 734207485.00 ns, 5.7360 ms/op
WorkloadActual   2: 128 op, 731838604.00 ns, 5.7175 ms/op
WorkloadActual   3: 128 op, 734431758.00 ns, 5.7377 ms/op
WorkloadActual   4: 128 op, 730718363.00 ns, 5.7087 ms/op
WorkloadActual   5: 128 op, 730855221.00 ns, 5.7098 ms/op
WorkloadActual   6: 128 op, 732748129.00 ns, 5.7246 ms/op
WorkloadActual   7: 128 op, 732181618.00 ns, 5.7202 ms/op
WorkloadActual   8: 128 op, 734907020.00 ns, 5.7415 ms/op
WorkloadActual   9: 128 op, 733034797.00 ns, 5.7268 ms/op
WorkloadActual  10: 128 op, 732804298.00 ns, 5.7250 ms/op
WorkloadActual  11: 128 op, 734170725.00 ns, 5.7357 ms/op
WorkloadActual  12: 128 op, 735122154.00 ns, 5.7431 ms/op
WorkloadActual  13: 128 op, 732861886.00 ns, 5.7255 ms/op
WorkloadActual  14: 128 op, 734115406.00 ns, 5.7353 ms/op
WorkloadActual  15: 128 op, 733605104.00 ns, 5.7313 ms/op

// AfterActualRun
WorkloadResult   1: 128 op, 734204784.50 ns, 5.7360 ms/op
WorkloadResult   2: 128 op, 731835903.50 ns, 5.7175 ms/op
WorkloadResult   3: 128 op, 734429057.50 ns, 5.7377 ms/op
WorkloadResult   4: 128 op, 730715662.50 ns, 5.7087 ms/op
WorkloadResult   5: 128 op, 730852520.50 ns, 5.7098 ms/op
WorkloadResult   6: 128 op, 732745428.50 ns, 5.7246 ms/op
WorkloadResult   7: 128 op, 732178917.50 ns, 5.7201 ms/op
WorkloadResult   8: 128 op, 734904319.50 ns, 5.7414 ms/op
WorkloadResult   9: 128 op, 733032096.50 ns, 5.7268 ms/op
WorkloadResult  10: 128 op, 732801597.50 ns, 5.7250 ms/op
WorkloadResult  11: 128 op, 734168024.50 ns, 5.7357 ms/op
WorkloadResult  12: 128 op, 735119453.50 ns, 5.7431 ms/op
WorkloadResult  13: 128 op, 732859185.50 ns, 5.7255 ms/op
WorkloadResult  14: 128 op, 734112705.50 ns, 5.7353 ms/op
WorkloadResult  15: 128 op, 733602403.50 ns, 5.7313 ms/op
// GC:  0 0 0 59392 128
// Threading:  0 0 128

// AfterAll
// Benchmark Process 3930 has exited with code 0.

Mean = 5.728 ms, StdErr = 0.003 ms (0.05%), N = 15, StdDev = 0.011 ms
Min = 5.709 ms, Q1 = 5.722 ms, Median = 5.727 ms, Q3 = 5.736 ms, Max = 5.743 ms
IQR = 0.013 ms, LowerFence = 5.702 ms, UpperFence = 5.756 ms
ConfidenceInterval = [5.716 ms; 5.739 ms] (CI 99.9%), Margin = 0.011 ms (0.20% of Mean)
Skewness = -0.34, Kurtosis = 1.88, MValue = 2

// ** Remained 35 (89.7 %) benchmark(s) to run. Estimated finish 2026-09-27 7:26 (0h 10m from now) **
// **************************
// Benchmark: SecurityBenchmarks.'PBKDF2-SHA512 Password Hash (600K iters — PRODUCTION COST)': .NET 10.0(Runtime=.NET 10.0, Toolchain=net10.0)
// *** Execute ***
// Launch: 1 / 1
// Execute: dotnet "EricksonLopez.Security.Benchmarks-.NET 10.0-1.dll" --anonymousPipes 171 172 --benchmarkName EricksonLopez.Security.Benchmarks.SecurityBenchmarks.Pbkdf2_HashPassword_Production --job ".NET 10.0" --benchmarkId 4 in /home/runner/work/dotnet-security/dotnet-security/benchmarks/EricksonLopez.Security.Benchmarks/bin/Release/net10.0/EricksonLopez.Security.Benchmarks-.NET 10.0-1/bin/Release/net10.0
// Failed to set up high priority (Permission denied). In order to run benchmarks with high priority, make sure you have the right permissions.
// BeforeAnythingElse

// Benchmark Process Environment Information:
// BenchmarkDotNet v0.15.8
// Runtime=.NET 10.0.12 (10.0.12, 10.0.1226.42308), X64 RyuJIT x86-64-v4
// GC=Concurrent Workstation
// HardwareIntrinsics=AVX512 BITALG+VBMI2+VNNI+VPOPCNTDQ,AVX512 IFMA+VBMI,AVX512 F+BW+CD+DQ+VL,AVX2+BMI1+BMI2+F16C+FMA+LZCNT+MOVBE,AVX,SSE3+SSSE3+SSE4.1+SSE4.2+POPCNT,X86Base+SSE+SSE2,AES+PCLMUL,AvxVnni,SERIALIZE VectorSize=256
// Job: .NET 10.0

OverheadJitting  1: 1 op, 198444.00 ns, 198.4440 us/op
WorkloadJitting  1: 1 op, 343257808.00 ns, 343.2578 ms/op

OverheadJitting  2: 1 op, 537.00 ns, 537.0000 ns/op
WorkloadJitting  2: 1 op, 342711504.00 ns, 342.7115 ms/op

WorkloadWarmup   1: 1 op, 343262999.00 ns, 343.2630 ms/op
WorkloadWarmup   2: 1 op, 343186979.00 ns, 343.1870 ms/op
WorkloadWarmup   3: 1 op, 341764281.00 ns, 341.7643 ms/op
WorkloadWarmup   4: 1 op, 342106285.00 ns, 342.1063 ms/op
WorkloadWarmup   5: 1 op, 342675617.00 ns, 342.6756 ms/op
WorkloadWarmup   6: 1 op, 343942403.00 ns, 343.9424 ms/op
WorkloadWarmup   7: 1 op, 342527586.00 ns, 342.5276 ms/op
WorkloadWarmup   8: 1 op, 343089503.00 ns, 343.0895 ms/op
WorkloadWarmup   9: 1 op, 342477630.00 ns, 342.4776 ms/op

// BeforeActualRun
WorkloadActual   1: 1 op, 342187691.00 ns, 342.1877 ms/op
WorkloadActual   2: 1 op, 342580767.00 ns, 342.5808 ms/op
WorkloadActual   3: 1 op, 345302714.00 ns, 345.3027 ms/op
WorkloadActual   4: 1 op, 354138371.00 ns, 354.1384 ms/op
WorkloadActual   5: 1 op, 343851209.00 ns, 343.8512 ms/op
WorkloadActual   6: 1 op, 342935959.00 ns, 342.9360 ms/op
WorkloadActual   7: 1 op, 342975471.00 ns, 342.9755 ms/op
WorkloadActual   8: 1 op, 342075678.00 ns, 342.0757 ms/op
WorkloadActual   9: 1 op, 342078378.00 ns, 342.0784 ms/op
WorkloadActual  10: 1 op, 343110856.00 ns, 343.1109 ms/op
WorkloadActual  11: 1 op, 342552172.00 ns, 342.5522 ms/op
WorkloadActual  12: 1 op, 343131366.00 ns, 343.1314 ms/op
WorkloadActual  13: 1 op, 342779892.00 ns, 342.7799 ms/op
WorkloadActual  14: 1 op, 343084223.00 ns, 343.0842 ms/op
WorkloadActual  15: 1 op, 342027106.00 ns, 342.0271 ms/op

// AfterActualRun
WorkloadResult   1: 1 op, 342187691.00 ns, 342.1877 ms/op
WorkloadResult   2: 1 op, 342580767.00 ns, 342.5808 ms/op
WorkloadResult   3: 1 op, 343851209.00 ns, 343.8512 ms/op
WorkloadResult   4: 1 op, 342935959.00 ns, 342.9360 ms/op
WorkloadResult   5: 1 op, 342975471.00 ns, 342.9755 ms/op
WorkloadResult   6: 1 op, 342075678.00 ns, 342.0757 ms/op
WorkloadResult   7: 1 op, 342078378.00 ns, 342.0784 ms/op
WorkloadResult   8: 1 op, 343110856.00 ns, 343.1109 ms/op
WorkloadResult   9: 1 op, 342552172.00 ns, 342.5522 ms/op
WorkloadResult  10: 1 op, 343131366.00 ns, 343.1314 ms/op
WorkloadResult  11: 1 op, 342779892.00 ns, 342.7799 ms/op
WorkloadResult  12: 1 op, 343084223.00 ns, 343.0842 ms/op
WorkloadResult  13: 1 op, 342027106.00 ns, 342.0271 ms/op
// GC:  0 0 0 504 1
// Threading:  0 0 1

// AfterAll
// Benchmark Process 3945 has exited with code 0.

Mean = 342.721 ms, StdErr = 0.150 ms (0.04%), N = 13, StdDev = 0.539 ms
Min = 342.027 ms, Q1 = 342.188 ms, Median = 342.780 ms, Q3 = 343.084 ms, Max = 343.851 ms
IQR = 0.897 ms, LowerFence = 340.843 ms, UpperFence = 344.429 ms
ConfidenceInterval = [342.075 ms; 343.366 ms] (CI 99.9%), Margin = 0.646 ms (0.19% of Mean)
Skewness = 0.3, Kurtosis = 2.15, MValue = 2

// ** Remained 34 (87.2 %) benchmark(s) to run. Estimated finish 2026-09-27 7:25 (0h 8m from now) **
// **************************
// Benchmark: SecurityBenchmarks.'LegacyPbkdf2 Password Hash (Fast Config)': .NET 10.0(Runtime=.NET 10.0, Toolchain=net10.0)
// *** Execute ***
// Launch: 1 / 1
// Execute: dotnet "EricksonLopez.Security.Benchmarks-.NET 10.0-1.dll" --anonymousPipes 171 172 --benchmarkName EricksonLopez.Security.Benchmarks.SecurityBenchmarks.LegacyPbkdf2_HashPassword --job ".NET 10.0" --benchmarkId 5 in /home/runner/work/dotnet-security/dotnet-security/benchmarks/EricksonLopez.Security.Benchmarks/bin/Release/net10.0/EricksonLopez.Security.Benchmarks-.NET 10.0-1/bin/Release/net10.0
// Failed to set up high priority (Permission denied). In order to run benchmarks with high priority, make sure you have the right permissions.
// BeforeAnythingElse

// Benchmark Process Environment Information:
// BenchmarkDotNet v0.15.8
// Runtime=.NET 10.0.12 (10.0.12, 10.0.1226.42308), X64 RyuJIT x86-64-v4
// GC=Concurrent Workstation
// HardwareIntrinsics=AVX512 BITALG+VBMI2+VNNI+VPOPCNTDQ,AVX512 IFMA+VBMI,AVX512 F+BW+CD+DQ+VL,AVX2+BMI1+BMI2+F16C+FMA+LZCNT+MOVBE,AVX,SSE3+SSSE3+SSE4.1+SSE4.2+POPCNT,X86Base+SSE+SSE2,AES+PCLMUL,AvxVnni,SERIALIZE VectorSize=256
// Job: .NET 10.0

OverheadJitting  1: 1 op, 195350.00 ns, 195.3500 us/op
WorkloadJitting  1: 1 op, 40735771.00 ns, 40.7358 ms/op

WorkloadPilot    1: 2 op, 80562494.00 ns, 40.2812 ms/op
WorkloadPilot    2: 3 op, 120105186.00 ns, 40.0351 ms/op
WorkloadPilot    3: 4 op, 160530113.00 ns, 40.1325 ms/op
WorkloadPilot    4: 5 op, 201003621.00 ns, 40.2007 ms/op
WorkloadPilot    5: 6 op, 241633090.00 ns, 40.2722 ms/op
WorkloadPilot    6: 7 op, 283381076.00 ns, 40.4830 ms/op
WorkloadPilot    7: 8 op, 319630829.00 ns, 39.9539 ms/op
WorkloadPilot    8: 9 op, 360762331.00 ns, 40.0847 ms/op
WorkloadPilot    9: 10 op, 401618819.00 ns, 40.1619 ms/op
WorkloadPilot   10: 11 op, 440588282.00 ns, 40.0535 ms/op
WorkloadPilot   11: 12 op, 480981262.00 ns, 40.0818 ms/op
WorkloadPilot   12: 13 op, 520807080.00 ns, 40.0621 ms/op

WorkloadWarmup   1: 13 op, 519789185.00 ns, 39.9838 ms/op
WorkloadWarmup   2: 13 op, 520188268.00 ns, 40.0145 ms/op
WorkloadWarmup   3: 13 op, 520636004.00 ns, 40.0489 ms/op
WorkloadWarmup   4: 13 op, 522012814.00 ns, 40.1548 ms/op
WorkloadWarmup   5: 13 op, 520384400.00 ns, 40.0296 ms/op
WorkloadWarmup   6: 13 op, 519025831.00 ns, 39.9251 ms/op
WorkloadWarmup   7: 13 op, 546335853.00 ns, 42.0258 ms/op
WorkloadWarmup   8: 13 op, 519681812.00 ns, 39.9755 ms/op

// BeforeActualRun
WorkloadActual   1: 13 op, 525566328.00 ns, 40.4282 ms/op
WorkloadActual   2: 13 op, 520806608.00 ns, 40.0620 ms/op
WorkloadActual   3: 13 op, 519239364.00 ns, 39.9415 ms/op
WorkloadActual   4: 13 op, 520678845.00 ns, 40.0522 ms/op
WorkloadActual   5: 13 op, 530980993.00 ns, 40.8447 ms/op
WorkloadActual   6: 13 op, 521915133.00 ns, 40.1473 ms/op
WorkloadActual   7: 13 op, 549735355.00 ns, 42.2873 ms/op
WorkloadActual   8: 13 op, 524002556.00 ns, 40.3079 ms/op
WorkloadActual   9: 13 op, 522595002.00 ns, 40.1996 ms/op
WorkloadActual  10: 13 op, 519924346.00 ns, 39.9942 ms/op
WorkloadActual  11: 13 op, 523065407.00 ns, 40.2358 ms/op
WorkloadActual  12: 13 op, 541008416.00 ns, 41.6160 ms/op
WorkloadActual  13: 13 op, 521609393.00 ns, 40.1238 ms/op
WorkloadActual  14: 13 op, 519845256.00 ns, 39.9881 ms/op
WorkloadActual  15: 13 op, 524373091.00 ns, 40.3364 ms/op

// AfterActualRun
WorkloadResult   1: 13 op, 525566328.00 ns, 40.4282 ms/op
WorkloadResult   2: 13 op, 520806608.00 ns, 40.0620 ms/op
WorkloadResult   3: 13 op, 519239364.00 ns, 39.9415 ms/op
WorkloadResult   4: 13 op, 520678845.00 ns, 40.0522 ms/op
WorkloadResult   5: 13 op, 530980993.00 ns, 40.8447 ms/op
WorkloadResult   6: 13 op, 521915133.00 ns, 40.1473 ms/op
WorkloadResult   7: 13 op, 524002556.00 ns, 40.3079 ms/op
WorkloadResult   8: 13 op, 522595002.00 ns, 40.1996 ms/op
WorkloadResult   9: 13 op, 519924346.00 ns, 39.9942 ms/op
WorkloadResult  10: 13 op, 523065407.00 ns, 40.2358 ms/op
WorkloadResult  11: 13 op, 521609393.00 ns, 40.1238 ms/op
WorkloadResult  12: 13 op, 519845256.00 ns, 39.9881 ms/op
WorkloadResult  13: 13 op, 524373091.00 ns, 40.3364 ms/op
// GC:  0 0 0 5408 13
// Threading:  0 0 13

// AfterAll
// Benchmark Process 3958 has exited with code 0.

Mean = 40.205 ms, StdErr = 0.067 ms (0.17%), N = 13, StdDev = 0.242 ms
Min = 39.941 ms, Q1 = 40.052 ms, Median = 40.147 ms, Q3 = 40.308 ms, Max = 40.845 ms
IQR = 0.256 ms, LowerFence = 39.669 ms, UpperFence = 40.691 ms
ConfidenceInterval = [39.915 ms; 40.494 ms] (CI 99.9%), Margin = 0.290 ms (0.72% of Mean)
Skewness = 1.26, Kurtosis = 4.05, MValue = 2

// ** Remained 33 (84.6 %) benchmark(s) to run. Estimated finish 2026-09-27 7:25 (0h 8m from now) **
// **************************
// Benchmark: SecurityBenchmarks.'CompositePasswordHasher Verify & Rehash Check': .NET 10.0(Runtime=.NET 10.0, Toolchain=net10.0)
// *** Execute ***
// Launch: 1 / 1
// Execute: dotnet "EricksonLopez.Security.Benchmarks-.NET 10.0-1.dll" --anonymousPipes 171 172 --benchmarkName EricksonLopez.Security.Benchmarks.SecurityBenchmarks.Composite_VerifyPassword --job ".NET 10.0" --benchmarkId 6 in /home/runner/work/dotnet-security/dotnet-security/benchmarks/EricksonLopez.Security.Benchmarks/bin/Release/net10.0/EricksonLopez.Security.Benchmarks-.NET 10.0-1/bin/Release/net10.0
// Failed to set up high priority (Permission denied). In order to run benchmarks with high priority, make sure you have the right permissions.
// BeforeAnythingElse

// Benchmark Process Environment Information:
// BenchmarkDotNet v0.15.8
// Runtime=.NET 10.0.12 (10.0.12, 10.0.1226.42308), X64 RyuJIT x86-64-v4
// GC=Concurrent Workstation
// HardwareIntrinsics=AVX512 BITALG+VBMI2+VNNI+VPOPCNTDQ,AVX512 IFMA+VBMI,AVX512 F+BW+CD+DQ+VL,AVX2+BMI1+BMI2+F16C+FMA+LZCNT+MOVBE,AVX,SSE3+SSSE3+SSE4.1+SSE4.2+POPCNT,X86Base+SSE+SSE2,AES+PCLMUL,AvxVnni,SERIALIZE VectorSize=256
// Job: .NET 10.0

OverheadJitting  1: 1 op, 181103.00 ns, 181.1030 us/op
WorkloadJitting  1: 1 op, 9602451.00 ns, 9.6025 ms/op

OverheadJitting  2: 16 op, 209291.00 ns, 13.0807 us/op
WorkloadJitting  2: 16 op, 91916384.00 ns, 5.7448 ms/op

WorkloadPilot    1: 16 op, 93672107.00 ns, 5.8545 ms/op
WorkloadPilot    2: 32 op, 183490949.00 ns, 5.7341 ms/op
WorkloadPilot    3: 64 op, 367139441.00 ns, 5.7366 ms/op
WorkloadPilot    4: 128 op, 734343187.00 ns, 5.7371 ms/op

OverheadWarmup   1: 128 op, 2780.00 ns, 21.7188 ns/op
OverheadWarmup   2: 128 op, 872.00 ns, 6.8125 ns/op
OverheadWarmup   3: 128 op, 745.00 ns, 5.8203 ns/op
OverheadWarmup   4: 128 op, 776.00 ns, 6.0625 ns/op
OverheadWarmup   5: 128 op, 780.00 ns, 6.0938 ns/op
OverheadWarmup   6: 128 op, 690.00 ns, 5.3906 ns/op
OverheadWarmup   7: 128 op, 743.00 ns, 5.8047 ns/op
OverheadWarmup   8: 128 op, 691.00 ns, 5.3984 ns/op

OverheadActual   1: 128 op, 2978.00 ns, 23.2656 ns/op
OverheadActual   2: 128 op, 2781.00 ns, 21.7266 ns/op
OverheadActual   3: 128 op, 2701.00 ns, 21.1016 ns/op
OverheadActual   4: 128 op, 2367.00 ns, 18.4922 ns/op
OverheadActual   5: 128 op, 2670.00 ns, 20.8594 ns/op
OverheadActual   6: 128 op, 798.00 ns, 6.2344 ns/op
OverheadActual   7: 128 op, 742.00 ns, 5.7969 ns/op
OverheadActual   8: 128 op, 789.00 ns, 6.1641 ns/op
OverheadActual   9: 128 op, 742.00 ns, 5.7969 ns/op
OverheadActual  10: 128 op, 803.00 ns, 6.2734 ns/op
OverheadActual  11: 128 op, 810.00 ns, 6.3281 ns/op
OverheadActual  12: 128 op, 713.00 ns, 5.5703 ns/op
OverheadActual  13: 128 op, 867.00 ns, 6.7734 ns/op
OverheadActual  14: 128 op, 801.00 ns, 6.2578 ns/op
OverheadActual  15: 128 op, 827.00 ns, 6.4609 ns/op
OverheadActual  16: 128 op, 816.00 ns, 6.3750 ns/op
OverheadActual  17: 128 op, 807.00 ns, 6.3047 ns/op
OverheadActual  18: 128 op, 2601.00 ns, 20.3203 ns/op
OverheadActual  19: 128 op, 797.00 ns, 6.2266 ns/op
OverheadActual  20: 128 op, 730.00 ns, 5.7031 ns/op

WorkloadWarmup   1: 128 op, 731952328.00 ns, 5.7184 ms/op
WorkloadWarmup   2: 128 op, 735767848.00 ns, 5.7482 ms/op
WorkloadWarmup   3: 128 op, 731809779.00 ns, 5.7173 ms/op
WorkloadWarmup   4: 128 op, 732369700.00 ns, 5.7216 ms/op
WorkloadWarmup   5: 128 op, 732862750.00 ns, 5.7255 ms/op
WorkloadWarmup   6: 128 op, 733117615.00 ns, 5.7275 ms/op
WorkloadWarmup   7: 128 op, 732539763.00 ns, 5.7230 ms/op

// BeforeActualRun
WorkloadActual   1: 128 op, 731195456.00 ns, 5.7125 ms/op
WorkloadActual   2: 128 op, 733538156.00 ns, 5.7308 ms/op
WorkloadActual   3: 128 op, 732105082.00 ns, 5.7196 ms/op
WorkloadActual   4: 128 op, 732774382.00 ns, 5.7248 ms/op
WorkloadActual   5: 128 op, 730971933.00 ns, 5.7107 ms/op
WorkloadActual   6: 128 op, 731906537.00 ns, 5.7180 ms/op
WorkloadActual   7: 128 op, 732763302.00 ns, 5.7247 ms/op
WorkloadActual   8: 128 op, 732989691.00 ns, 5.7265 ms/op
WorkloadActual   9: 128 op, 732259816.00 ns, 5.7208 ms/op
WorkloadActual  10: 128 op, 733849495.00 ns, 5.7332 ms/op
WorkloadActual  11: 128 op, 733115358.00 ns, 5.7275 ms/op
WorkloadActual  12: 128 op, 734934887.00 ns, 5.7417 ms/op
WorkloadActual  13: 128 op, 731822479.00 ns, 5.7174 ms/op
WorkloadActual  14: 128 op, 731463936.00 ns, 5.7146 ms/op
WorkloadActual  15: 128 op, 732732653.00 ns, 5.7245 ms/op

// AfterActualRun
WorkloadResult   1: 128 op, 731194647.50 ns, 5.7125 ms/op
WorkloadResult   2: 128 op, 733537347.50 ns, 5.7308 ms/op
WorkloadResult   3: 128 op, 732104273.50 ns, 5.7196 ms/op
WorkloadResult   4: 128 op, 732773573.50 ns, 5.7248 ms/op
WorkloadResult   5: 128 op, 730971124.50 ns, 5.7107 ms/op
WorkloadResult   6: 128 op, 731905728.50 ns, 5.7180 ms/op
WorkloadResult   7: 128 op, 732762493.50 ns, 5.7247 ms/op
WorkloadResult   8: 128 op, 732988882.50 ns, 5.7265 ms/op
WorkloadResult   9: 128 op, 732259007.50 ns, 5.7208 ms/op
WorkloadResult  10: 128 op, 733848686.50 ns, 5.7332 ms/op
WorkloadResult  11: 128 op, 733114549.50 ns, 5.7275 ms/op
WorkloadResult  12: 128 op, 731821670.50 ns, 5.7174 ms/op
WorkloadResult  13: 128 op, 731463127.50 ns, 5.7146 ms/op
WorkloadResult  14: 128 op, 732731844.50 ns, 5.7245 ms/op
// GC:  0 0 0 59392 128
// Threading:  0 0 128

// AfterAll
// Benchmark Process 3972 has exited with code 0.

Mean = 5.722 ms, StdErr = 0.002 ms (0.03%), N = 14, StdDev = 0.007 ms
Min = 5.711 ms, Q1 = 5.718 ms, Median = 5.723 ms, Q3 = 5.726 ms, Max = 5.733 ms
IQR = 0.009 ms, LowerFence = 5.705 ms, UpperFence = 5.739 ms
ConfidenceInterval = [5.714 ms; 5.729 ms] (CI 99.9%), Margin = 0.008 ms (0.13% of Mean)
Skewness = -0.04, Kurtosis = 1.76, MValue = 2

// ** Remained 32 (82.1 %) benchmark(s) to run. Estimated finish 2026-09-27 7:25 (0h 8m from now) **
// **************************
// Benchmark: SecurityBenchmarks.'SecurityEnvelope Serialize (Span, Zero-Alloc)': .NET 10.0(Runtime=.NET 10.0, Toolchain=net10.0)
// *** Execute ***
// Launch: 1 / 1
// Execute: dotnet "EricksonLopez.Security.Benchmarks-.NET 10.0-1.dll" --anonymousPipes 171 172 --benchmarkName EricksonLopez.Security.Benchmarks.SecurityBenchmarks.Envelope_Serialize_Span --job ".NET 10.0" --benchmarkId 7 in /home/runner/work/dotnet-security/dotnet-security/benchmarks/EricksonLopez.Security.Benchmarks/bin/Release/net10.0/EricksonLopez.Security.Benchmarks-.NET 10.0-1/bin/Release/net10.0
// Failed to set up high priority (Permission denied). In order to run benchmarks with high priority, make sure you have the right permissions.
// BeforeAnythingElse

// Benchmark Process Environment Information:
// BenchmarkDotNet v0.15.8
// Runtime=.NET 10.0.12 (10.0.12, 10.0.1226.42308), X64 RyuJIT x86-64-v4
// GC=Concurrent Workstation
// HardwareIntrinsics=AVX512 BITALG+VBMI2+VNNI+VPOPCNTDQ,AVX512 IFMA+VBMI,AVX512 F+BW+CD+DQ+VL,AVX2+BMI1+BMI2+F16C+FMA+LZCNT+MOVBE,AVX,SSE3+SSSE3+SSE4.1+SSE4.2+POPCNT,X86Base+SSE+SSE2,AES+PCLMUL,AvxVnni,SERIALIZE VectorSize=256
// Job: .NET 10.0

OverheadJitting  1: 1 op, 182486.00 ns, 182.4860 us/op
WorkloadJitting  1: 1 op, 252276.00 ns, 252.2760 us/op

OverheadJitting  2: 16 op, 311084.00 ns, 19.4428 us/op
WorkloadJitting  2: 16 op, 325184.00 ns, 20.3240 us/op

WorkloadPilot    1: 16 op, 6652.00 ns, 415.7500 ns/op
WorkloadPilot    2: 32 op, 8895.00 ns, 277.9688 ns/op
WorkloadPilot    3: 64 op, 13531.00 ns, 211.4219 ns/op
WorkloadPilot    4: 128 op, 24844.00 ns, 194.0938 ns/op
WorkloadPilot    5: 256 op, 47507.00 ns, 185.5742 ns/op
WorkloadPilot    6: 512 op, 120364.00 ns, 235.0859 ns/op
WorkloadPilot    7: 1024 op, 186105.00 ns, 181.7432 ns/op
WorkloadPilot    8: 2048 op, 388211.00 ns, 189.5562 ns/op
WorkloadPilot    9: 4096 op, 747703.00 ns, 182.5447 ns/op
WorkloadPilot   10: 8192 op, 1491652.00 ns, 182.0864 ns/op
WorkloadPilot   11: 16384 op, 2977835.00 ns, 181.7526 ns/op
WorkloadPilot   12: 32768 op, 6081802.00 ns, 185.6019 ns/op
WorkloadPilot   13: 65536 op, 11921051.00 ns, 181.9008 ns/op
WorkloadPilot   14: 131072 op, 23760431.00 ns, 181.2777 ns/op
WorkloadPilot   15: 262144 op, 47668597.00 ns, 181.8413 ns/op
WorkloadPilot   16: 524288 op, 94983626.00 ns, 181.1669 ns/op
WorkloadPilot   17: 1048576 op, 141637914.00 ns, 135.0764 ns/op
WorkloadPilot   18: 2097152 op, 58758134.00 ns, 28.0181 ns/op
WorkloadPilot   19: 4194304 op, 117265910.00 ns, 27.9584 ns/op
WorkloadPilot   20: 8388608 op, 234349697.00 ns, 27.9367 ns/op
WorkloadPilot   21: 16777216 op, 469556678.00 ns, 27.9878 ns/op
WorkloadPilot   22: 33554432 op, 944163710.00 ns, 28.1383 ns/op

OverheadWarmup   1: 33554432 op, 99183874.00 ns, 2.9559 ns/op
OverheadWarmup   2: 33554432 op, 99184586.00 ns, 2.9559 ns/op
OverheadWarmup   3: 33554432 op, 71442179.00 ns, 2.1291 ns/op
OverheadWarmup   4: 33554432 op, 70985929.00 ns, 2.1155 ns/op
OverheadWarmup   5: 33554432 op, 71023900.00 ns, 2.1167 ns/op
OverheadWarmup   6: 33554432 op, 71011295.00 ns, 2.1163 ns/op

OverheadActual   1: 33554432 op, 71028428.00 ns, 2.1168 ns/op
OverheadActual   2: 33554432 op, 71066598.00 ns, 2.1179 ns/op
OverheadActual   3: 33554432 op, 71012046.00 ns, 2.1163 ns/op
OverheadActual   4: 33554432 op, 71347426.00 ns, 2.1263 ns/op
OverheadActual   5: 33554432 op, 77262841.00 ns, 2.3026 ns/op
OverheadActual   6: 33554432 op, 75405462.00 ns, 2.2473 ns/op
OverheadActual   7: 33554432 op, 71112531.00 ns, 2.1193 ns/op
OverheadActual   8: 33554432 op, 71033650.00 ns, 2.1170 ns/op
OverheadActual   9: 33554432 op, 71033917.00 ns, 2.1170 ns/op
OverheadActual  10: 33554432 op, 71046100.00 ns, 2.1173 ns/op
OverheadActual  11: 33554432 op, 71029209.00 ns, 2.1168 ns/op
OverheadActual  12: 33554432 op, 71216654.00 ns, 2.1224 ns/op
OverheadActual  13: 33554432 op, 70972295.00 ns, 2.1151 ns/op
OverheadActual  14: 33554432 op, 71004231.00 ns, 2.1161 ns/op
OverheadActual  15: 33554432 op, 71003830.00 ns, 2.1161 ns/op

WorkloadWarmup   1: 33554432 op, 939186083.00 ns, 27.9899 ns/op
WorkloadWarmup   2: 33554432 op, 938400267.00 ns, 27.9665 ns/op
WorkloadWarmup   3: 33554432 op, 939372122.00 ns, 27.9955 ns/op
WorkloadWarmup   4: 33554432 op, 939777400.00 ns, 28.0075 ns/op
WorkloadWarmup   5: 33554432 op, 938706981.00 ns, 27.9756 ns/op
WorkloadWarmup   6: 33554432 op, 938615325.00 ns, 27.9729 ns/op
WorkloadWarmup   7: 33554432 op, 936307189.00 ns, 27.9041 ns/op
WorkloadWarmup   8: 33554432 op, 937231658.00 ns, 27.9317 ns/op
WorkloadWarmup   9: 33554432 op, 936965184.00 ns, 27.9237 ns/op

// BeforeActualRun
WorkloadActual   1: 33554432 op, 936797757.00 ns, 27.9187 ns/op
WorkloadActual   2: 33554432 op, 936029893.00 ns, 27.8959 ns/op
WorkloadActual   3: 33554432 op, 937195476.00 ns, 27.9306 ns/op
WorkloadActual   4: 33554432 op, 936109318.00 ns, 27.8982 ns/op
WorkloadActual   5: 33554432 op, 935088036.00 ns, 27.8678 ns/op
WorkloadActual   6: 33554432 op, 935645614.00 ns, 27.8844 ns/op
WorkloadActual   7: 33554432 op, 935836192.00 ns, 27.8901 ns/op
WorkloadActual   8: 33554432 op, 939969701.00 ns, 28.0133 ns/op
WorkloadActual   9: 33554432 op, 936400232.00 ns, 27.9069 ns/op
WorkloadActual  10: 33554432 op, 936071920.00 ns, 27.8971 ns/op
WorkloadActual  11: 33554432 op, 935183558.00 ns, 27.8706 ns/op
WorkloadActual  12: 33554432 op, 936570609.00 ns, 27.9120 ns/op
WorkloadActual  13: 33554432 op, 935509013.00 ns, 27.8803 ns/op
WorkloadActual  14: 33554432 op, 937953954.00 ns, 27.9532 ns/op
WorkloadActual  15: 33554432 op, 940723008.00 ns, 28.0357 ns/op

// AfterActualRun
WorkloadResult   1: 33554432 op, 865763840.00 ns, 25.8018 ns/op
WorkloadResult   2: 33554432 op, 864995976.00 ns, 25.7789 ns/op
WorkloadResult   3: 33554432 op, 866161559.00 ns, 25.8136 ns/op
WorkloadResult   4: 33554432 op, 865075401.00 ns, 25.7813 ns/op
WorkloadResult   5: 33554432 op, 864054119.00 ns, 25.7508 ns/op
WorkloadResult   6: 33554432 op, 864611697.00 ns, 25.7674 ns/op
WorkloadResult   7: 33554432 op, 864802275.00 ns, 25.7731 ns/op
WorkloadResult   8: 33554432 op, 865366315.00 ns, 25.7899 ns/op
WorkloadResult   9: 33554432 op, 865038003.00 ns, 25.7801 ns/op
WorkloadResult  10: 33554432 op, 864149641.00 ns, 25.7537 ns/op
WorkloadResult  11: 33554432 op, 865536692.00 ns, 25.7950 ns/op
WorkloadResult  12: 33554432 op, 864475096.00 ns, 25.7634 ns/op
WorkloadResult  13: 33554432 op, 866920037.00 ns, 25.8362 ns/op
// GC:  0 0 0 0 33554432
// Threading:  0 0 33554432

// AfterAll
// Benchmark Process 3990 has exited with code 0.

Mean = 25.783 ns, StdErr = 0.007 ns (0.03%), N = 13, StdDev = 0.024 ns
Min = 25.751 ns, Q1 = 25.767 ns, Median = 25.780 ns, Q3 = 25.795 ns, Max = 25.836 ns
IQR = 0.028 ns, LowerFence = 25.726 ns, UpperFence = 25.836 ns
ConfidenceInterval = [25.755 ns; 25.812 ns] (CI 99.9%), Margin = 0.029 ns (0.11% of Mean)
Skewness = 0.59, Kurtosis = 2.48, MValue = 2

// ** Remained 31 (79.5 %) benchmark(s) to run. Estimated finish 2026-09-27 7:26 (0h 9m from now) **
// **************************
// Benchmark: SecurityBenchmarks.'SecurityEnvelope Deserialize (Span)': .NET 10.0(Runtime=.NET 10.0, Toolchain=net10.0)
// *** Execute ***
// Launch: 1 / 1
// Execute: dotnet "EricksonLopez.Security.Benchmarks-.NET 10.0-1.dll" --anonymousPipes 171 172 --benchmarkName EricksonLopez.Security.Benchmarks.SecurityBenchmarks.Envelope_Deserialize_Span --job ".NET 10.0" --benchmarkId 8 in /home/runner/work/dotnet-security/dotnet-security/benchmarks/EricksonLopez.Security.Benchmarks/bin/Release/net10.0/EricksonLopez.Security.Benchmarks-.NET 10.0-1/bin/Release/net10.0
// Failed to set up high priority (Permission denied). In order to run benchmarks with high priority, make sure you have the right permissions.
// BeforeAnythingElse

// Benchmark Process Environment Information:
// BenchmarkDotNet v0.15.8
// Runtime=.NET 10.0.12 (10.0.12, 10.0.1226.42308), X64 RyuJIT x86-64-v4
// GC=Concurrent Workstation
// HardwareIntrinsics=AVX512 BITALG+VBMI2+VNNI+VPOPCNTDQ,AVX512 IFMA+VBMI,AVX512 F+BW+CD+DQ+VL,AVX2+BMI1+BMI2+F16C+FMA+LZCNT+MOVBE,AVX,SSE3+SSSE3+SSE4.1+SSE4.2+POPCNT,X86Base+SSE+SSE2,AES+PCLMUL,AvxVnni,SERIALIZE VectorSize=256
// Job: .NET 10.0

OverheadJitting  1: 1 op, 187227.00 ns, 187.2270 us/op
WorkloadJitting  1: 1 op, 1654840.00 ns, 1.6548 ms/op

OverheadJitting  2: 16 op, 210880.00 ns, 13.1800 us/op
WorkloadJitting  2: 16 op, 321785.00 ns, 20.1116 us/op

WorkloadPilot    1: 16 op, 26728.00 ns, 1.6705 us/op
WorkloadPilot    2: 32 op, 67684.00 ns, 2.1151 us/op
WorkloadPilot    3: 64 op, 37906.00 ns, 592.2813 ns/op
WorkloadPilot    4: 128 op, 59802.00 ns, 467.2031 ns/op
WorkloadPilot    5: 256 op, 114784.00 ns, 448.3750 ns/op
WorkloadPilot    6: 512 op, 209438.00 ns, 409.0586 ns/op
WorkloadPilot    7: 1024 op, 338821.00 ns, 330.8799 ns/op
WorkloadPilot    8: 2048 op, 750001.00 ns, 366.2114 ns/op
WorkloadPilot    9: 4096 op, 1519165.00 ns, 370.8899 ns/op
WorkloadPilot   10: 8192 op, 3053201.00 ns, 372.7052 ns/op
WorkloadPilot   11: 16384 op, 6718741.00 ns, 410.0794 ns/op
WorkloadPilot   12: 32768 op, 13131534.00 ns, 400.7426 ns/op
WorkloadPilot   13: 65536 op, 21115239.00 ns, 322.1930 ns/op
WorkloadPilot   14: 131072 op, 43236665.00 ns, 329.8696 ns/op
WorkloadPilot   15: 262144 op, 68406922.00 ns, 260.9517 ns/op
WorkloadPilot   16: 524288 op, 173702558.00 ns, 331.3113 ns/op
WorkloadPilot   17: 1048576 op, 148643902.00 ns, 141.7579 ns/op
WorkloadPilot   18: 2097152 op, 166558579.00 ns, 79.4213 ns/op
WorkloadPilot   19: 4194304 op, 334637122.00 ns, 79.7837 ns/op
WorkloadPilot   20: 8388608 op, 663314706.00 ns, 79.0733 ns/op

OverheadWarmup   1: 8388608 op, 25030330.00 ns, 2.9838 ns/op
OverheadWarmup   2: 8388608 op, 24239848.00 ns, 2.8896 ns/op
OverheadWarmup   3: 8388608 op, 24235283.00 ns, 2.8891 ns/op
OverheadWarmup   4: 8388608 op, 24238774.00 ns, 2.8895 ns/op
OverheadWarmup   5: 8388608 op, 25139425.00 ns, 2.9969 ns/op
OverheadWarmup   6: 8388608 op, 24194760.00 ns, 2.8842 ns/op
OverheadWarmup   7: 8388608 op, 24262914.00 ns, 2.8924 ns/op
OverheadWarmup   8: 8388608 op, 24262561.00 ns, 2.8923 ns/op

OverheadActual   1: 8388608 op, 19805125.00 ns, 2.3610 ns/op
OverheadActual   2: 8388608 op, 19516210.00 ns, 2.3265 ns/op
OverheadActual   3: 8388608 op, 19570711.00 ns, 2.3330 ns/op
OverheadActual   4: 8388608 op, 19499570.00 ns, 2.3245 ns/op
OverheadActual   5: 8388608 op, 19551337.00 ns, 2.3307 ns/op
OverheadActual   6: 8388608 op, 21637592.00 ns, 2.5794 ns/op
OverheadActual   7: 8388608 op, 19489856.00 ns, 2.3234 ns/op
OverheadActual   8: 8388608 op, 19521201.00 ns, 2.3271 ns/op
OverheadActual   9: 8388608 op, 19722235.00 ns, 2.3511 ns/op
OverheadActual  10: 8388608 op, 20238250.00 ns, 2.4126 ns/op
OverheadActual  11: 8388608 op, 17247716.00 ns, 2.0561 ns/op
OverheadActual  12: 8388608 op, 17147441.00 ns, 2.0441 ns/op
OverheadActual  13: 8388608 op, 17180623.00 ns, 2.0481 ns/op
OverheadActual  14: 8388608 op, 17158002.00 ns, 2.0454 ns/op
OverheadActual  15: 8388608 op, 17391154.00 ns, 2.0732 ns/op
OverheadActual  16: 8388608 op, 18239955.00 ns, 2.1744 ns/op
OverheadActual  17: 8388608 op, 19683084.00 ns, 2.3464 ns/op
OverheadActual  18: 8388608 op, 17251367.00 ns, 2.0565 ns/op
OverheadActual  19: 8388608 op, 17167755.00 ns, 2.0466 ns/op
OverheadActual  20: 8388608 op, 17266207.00 ns, 2.0583 ns/op

WorkloadWarmup   1: 8388608 op, 704479012.00 ns, 83.9804 ns/op
WorkloadWarmup   2: 8388608 op, 659219805.00 ns, 78.5851 ns/op
WorkloadWarmup   3: 8388608 op, 649855623.00 ns, 77.4688 ns/op
WorkloadWarmup   4: 8388608 op, 650361219.00 ns, 77.5291 ns/op
WorkloadWarmup   5: 8388608 op, 651418967.00 ns, 77.6552 ns/op
WorkloadWarmup   6: 8388608 op, 672655017.00 ns, 80.1867 ns/op
WorkloadWarmup   7: 8388608 op, 658206870.00 ns, 78.4644 ns/op
WorkloadWarmup   8: 8388608 op, 650502877.00 ns, 77.5460 ns/op
WorkloadWarmup   9: 8388608 op, 649199924.00 ns, 77.3907 ns/op
WorkloadWarmup  10: 8388608 op, 652091524.00 ns, 77.7354 ns/op
WorkloadWarmup  11: 8388608 op, 651371340.00 ns, 77.6495 ns/op

// BeforeActualRun
WorkloadActual   1: 8388608 op, 651355702.00 ns, 77.6477 ns/op
WorkloadActual   2: 8388608 op, 651541985.00 ns, 77.6699 ns/op
WorkloadActual   3: 8388608 op, 652914725.00 ns, 77.8335 ns/op
WorkloadActual   4: 8388608 op, 653419295.00 ns, 77.8936 ns/op
WorkloadActual   5: 8388608 op, 650337452.00 ns, 77.5263 ns/op
WorkloadActual   6: 8388608 op, 649607234.00 ns, 77.4392 ns/op
WorkloadActual   7: 8388608 op, 649601705.00 ns, 77.4386 ns/op
WorkloadActual   8: 8388608 op, 649824079.00 ns, 77.4651 ns/op
WorkloadActual   9: 8388608 op, 651937264.00 ns, 77.7170 ns/op
WorkloadActual  10: 8388608 op, 648982895.00 ns, 77.3648 ns/op
WorkloadActual  11: 8388608 op, 651487211.00 ns, 77.6633 ns/op
WorkloadActual  12: 8388608 op, 652131189.00 ns, 77.7401 ns/op
WorkloadActual  13: 8388608 op, 652011536.00 ns, 77.7258 ns/op
WorkloadActual  14: 8388608 op, 653944683.00 ns, 77.9563 ns/op
WorkloadActual  15: 8388608 op, 655236851.00 ns, 78.1103 ns/op

// AfterActualRun
WorkloadResult   1: 8388608 op, 631860989.00 ns, 75.3237 ns/op
WorkloadResult   2: 8388608 op, 632047272.00 ns, 75.3459 ns/op
WorkloadResult   3: 8388608 op, 633420012.00 ns, 75.5095 ns/op
WorkloadResult   4: 8388608 op, 633924582.00 ns, 75.5697 ns/op
WorkloadResult   5: 8388608 op, 630842739.00 ns, 75.2023 ns/op
WorkloadResult   6: 8388608 op, 630112521.00 ns, 75.1153 ns/op
WorkloadResult   7: 8388608 op, 630106992.00 ns, 75.1146 ns/op
WorkloadResult   8: 8388608 op, 630329366.00 ns, 75.1411 ns/op
WorkloadResult   9: 8388608 op, 632442551.00 ns, 75.3930 ns/op
WorkloadResult  10: 8388608 op, 629488182.00 ns, 75.0408 ns/op
WorkloadResult  11: 8388608 op, 631992498.00 ns, 75.3394 ns/op
WorkloadResult  12: 8388608 op, 632636476.00 ns, 75.4161 ns/op
WorkloadResult  13: 8388608 op, 632516823.00 ns, 75.4019 ns/op
WorkloadResult  14: 8388608 op, 634449970.00 ns, 75.6323 ns/op
WorkloadResult  15: 8388608 op, 635742138.00 ns, 75.7864 ns/op
// GC:  47 0 0 3959442592 8388608
// Threading:  0 0 8388608

// AfterAll
// Benchmark Process 4020 has exited with code 0.

Mean = 75.355 ns, StdErr = 0.055 ns (0.07%), N = 15, StdDev = 0.211 ns
Min = 75.041 ns, Q1 = 75.172 ns, Median = 75.346 ns, Q3 = 75.463 ns, Max = 75.786 ns
IQR = 0.291 ns, LowerFence = 74.735 ns, UpperFence = 75.900 ns
ConfidenceInterval = [75.130 ns; 75.581 ns] (CI 99.9%), Margin = 0.226 ns (0.30% of Mean)
Skewness = 0.3, Kurtosis = 2.08, MValue = 2

// ** Remained 30 (76.9 %) benchmark(s) to run. Estimated finish 2026-09-27 7:27 (0h 8m from now) **
// **************************
// Benchmark: SecurityBenchmarks.'ConstantTime FixedTimeEquals (32 bytes)': .NET 10.0(Runtime=.NET 10.0, Toolchain=net10.0)
// *** Execute ***
// Launch: 1 / 1
// Execute: dotnet "EricksonLopez.Security.Benchmarks-.NET 10.0-1.dll" --anonymousPipes 171 172 --benchmarkName EricksonLopez.Security.Benchmarks.SecurityBenchmarks.ConstantTime_Compare --job ".NET 10.0" --benchmarkId 9 in /home/runner/work/dotnet-security/dotnet-security/benchmarks/EricksonLopez.Security.Benchmarks/bin/Release/net10.0/EricksonLopez.Security.Benchmarks-.NET 10.0-1/bin/Release/net10.0
// Failed to set up high priority (Permission denied). In order to run benchmarks with high priority, make sure you have the right permissions.
// BeforeAnythingElse

// Benchmark Process Environment Information:
// BenchmarkDotNet v0.15.8
// Runtime=.NET 10.0.12 (10.0.12, 10.0.1226.42308), X64 RyuJIT x86-64-v4
// GC=Concurrent Workstation
// HardwareIntrinsics=AVX512 BITALG+VBMI2+VNNI+VPOPCNTDQ,AVX512 IFMA+VBMI,AVX512 F+BW+CD+DQ+VL,AVX2+BMI1+BMI2+F16C+FMA+LZCNT+MOVBE,AVX,SSE3+SSSE3+SSE4.1+SSE4.2+POPCNT,X86Base+SSE+SSE2,AES+PCLMUL,AvxVnni,SERIALIZE VectorSize=256
// Job: .NET 10.0

OverheadJitting  1: 1 op, 180029.00 ns, 180.0290 us/op
WorkloadJitting  1: 1 op, 398291.00 ns, 398.2910 us/op

OverheadJitting  2: 16 op, 360869.00 ns, 22.5543 us/op
WorkloadJitting  2: 16 op, 348049.00 ns, 21.7531 us/op

WorkloadPilot    1: 16 op, 5837.00 ns, 364.8125 ns/op
WorkloadPilot    2: 32 op, 8373.00 ns, 261.6563 ns/op
WorkloadPilot    3: 64 op, 10848.00 ns, 169.5000 ns/op
WorkloadPilot    4: 128 op, 20506.00 ns, 160.2031 ns/op
WorkloadPilot    5: 256 op, 63220.00 ns, 246.9531 ns/op
WorkloadPilot    6: 512 op, 79884.00 ns, 156.0234 ns/op
WorkloadPilot    7: 1024 op, 158786.00 ns, 155.0645 ns/op
WorkloadPilot    8: 2048 op, 318276.00 ns, 155.4082 ns/op
WorkloadPilot    9: 4096 op, 634052.00 ns, 154.7979 ns/op
WorkloadPilot   10: 8192 op, 1282335.00 ns, 156.5350 ns/op
WorkloadPilot   11: 16384 op, 2557195.00 ns, 156.0788 ns/op
WorkloadPilot   12: 32768 op, 5466509.00 ns, 166.8246 ns/op
WorkloadPilot   13: 65536 op, 12684136.00 ns, 193.5446 ns/op
WorkloadPilot   14: 131072 op, 20904815.00 ns, 159.4911 ns/op
WorkloadPilot   15: 262144 op, 41504285.00 ns, 158.3263 ns/op
WorkloadPilot   16: 524288 op, 82806319.00 ns, 157.9405 ns/op
WorkloadPilot   17: 1048576 op, 165793517.00 ns, 158.1130 ns/op
WorkloadPilot   18: 2097152 op, 323161692.00 ns, 154.0955 ns/op
WorkloadPilot   19: 4194304 op, 648249342.00 ns, 154.5547 ns/op

OverheadWarmup   1: 4194304 op, 12423199.00 ns, 2.9619 ns/op
OverheadWarmup   2: 4194304 op, 12409121.00 ns, 2.9586 ns/op
OverheadWarmup   3: 4194304 op, 12416843.00 ns, 2.9604 ns/op
OverheadWarmup   4: 4194304 op, 12406892.00 ns, 2.9580 ns/op
OverheadWarmup   5: 4194304 op, 12403645.00 ns, 2.9573 ns/op
OverheadWarmup   6: 4194304 op, 12404130.00 ns, 2.9574 ns/op
OverheadWarmup   7: 4194304 op, 12428620.00 ns, 2.9632 ns/op
OverheadWarmup   8: 4194304 op, 12410671.00 ns, 2.9589 ns/op

OverheadActual   1: 4194304 op, 12445499.00 ns, 2.9672 ns/op
OverheadActual   2: 4194304 op, 12576775.00 ns, 2.9985 ns/op
OverheadActual   3: 4194304 op, 12411642.00 ns, 2.9592 ns/op
OverheadActual   4: 4194304 op, 12572032.00 ns, 2.9974 ns/op
OverheadActual   5: 4194304 op, 12434031.00 ns, 2.9645 ns/op
OverheadActual   6: 4194304 op, 12415705.00 ns, 2.9601 ns/op
OverheadActual   7: 4194304 op, 12436246.00 ns, 2.9650 ns/op
OverheadActual   8: 4194304 op, 12406839.00 ns, 2.9580 ns/op
OverheadActual   9: 4194304 op, 12409329.00 ns, 2.9586 ns/op
OverheadActual  10: 4194304 op, 12422326.00 ns, 2.9617 ns/op
OverheadActual  11: 4194304 op, 12392153.00 ns, 2.9545 ns/op
OverheadActual  12: 4194304 op, 12440555.00 ns, 2.9661 ns/op
OverheadActual  13: 4194304 op, 12437159.00 ns, 2.9652 ns/op
OverheadActual  14: 4194304 op, 12416889.00 ns, 2.9604 ns/op
OverheadActual  15: 4194304 op, 11679215.00 ns, 2.7845 ns/op

WorkloadWarmup   1: 4194304 op, 652004036.00 ns, 155.4499 ns/op
WorkloadWarmup   2: 4194304 op, 651014837.00 ns, 155.2140 ns/op
WorkloadWarmup   3: 4194304 op, 644598093.00 ns, 153.6842 ns/op
WorkloadWarmup   4: 4194304 op, 652594567.00 ns, 155.5907 ns/op
WorkloadWarmup   5: 4194304 op, 645490534.00 ns, 153.8969 ns/op
WorkloadWarmup   6: 4194304 op, 644920965.00 ns, 153.7611 ns/op
WorkloadWarmup   7: 4194304 op, 644925186.00 ns, 153.7621 ns/op
WorkloadWarmup   8: 4194304 op, 645033013.00 ns, 153.7879 ns/op
WorkloadWarmup   9: 4194304 op, 647045318.00 ns, 154.2676 ns/op
WorkloadWarmup  10: 4194304 op, 648025675.00 ns, 154.5014 ns/op
WorkloadWarmup  11: 4194304 op, 655397041.00 ns, 156.2588 ns/op
WorkloadWarmup  12: 4194304 op, 654881951.00 ns, 156.1360 ns/op

// BeforeActualRun
WorkloadActual   1: 4194304 op, 648859879.00 ns, 154.7003 ns/op
WorkloadActual   2: 4194304 op, 643792449.00 ns, 153.4921 ns/op
WorkloadActual   3: 4194304 op, 643878122.00 ns, 153.5125 ns/op
WorkloadActual   4: 4194304 op, 643328305.00 ns, 153.3814 ns/op
WorkloadActual   5: 4194304 op, 640667097.00 ns, 152.7469 ns/op
WorkloadActual   6: 4194304 op, 644538024.00 ns, 153.6698 ns/op
WorkloadActual   7: 4194304 op, 648241949.00 ns, 154.5529 ns/op
WorkloadActual   8: 4194304 op, 647361804.00 ns, 154.3431 ns/op
WorkloadActual   9: 4194304 op, 645930705.00 ns, 154.0019 ns/op
WorkloadActual  10: 4194304 op, 651662515.00 ns, 155.3685 ns/op
WorkloadActual  11: 4194304 op, 651249257.00 ns, 155.2699 ns/op
WorkloadActual  12: 4194304 op, 647544449.00 ns, 154.3866 ns/op
WorkloadActual  13: 4194304 op, 652809449.00 ns, 155.6419 ns/op
WorkloadActual  14: 4194304 op, 646797960.00 ns, 154.2087 ns/op
WorkloadActual  15: 4194304 op, 650476809.00 ns, 155.0858 ns/op

// AfterActualRun
WorkloadResult   1: 4194304 op, 636437553.00 ns, 151.7385 ns/op
WorkloadResult   2: 4194304 op, 631370123.00 ns, 150.5304 ns/op
WorkloadResult   3: 4194304 op, 631455796.00 ns, 150.5508 ns/op
WorkloadResult   4: 4194304 op, 630905979.00 ns, 150.4197 ns/op
WorkloadResult   5: 4194304 op, 628244771.00 ns, 149.7852 ns/op
WorkloadResult   6: 4194304 op, 632115698.00 ns, 150.7081 ns/op
WorkloadResult   7: 4194304 op, 635819623.00 ns, 151.5912 ns/op
WorkloadResult   8: 4194304 op, 634939478.00 ns, 151.3814 ns/op
WorkloadResult   9: 4194304 op, 633508379.00 ns, 151.0402 ns/op
WorkloadResult  10: 4194304 op, 639240189.00 ns, 152.4067 ns/op
WorkloadResult  11: 4194304 op, 638826931.00 ns, 152.3082 ns/op
WorkloadResult  12: 4194304 op, 635122123.00 ns, 151.4249 ns/op
WorkloadResult  13: 4194304 op, 640387123.00 ns, 152.6802 ns/op
WorkloadResult  14: 4194304 op, 634375634.00 ns, 151.2469 ns/op
WorkloadResult  15: 4194304 op, 638054483.00 ns, 152.1240 ns/op
// GC:  0 0 0 32 4194304
// Threading:  0 0 4194304

// AfterAll
// Benchmark Process 4056 has exited with code 0.

Mean = 151.329 ns, StdErr = 0.216 ns (0.14%), N = 15, StdDev = 0.835 ns
Min = 149.785 ns, Q1 = 150.629 ns, Median = 151.381 ns, Q3 = 151.931 ns, Max = 152.680 ns
IQR = 1.302 ns, LowerFence = 148.677 ns, UpperFence = 153.884 ns
ConfidenceInterval = [150.437 ns; 152.222 ns] (CI 99.9%), Margin = 0.892 ns (0.59% of Mean)
Skewness = -0.05, Kurtosis = 1.83, MValue = 2

// ** Remained 29 (74.4 %) benchmark(s) to run. Estimated finish 2026-09-27 7:27 (0h 8m from now) **
// **************************
// Benchmark: SecurityBenchmarks.'Token Generation (URL-Safe 32 bytes)': .NET 10.0(Runtime=.NET 10.0, Toolchain=net10.0)
// *** Execute ***
// Launch: 1 / 1
// Execute: dotnet "EricksonLopez.Security.Benchmarks-.NET 10.0-1.dll" --anonymousPipes 171 172 --benchmarkName EricksonLopez.Security.Benchmarks.SecurityBenchmarks.Token_Generate --job ".NET 10.0" --benchmarkId 10 in /home/runner/work/dotnet-security/dotnet-security/benchmarks/EricksonLopez.Security.Benchmarks/bin/Release/net10.0/EricksonLopez.Security.Benchmarks-.NET 10.0-1/bin/Release/net10.0
// Failed to set up high priority (Permission denied). In order to run benchmarks with high priority, make sure you have the right permissions.
// BeforeAnythingElse

// Benchmark Process Environment Information:
// BenchmarkDotNet v0.15.8
// Runtime=.NET 10.0.12 (10.0.12, 10.0.1226.42308), X64 RyuJIT x86-64-v4
// GC=Concurrent Workstation
// HardwareIntrinsics=AVX512 BITALG+VBMI2+VNNI+VPOPCNTDQ,AVX512 IFMA+VBMI,AVX512 F+BW+CD+DQ+VL,AVX2+BMI1+BMI2+F16C+FMA+LZCNT+MOVBE,AVX,SSE3+SSSE3+SSE4.1+SSE4.2+POPCNT,X86Base+SSE+SSE2,AES+PCLMUL,AvxVnni,SERIALIZE VectorSize=256
// Job: .NET 10.0

OverheadJitting  1: 1 op, 192218.00 ns, 192.2180 us/op
WorkloadJitting  1: 1 op, 537578.00 ns, 537.5780 us/op

OverheadJitting  2: 16 op, 389474.00 ns, 24.3421 us/op
WorkloadJitting  2: 16 op, 434647.00 ns, 27.1654 us/op

WorkloadPilot    1: 16 op, 39110.00 ns, 2.4444 us/op
WorkloadPilot    2: 32 op, 55339.00 ns, 1.7293 us/op
WorkloadPilot    3: 64 op, 87054.00 ns, 1.3602 us/op
WorkloadPilot    4: 128 op, 155736.00 ns, 1.2167 us/op
WorkloadPilot    5: 256 op, 471259.00 ns, 1.8409 us/op
WorkloadPilot    6: 512 op, 884249.00 ns, 1.7270 us/op
WorkloadPilot    7: 1024 op, 1165497.00 ns, 1.1382 us/op
WorkloadPilot    8: 2048 op, 2364308.00 ns, 1.1544 us/op
WorkloadPilot    9: 4096 op, 4738518.00 ns, 1.1569 us/op
WorkloadPilot   10: 8192 op, 9598627.00 ns, 1.1717 us/op
WorkloadPilot   11: 16384 op, 19060156.00 ns, 1.1633 us/op
WorkloadPilot   12: 32768 op, 37366465.00 ns, 1.1403 us/op
WorkloadPilot   13: 65536 op, 73338057.00 ns, 1.1190 us/op
WorkloadPilot   14: 131072 op, 157624764.00 ns, 1.2026 us/op
WorkloadPilot   15: 262144 op, 281282545.00 ns, 1.0730 us/op
WorkloadPilot   16: 524288 op, 500152900.00 ns, 953.9660 ns/op

OverheadWarmup   1: 524288 op, 2536304.00 ns, 4.8376 ns/op
OverheadWarmup   2: 524288 op, 2497809.00 ns, 4.7642 ns/op
OverheadWarmup   3: 524288 op, 2494972.00 ns, 4.7588 ns/op
OverheadWarmup   4: 524288 op, 2500917.00 ns, 4.7701 ns/op
OverheadWarmup   5: 524288 op, 2503677.00 ns, 4.7754 ns/op
OverheadWarmup   6: 524288 op, 2500630.00 ns, 4.7696 ns/op
OverheadWarmup   7: 524288 op, 2515351.00 ns, 4.7977 ns/op
OverheadWarmup   8: 524288 op, 2493859.00 ns, 4.7567 ns/op

OverheadActual   1: 524288 op, 2514175.00 ns, 4.7954 ns/op
OverheadActual   2: 524288 op, 2516557.00 ns, 4.8000 ns/op
OverheadActual   3: 524288 op, 2527033.00 ns, 4.8199 ns/op
OverheadActual   4: 524288 op, 2511900.00 ns, 4.7911 ns/op
OverheadActual   5: 524288 op, 2523935.00 ns, 4.8140 ns/op
OverheadActual   6: 524288 op, 2489368.00 ns, 4.7481 ns/op
OverheadActual   7: 524288 op, 2501608.00 ns, 4.7714 ns/op
OverheadActual   8: 524288 op, 2498227.00 ns, 4.7650 ns/op
OverheadActual   9: 524288 op, 2497373.00 ns, 4.7634 ns/op
OverheadActual  10: 524288 op, 2515545.00 ns, 4.7980 ns/op
OverheadActual  11: 524288 op, 2502432.00 ns, 4.7730 ns/op
OverheadActual  12: 524288 op, 2518484.00 ns, 4.8036 ns/op
OverheadActual  13: 524288 op, 2535927.00 ns, 4.8369 ns/op
OverheadActual  14: 524288 op, 2515857.00 ns, 4.7986 ns/op
OverheadActual  15: 524288 op, 2500702.00 ns, 4.7697 ns/op

WorkloadWarmup   1: 524288 op, 502411032.00 ns, 958.2730 ns/op
WorkloadWarmup   2: 524288 op, 502696058.00 ns, 958.8166 ns/op
WorkloadWarmup   3: 524288 op, 499063390.00 ns, 951.8879 ns/op
WorkloadWarmup   4: 524288 op, 498023082.00 ns, 949.9036 ns/op
WorkloadWarmup   5: 524288 op, 497785483.00 ns, 949.4505 ns/op
WorkloadWarmup   6: 524288 op, 496063008.00 ns, 946.1651 ns/op
WorkloadWarmup   7: 524288 op, 506621977.00 ns, 966.3047 ns/op
WorkloadWarmup   8: 524288 op, 519739957.00 ns, 991.3253 ns/op
WorkloadWarmup   9: 524288 op, 498189849.00 ns, 950.2217 ns/op

// BeforeActualRun
WorkloadActual   1: 524288 op, 498942025.00 ns, 951.6564 ns/op
WorkloadActual   2: 524288 op, 498752979.00 ns, 951.2958 ns/op
WorkloadActual   3: 524288 op, 497861281.00 ns, 949.5950 ns/op
WorkloadActual   4: 524288 op, 499990982.00 ns, 953.6571 ns/op
WorkloadActual   5: 524288 op, 499337981.00 ns, 952.4116 ns/op
WorkloadActual   6: 524288 op, 499760964.00 ns, 953.2184 ns/op
WorkloadActual   7: 524288 op, 500016710.00 ns, 953.7062 ns/op
WorkloadActual   8: 524288 op, 497355992.00 ns, 948.6313 ns/op
WorkloadActual   9: 524288 op, 496611584.00 ns, 947.2114 ns/op
WorkloadActual  10: 524288 op, 496067610.00 ns, 946.1739 ns/op
WorkloadActual  11: 524288 op, 502512418.00 ns, 958.4664 ns/op
WorkloadActual  12: 524288 op, 499279543.00 ns, 952.3002 ns/op
WorkloadActual  13: 524288 op, 497308667.00 ns, 948.5410 ns/op
WorkloadActual  14: 524288 op, 496391108.00 ns, 946.7909 ns/op
WorkloadActual  15: 524288 op, 496977088.00 ns, 947.9086 ns/op

// AfterActualRun
WorkloadResult   1: 524288 op, 496427850.00 ns, 946.8610 ns/op
WorkloadResult   2: 524288 op, 496238804.00 ns, 946.5004 ns/op
WorkloadResult   3: 524288 op, 495347106.00 ns, 944.7996 ns/op
WorkloadResult   4: 524288 op, 497476807.00 ns, 948.8617 ns/op
WorkloadResult   5: 524288 op, 496823806.00 ns, 947.6162 ns/op
WorkloadResult   6: 524288 op, 497246789.00 ns, 948.4230 ns/op
WorkloadResult   7: 524288 op, 497502535.00 ns, 948.9108 ns/op
WorkloadResult   8: 524288 op, 494841817.00 ns, 943.8359 ns/op
WorkloadResult   9: 524288 op, 494097409.00 ns, 942.4160 ns/op
WorkloadResult  10: 524288 op, 493553435.00 ns, 941.3785 ns/op
WorkloadResult  11: 524288 op, 499998243.00 ns, 953.6710 ns/op
WorkloadResult  12: 524288 op, 496765368.00 ns, 947.5047 ns/op
WorkloadResult  13: 524288 op, 494794492.00 ns, 943.7456 ns/op
WorkloadResult  14: 524288 op, 493876933.00 ns, 941.9955 ns/op
WorkloadResult  15: 524288 op, 494462913.00 ns, 943.1132 ns/op
// GC:  2 0 0 203472416 524288
// Threading:  0 0 524288

// AfterAll
// Benchmark Process 4075 has exited with code 0.

Mean = 945.976 ns, StdErr = 0.865 ns (0.09%), N = 15, StdDev = 3.349 ns
Min = 941.378 ns, Q1 = 943.429 ns, Median = 946.500 ns, Q3 = 948.020 ns, Max = 953.671 ns
IQR = 4.590 ns, LowerFence = 936.544 ns, UpperFence = 954.905 ns
ConfidenceInterval = [942.395 ns; 949.556 ns] (CI 99.9%), Margin = 3.580 ns (0.38% of Mean)
Skewness = 0.49, Kurtosis = 2.48, MValue = 2

// ** Remained 28 (71.8 %) benchmark(s) to run. Estimated finish 2026-09-27 7:26 (0h 8m from now) **
// **************************
// Benchmark: SecurityBenchmarks.'Token Hash (SHA-256)': .NET 10.0(Runtime=.NET 10.0, Toolchain=net10.0)
// *** Execute ***
// Launch: 1 / 1
// Execute: dotnet "EricksonLopez.Security.Benchmarks-.NET 10.0-1.dll" --anonymousPipes 171 172 --benchmarkName EricksonLopez.Security.Benchmarks.SecurityBenchmarks.Token_Hash --job ".NET 10.0" --benchmarkId 11 in /home/runner/work/dotnet-security/dotnet-security/benchmarks/EricksonLopez.Security.Benchmarks/bin/Release/net10.0/EricksonLopez.Security.Benchmarks-.NET 10.0-1/bin/Release/net10.0
// Failed to set up high priority (Permission denied). In order to run benchmarks with high priority, make sure you have the right permissions.
// BeforeAnythingElse

// Benchmark Process Environment Information:
// BenchmarkDotNet v0.15.8
// Runtime=.NET 10.0.12 (10.0.12, 10.0.1226.42308), X64 RyuJIT x86-64-v4
// GC=Concurrent Workstation
// HardwareIntrinsics=AVX512 BITALG+VBMI2+VNNI+VPOPCNTDQ,AVX512 IFMA+VBMI,AVX512 F+BW+CD+DQ+VL,AVX2+BMI1+BMI2+F16C+FMA+LZCNT+MOVBE,AVX,SSE3+SSSE3+SSE4.1+SSE4.2+POPCNT,X86Base+SSE+SSE2,AES+PCLMUL,AvxVnni,SERIALIZE VectorSize=256
// Job: .NET 10.0

OverheadJitting  1: 1 op, 200645.00 ns, 200.6450 us/op
WorkloadJitting  1: 1 op, 954390.00 ns, 954.3900 us/op

OverheadJitting  2: 16 op, 384285.00 ns, 24.0178 us/op
WorkloadJitting  2: 16 op, 456555.00 ns, 28.5347 us/op

WorkloadPilot    1: 16 op, 31736.00 ns, 1.9835 us/op
WorkloadPilot    2: 32 op, 58621.00 ns, 1.8319 us/op
WorkloadPilot    3: 64 op, 89830.00 ns, 1.4036 us/op
WorkloadPilot    4: 128 op, 173565.00 ns, 1.3560 us/op
WorkloadPilot    5: 256 op, 400848.00 ns, 1.5658 us/op
WorkloadPilot    6: 512 op, 698285.00 ns, 1.3638 us/op
WorkloadPilot    7: 1024 op, 1328378.00 ns, 1.2972 us/op
WorkloadPilot    8: 2048 op, 2455614.00 ns, 1.1990 us/op
WorkloadPilot    9: 4096 op, 4844706.00 ns, 1.1828 us/op
WorkloadPilot   10: 8192 op, 9674814.00 ns, 1.1810 us/op
WorkloadPilot   11: 16384 op, 19300384.00 ns, 1.1780 us/op
WorkloadPilot   12: 32768 op, 40519101.00 ns, 1.2365 us/op
WorkloadPilot   13: 65536 op, 103287137.00 ns, 1.5760 us/op
WorkloadPilot   14: 131072 op, 100189445.00 ns, 764.3848 ns/op
WorkloadPilot   15: 262144 op, 171534782.00 ns, 654.3533 ns/op
WorkloadPilot   16: 524288 op, 340203653.00 ns, 648.8870 ns/op
WorkloadPilot   17: 1048576 op, 650005672.00 ns, 619.8937 ns/op

OverheadWarmup   1: 1048576 op, 5012658.00 ns, 4.7804 ns/op
OverheadWarmup   2: 1048576 op, 4985590.00 ns, 4.7546 ns/op
OverheadWarmup   3: 1048576 op, 4964270.00 ns, 4.7343 ns/op
OverheadWarmup   4: 1048576 op, 4967425.00 ns, 4.7373 ns/op
OverheadWarmup   5: 1048576 op, 4960521.00 ns, 4.7307 ns/op
OverheadWarmup   6: 1048576 op, 4980679.00 ns, 4.7499 ns/op
OverheadWarmup   7: 1048576 op, 4986287.00 ns, 4.7553 ns/op
OverheadWarmup   8: 1048576 op, 4981929.00 ns, 4.7511 ns/op

OverheadActual   1: 1048576 op, 5017170.00 ns, 4.7847 ns/op
OverheadActual   2: 1048576 op, 5004865.00 ns, 4.7730 ns/op
OverheadActual   3: 1048576 op, 5029025.00 ns, 4.7961 ns/op
OverheadActual   4: 1048576 op, 4980894.00 ns, 4.7502 ns/op
OverheadActual   5: 1048576 op, 4997307.00 ns, 4.7658 ns/op
OverheadActual   6: 1048576 op, 5021553.00 ns, 4.7889 ns/op
OverheadActual   7: 1048576 op, 5030787.00 ns, 4.7977 ns/op
OverheadActual   8: 1048576 op, 4965367.00 ns, 4.7353 ns/op
OverheadActual   9: 1048576 op, 4992780.00 ns, 4.7615 ns/op
OverheadActual  10: 1048576 op, 4991255.00 ns, 4.7600 ns/op
OverheadActual  11: 1048576 op, 4954822.00 ns, 4.7253 ns/op
OverheadActual  12: 1048576 op, 4977514.00 ns, 4.7469 ns/op
OverheadActual  13: 1048576 op, 4962395.00 ns, 4.7325 ns/op
OverheadActual  14: 1048576 op, 5008970.00 ns, 4.7769 ns/op
OverheadActual  15: 1048576 op, 4989482.00 ns, 4.7583 ns/op

WorkloadWarmup   1: 1048576 op, 667684079.00 ns, 636.7532 ns/op
WorkloadWarmup   2: 1048576 op, 650792856.00 ns, 620.6444 ns/op
WorkloadWarmup   3: 1048576 op, 662937210.00 ns, 632.2262 ns/op
WorkloadWarmup   4: 1048576 op, 676845026.00 ns, 645.4897 ns/op
WorkloadWarmup   5: 1048576 op, 650189755.00 ns, 620.0693 ns/op
WorkloadWarmup   6: 1048576 op, 648962373.00 ns, 618.8987 ns/op
WorkloadWarmup   7: 1048576 op, 648748758.00 ns, 618.6950 ns/op
WorkloadWarmup   8: 1048576 op, 654568420.00 ns, 624.2451 ns/op
WorkloadWarmup   9: 1048576 op, 652829549.00 ns, 622.5868 ns/op

// BeforeActualRun
WorkloadActual   1: 1048576 op, 654417707.00 ns, 624.1014 ns/op
WorkloadActual   2: 1048576 op, 649806768.00 ns, 619.7040 ns/op
WorkloadActual   3: 1048576 op, 646225011.00 ns, 616.2882 ns/op
WorkloadActual   4: 1048576 op, 648352124.00 ns, 618.3168 ns/op
WorkloadActual   5: 1048576 op, 644748271.00 ns, 614.8799 ns/op
WorkloadActual   6: 1048576 op, 646437394.00 ns, 616.4907 ns/op
WorkloadActual   7: 1048576 op, 656293037.00 ns, 625.8898 ns/op
WorkloadActual   8: 1048576 op, 647593019.00 ns, 617.5928 ns/op
WorkloadActual   9: 1048576 op, 647284060.00 ns, 617.2982 ns/op
WorkloadActual  10: 1048576 op, 650508748.00 ns, 620.3735 ns/op
WorkloadActual  11: 1048576 op, 647261222.00 ns, 617.2764 ns/op
WorkloadActual  12: 1048576 op, 648264066.00 ns, 618.2328 ns/op
WorkloadActual  13: 1048576 op, 649757753.00 ns, 619.6573 ns/op
WorkloadActual  14: 1048576 op, 647816386.00 ns, 617.8058 ns/op
WorkloadActual  15: 1048576 op, 648364597.00 ns, 618.3287 ns/op

// AfterActualRun
WorkloadResult   1: 1048576 op, 644813988.00 ns, 614.9425 ns/op
WorkloadResult   2: 1048576 op, 641232231.00 ns, 611.5267 ns/op
WorkloadResult   3: 1048576 op, 643359344.00 ns, 613.5553 ns/op
WorkloadResult   4: 1048576 op, 639755491.00 ns, 610.1184 ns/op
WorkloadResult   5: 1048576 op, 641444614.00 ns, 611.7293 ns/op
WorkloadResult   6: 1048576 op, 642600239.00 ns, 612.8313 ns/op
WorkloadResult   7: 1048576 op, 642291280.00 ns, 612.5367 ns/op
WorkloadResult   8: 1048576 op, 645515968.00 ns, 615.6120 ns/op
WorkloadResult   9: 1048576 op, 642268442.00 ns, 612.5149 ns/op
WorkloadResult  10: 1048576 op, 643271286.00 ns, 613.4713 ns/op
WorkloadResult  11: 1048576 op, 644764973.00 ns, 614.8958 ns/op
WorkloadResult  12: 1048576 op, 642823606.00 ns, 613.0444 ns/op
WorkloadResult  13: 1048576 op, 643371817.00 ns, 613.5672 ns/op
// GC:  2 0 0 192937984 1048576
// Threading:  0 0 1048576

// AfterAll
// Benchmark Process 4088 has exited with code 0.

Mean = 613.104 ns, StdErr = 0.420 ns (0.07%), N = 13, StdDev = 1.513 ns
Min = 610.118 ns, Q1 = 612.515 ns, Median = 613.044 ns, Q3 = 613.567 ns, Max = 615.612 ns
IQR = 1.052 ns, LowerFence = 610.937 ns, UpperFence = 615.146 ns
ConfidenceInterval = [611.292 ns; 614.915 ns] (CI 99.9%), Margin = 1.812 ns (0.30% of Mean)
Skewness = -0.12, Kurtosis = 2.21, MValue = 2

// ** Remained 27 (69.2 %) benchmark(s) to run. Estimated finish 2026-09-27 7:26 (0h 7m from now) **
// **************************
// Benchmark: SecurityBenchmarks.'SecretBuffer Allocate & Dispose (ZeroMemory)': .NET 10.0(Runtime=.NET 10.0, Toolchain=net10.0)
// *** Execute ***
// Launch: 1 / 1
// Execute: dotnet "EricksonLopez.Security.Benchmarks-.NET 10.0-1.dll" --anonymousPipes 171 172 --benchmarkName EricksonLopez.Security.Benchmarks.SecurityBenchmarks.SecretBuffer_RentAndScrub --job ".NET 10.0" --benchmarkId 12 in /home/runner/work/dotnet-security/dotnet-security/benchmarks/EricksonLopez.Security.Benchmarks/bin/Release/net10.0/EricksonLopez.Security.Benchmarks-.NET 10.0-1/bin/Release/net10.0
// Failed to set up high priority (Permission denied). In order to run benchmarks with high priority, make sure you have the right permissions.
// BeforeAnythingElse

// Benchmark Process Environment Information:
// BenchmarkDotNet v0.15.8
// Runtime=.NET 10.0.12 (10.0.12, 10.0.1226.42308), X64 RyuJIT x86-64-v4
// GC=Concurrent Workstation
// HardwareIntrinsics=AVX512 BITALG+VBMI2+VNNI+VPOPCNTDQ,AVX512 IFMA+VBMI,AVX512 F+BW+CD+DQ+VL,AVX2+BMI1+BMI2+F16C+FMA+LZCNT+MOVBE,AVX,SSE3+SSSE3+SSE4.1+SSE4.2+POPCNT,X86Base+SSE+SSE2,AES+PCLMUL,AvxVnni,SERIALIZE VectorSize=256
// Job: .NET 10.0

OverheadJitting  1: 1 op, 151440.00 ns, 151.4400 us/op
WorkloadJitting  1: 1 op, 605148.00 ns, 605.1480 us/op

OverheadJitting  2: 16 op, 203513.00 ns, 12.7196 us/op
WorkloadJitting  2: 16 op, 282453.00 ns, 17.6533 us/op

WorkloadPilot    1: 16 op, 7960.00 ns, 497.5000 ns/op
WorkloadPilot    2: 32 op, 9011.00 ns, 281.5938 ns/op
WorkloadPilot    3: 64 op, 12829.00 ns, 200.4531 ns/op
WorkloadPilot    4: 128 op, 29623.00 ns, 231.4297 ns/op
WorkloadPilot    5: 256 op, 53223.00 ns, 207.9023 ns/op
WorkloadPilot    6: 512 op, 73723.00 ns, 143.9902 ns/op
WorkloadPilot    7: 1024 op, 114656.00 ns, 111.9688 ns/op
WorkloadPilot    8: 2048 op, 231358.00 ns, 112.9678 ns/op
WorkloadPilot    9: 4096 op, 429302.00 ns, 104.8101 ns/op
WorkloadPilot   10: 8192 op, 887902.00 ns, 108.3865 ns/op
WorkloadPilot   11: 16384 op, 1619626.00 ns, 98.8541 ns/op
WorkloadPilot   12: 32768 op, 3301141.00 ns, 100.7428 ns/op
WorkloadPilot   13: 65536 op, 6523475.00 ns, 99.5403 ns/op
WorkloadPilot   14: 131072 op, 13405162.00 ns, 102.2733 ns/op
WorkloadPilot   15: 262144 op, 27932729.00 ns, 106.5549 ns/op
WorkloadPilot   16: 524288 op, 54612094.00 ns, 104.1643 ns/op
WorkloadPilot   17: 1048576 op, 99492139.00 ns, 94.8831 ns/op
WorkloadPilot   18: 2097152 op, 140230640.00 ns, 66.8672 ns/op
WorkloadPilot   19: 4194304 op, 272495266.00 ns, 64.9679 ns/op
WorkloadPilot   20: 8388608 op, 548628128.00 ns, 65.4016 ns/op

OverheadWarmup   1: 8388608 op, 24492120.00 ns, 2.9197 ns/op
OverheadWarmup   2: 8388608 op, 24384206.00 ns, 2.9068 ns/op
OverheadWarmup   3: 8388608 op, 24337585.00 ns, 2.9013 ns/op
OverheadWarmup   4: 8388608 op, 24363691.00 ns, 2.9044 ns/op
OverheadWarmup   5: 8388608 op, 24334763.00 ns, 2.9009 ns/op
OverheadWarmup   6: 8388608 op, 24361505.00 ns, 2.9041 ns/op
OverheadWarmup   7: 8388608 op, 24354465.00 ns, 2.9033 ns/op

OverheadActual   1: 8388608 op, 24361035.00 ns, 2.9041 ns/op
OverheadActual   2: 8388608 op, 24399035.00 ns, 2.9086 ns/op
OverheadActual   3: 8388608 op, 24437852.00 ns, 2.9132 ns/op
OverheadActual   4: 8388608 op, 24440377.00 ns, 2.9135 ns/op
OverheadActual   5: 8388608 op, 24418635.00 ns, 2.9109 ns/op
OverheadActual   6: 8388608 op, 24336314.00 ns, 2.9011 ns/op
OverheadActual   7: 8388608 op, 24358994.00 ns, 2.9038 ns/op
OverheadActual   8: 8388608 op, 24483348.00 ns, 2.9186 ns/op
OverheadActual   9: 8388608 op, 22608188.00 ns, 2.6951 ns/op
OverheadActual  10: 8388608 op, 17361889.00 ns, 2.0697 ns/op
OverheadActual  11: 8388608 op, 17364522.00 ns, 2.0700 ns/op
OverheadActual  12: 8388608 op, 17291200.00 ns, 2.0613 ns/op
OverheadActual  13: 8388608 op, 17307163.00 ns, 2.0632 ns/op
OverheadActual  14: 8388608 op, 17324403.00 ns, 2.0652 ns/op
OverheadActual  15: 8388608 op, 17310507.00 ns, 2.0636 ns/op
OverheadActual  16: 8388608 op, 17309339.00 ns, 2.0634 ns/op
OverheadActual  17: 8388608 op, 17383777.00 ns, 2.0723 ns/op
OverheadActual  18: 8388608 op, 17291968.00 ns, 2.0614 ns/op
OverheadActual  19: 8388608 op, 17328259.00 ns, 2.0657 ns/op
OverheadActual  20: 8388608 op, 17287636.00 ns, 2.0608 ns/op

WorkloadWarmup   1: 8388608 op, 583409119.00 ns, 69.5478 ns/op
WorkloadWarmup   2: 8388608 op, 554302720.00 ns, 66.0780 ns/op
WorkloadWarmup   3: 8388608 op, 546292058.00 ns, 65.1231 ns/op
WorkloadWarmup   4: 8388608 op, 548379865.00 ns, 65.3720 ns/op
WorkloadWarmup   5: 8388608 op, 551505507.00 ns, 65.7446 ns/op
WorkloadWarmup   6: 8388608 op, 547476213.00 ns, 65.2643 ns/op
WorkloadWarmup   7: 8388608 op, 550207836.00 ns, 65.5899 ns/op
WorkloadWarmup   8: 8388608 op, 553282296.00 ns, 65.9564 ns/op
WorkloadWarmup   9: 8388608 op, 556928154.00 ns, 66.3910 ns/op
WorkloadWarmup  10: 8388608 op, 550005751.00 ns, 65.5658 ns/op

// BeforeActualRun
WorkloadActual   1: 8388608 op, 549902302.00 ns, 65.5535 ns/op
WorkloadActual   2: 8388608 op, 548063580.00 ns, 65.3343 ns/op
WorkloadActual   3: 8388608 op, 546640640.00 ns, 65.1646 ns/op
WorkloadActual   4: 8388608 op, 546494439.00 ns, 65.1472 ns/op
WorkloadActual   5: 8388608 op, 550099320.00 ns, 65.5769 ns/op
WorkloadActual   6: 8388608 op, 550966142.00 ns, 65.6803 ns/op
WorkloadActual   7: 8388608 op, 549891159.00 ns, 65.5521 ns/op
WorkloadActual   8: 8388608 op, 549063466.00 ns, 65.4535 ns/op
WorkloadActual   9: 8388608 op, 546707525.00 ns, 65.1726 ns/op
WorkloadActual  10: 8388608 op, 546526197.00 ns, 65.1510 ns/op
WorkloadActual  11: 8388608 op, 549375550.00 ns, 65.4907 ns/op
WorkloadActual  12: 8388608 op, 550914526.00 ns, 65.6741 ns/op
WorkloadActual  13: 8388608 op, 551703933.00 ns, 65.7682 ns/op
WorkloadActual  14: 8388608 op, 549558011.00 ns, 65.5124 ns/op
WorkloadActual  15: 8388608 op, 547965242.00 ns, 65.3225 ns/op

// AfterActualRun
WorkloadResult   1: 8388608 op, 532528152.50 ns, 63.4823 ns/op
WorkloadResult   2: 8388608 op, 530689430.50 ns, 63.2631 ns/op
WorkloadResult   3: 8388608 op, 529266490.50 ns, 63.0935 ns/op
WorkloadResult   4: 8388608 op, 529120289.50 ns, 63.0761 ns/op
WorkloadResult   5: 8388608 op, 532725170.50 ns, 63.5058 ns/op
WorkloadResult   6: 8388608 op, 533591992.50 ns, 63.6091 ns/op
WorkloadResult   7: 8388608 op, 532517009.50 ns, 63.4810 ns/op
WorkloadResult   8: 8388608 op, 531689316.50 ns, 63.3823 ns/op
WorkloadResult   9: 8388608 op, 529333375.50 ns, 63.1015 ns/op
WorkloadResult  10: 8388608 op, 529152047.50 ns, 63.0798 ns/op
WorkloadResult  11: 8388608 op, 532001400.50 ns, 63.4195 ns/op
WorkloadResult  12: 8388608 op, 533540376.50 ns, 63.6030 ns/op
WorkloadResult  13: 8388608 op, 534329783.50 ns, 63.6971 ns/op
WorkloadResult  14: 8388608 op, 532183861.50 ns, 63.4413 ns/op
WorkloadResult  15: 8388608 op, 530591092.50 ns, 63.2514 ns/op
// GC:  3 0 0 268435456 8388608
// Threading:  0 0 8388608

// AfterAll
// Benchmark Process 4104 has exited with code 0.

Mean = 63.366 ns, StdErr = 0.054 ns (0.09%), N = 15, StdDev = 0.209 ns
Min = 63.076 ns, Q1 = 63.176 ns, Median = 63.420 ns, Q3 = 63.494 ns, Max = 63.697 ns
IQR = 0.318 ns, LowerFence = 62.700 ns, UpperFence = 63.970 ns
ConfidenceInterval = [63.142 ns; 63.590 ns] (CI 99.9%), Margin = 0.224 ns (0.35% of Mean)
Skewness = -0.13, Kurtosis = 1.52, MValue = 2

// ** Remained 26 (66.7 %) benchmark(s) to run. Estimated finish 2026-09-27 7:26 (0h 7m from now) **
// **************************
// Benchmark: SecurityBenchmarks.'AES-GCM 256-bit Encrypt (Span, Zero-Alloc)': .NET 8.0(Runtime=.NET 8.0, Toolchain=net8.0)
// *** Execute ***
// Launch: 1 / 1
// Execute: dotnet "EricksonLopez.Security.Benchmarks-.NET 8.0-2.dll" --anonymousPipes 171 172 --benchmarkName EricksonLopez.Security.Benchmarks.SecurityBenchmarks.AesGcm_Encrypt_Span --job ".NET 8.0" --benchmarkId 0 in /home/runner/work/dotnet-security/dotnet-security/benchmarks/EricksonLopez.Security.Benchmarks/bin/Release/net10.0/EricksonLopez.Security.Benchmarks-.NET 8.0-2/bin/Release/net8.0
// Failed to set up high priority (Permission denied). In order to run benchmarks with high priority, make sure you have the right permissions.
// BeforeAnythingElse

// Benchmark Process Environment Information:
// BenchmarkDotNet v0.15.8
// Runtime=.NET 8.0.31 (8.0.31, 8.0.3126.42015), X64 RyuJIT x86-64-v4
// GC=Concurrent Workstation
// HardwareIntrinsics=AVX512 IFMA+VBMI,AVX512 F+BW+CD+DQ+VL,AVX2+BMI1+BMI2+F16C+FMA+LZCNT+MOVBE,AVX,SSE3+SSSE3+SSE4.1+SSE4.2+POPCNT,X86Base+SSE+SSE2,AES+PCLMUL,AvxVnni,SERIALIZE VectorSize=256
// Job: .NET 8.0

OverheadJitting  1: 1 op, 198724.00 ns, 198.7240 us/op
WorkloadJitting  1: 1 op, 326278.00 ns, 326.2780 us/op

OverheadJitting  2: 16 op, 313687.00 ns, 19.6054 us/op
WorkloadJitting  2: 16 op, 364606.00 ns, 22.7879 us/op

WorkloadPilot    1: 16 op, 109180.00 ns, 6.8238 us/op
WorkloadPilot    2: 32 op, 165535.00 ns, 5.1730 us/op
WorkloadPilot    3: 64 op, 255026.00 ns, 3.9848 us/op
WorkloadPilot    4: 128 op, 483662.00 ns, 3.7786 us/op
WorkloadPilot    5: 256 op, 957312.00 ns, 3.7395 us/op
WorkloadPilot    6: 512 op, 1888186.00 ns, 3.6879 us/op
WorkloadPilot    7: 1024 op, 3776939.00 ns, 3.6884 us/op
WorkloadPilot    8: 2048 op, 6286450.00 ns, 3.0696 us/op
WorkloadPilot    9: 4096 op, 17745736.00 ns, 4.3325 us/op
WorkloadPilot   10: 8192 op, 39560893.00 ns, 4.8292 us/op
WorkloadPilot   11: 16384 op, 51596060.00 ns, 3.1492 us/op
WorkloadPilot   12: 32768 op, 100314556.00 ns, 3.0614 us/op
WorkloadPilot   13: 65536 op, 193684681.00 ns, 2.9554 us/op
WorkloadPilot   14: 131072 op, 367589091.00 ns, 2.8045 us/op
WorkloadPilot   15: 262144 op, 736300743.00 ns, 2.8088 us/op

OverheadWarmup   1: 262144 op, 704631.00 ns, 2.6880 ns/op
OverheadWarmup   2: 262144 op, 684762.00 ns, 2.6122 ns/op
OverheadWarmup   3: 262144 op, 708902.00 ns, 2.7042 ns/op
OverheadWarmup   4: 262144 op, 695156.00 ns, 2.6518 ns/op
OverheadWarmup   5: 262144 op, 695389.00 ns, 2.6527 ns/op
OverheadWarmup   6: 262144 op, 693053.00 ns, 2.6438 ns/op

OverheadActual   1: 262144 op, 687404.00 ns, 2.6222 ns/op
OverheadActual   2: 262144 op, 687355.00 ns, 2.6221 ns/op
OverheadActual   3: 262144 op, 713821.00 ns, 2.7230 ns/op
OverheadActual   4: 262144 op, 687081.00 ns, 2.6210 ns/op
OverheadActual   5: 262144 op, 698917.00 ns, 2.6662 ns/op
OverheadActual   6: 262144 op, 708370.00 ns, 2.7022 ns/op
OverheadActual   7: 262144 op, 694908.00 ns, 2.6509 ns/op
OverheadActual   8: 262144 op, 692006.00 ns, 2.6398 ns/op
OverheadActual   9: 262144 op, 686672.00 ns, 2.6194 ns/op
OverheadActual  10: 262144 op, 684416.00 ns, 2.6108 ns/op
OverheadActual  11: 262144 op, 686614.00 ns, 2.6192 ns/op
OverheadActual  12: 262144 op, 689343.00 ns, 2.6296 ns/op
OverheadActual  13: 262144 op, 704225.00 ns, 2.6864 ns/op
OverheadActual  14: 262144 op, 694833.00 ns, 2.6506 ns/op
OverheadActual  15: 262144 op, 692866.00 ns, 2.6431 ns/op

WorkloadWarmup   1: 262144 op, 741628700.00 ns, 2.8291 us/op
WorkloadWarmup   2: 262144 op, 742251295.00 ns, 2.8315 us/op
WorkloadWarmup   3: 262144 op, 728865822.00 ns, 2.7804 us/op
WorkloadWarmup   4: 262144 op, 728257539.00 ns, 2.7781 us/op
WorkloadWarmup   5: 262144 op, 730572293.00 ns, 2.7869 us/op
WorkloadWarmup   6: 262144 op, 729843949.00 ns, 2.7841 us/op

// BeforeActualRun
WorkloadActual   1: 262144 op, 731878067.00 ns, 2.7919 us/op
WorkloadActual   2: 262144 op, 726099557.00 ns, 2.7698 us/op
WorkloadActual   3: 262144 op, 729216518.00 ns, 2.7817 us/op
WorkloadActual   4: 262144 op, 730962955.00 ns, 2.7884 us/op
WorkloadActual   5: 262144 op, 727137041.00 ns, 2.7738 us/op
WorkloadActual   6: 262144 op, 727859764.00 ns, 2.7766 us/op
WorkloadActual   7: 262144 op, 727789540.00 ns, 2.7763 us/op
WorkloadActual   8: 262144 op, 726402981.00 ns, 2.7710 us/op
WorkloadActual   9: 262144 op, 726722899.00 ns, 2.7722 us/op
WorkloadActual  10: 262144 op, 726311435.00 ns, 2.7707 us/op
WorkloadActual  11: 262144 op, 726031817.00 ns, 2.7696 us/op
WorkloadActual  12: 262144 op, 729006048.00 ns, 2.7809 us/op
WorkloadActual  13: 262144 op, 726739911.00 ns, 2.7723 us/op
WorkloadActual  14: 262144 op, 728353693.00 ns, 2.7784 us/op
WorkloadActual  15: 262144 op, 727569682.00 ns, 2.7755 us/op

// AfterActualRun
WorkloadResult   1: 262144 op, 725407551.00 ns, 2.7672 us/op
WorkloadResult   2: 262144 op, 728524512.00 ns, 2.7791 us/op
WorkloadResult   3: 262144 op, 730270949.00 ns, 2.7858 us/op
WorkloadResult   4: 262144 op, 726445035.00 ns, 2.7712 us/op
WorkloadResult   5: 262144 op, 727167758.00 ns, 2.7739 us/op
WorkloadResult   6: 262144 op, 727097534.00 ns, 2.7737 us/op
WorkloadResult   7: 262144 op, 725710975.00 ns, 2.7684 us/op
WorkloadResult   8: 262144 op, 726030893.00 ns, 2.7696 us/op
WorkloadResult   9: 262144 op, 725619429.00 ns, 2.7680 us/op
WorkloadResult  10: 262144 op, 725339811.00 ns, 2.7670 us/op
WorkloadResult  11: 262144 op, 728314042.00 ns, 2.7783 us/op
WorkloadResult  12: 262144 op, 726047905.00 ns, 2.7697 us/op
WorkloadResult  13: 262144 op, 727661687.00 ns, 2.7758 us/op
WorkloadResult  14: 262144 op, 726877676.00 ns, 2.7728 us/op
// GC:  0 0 0 16777424 262144
// Threading:  0 0 262144

// AfterAll
// Benchmark Process 4115 has exited with code 0.

Mean = 2.773 μs, StdErr = 0.001 μs (0.05%), N = 14, StdDev = 0.005 μs
Min = 2.767 μs, Q1 = 2.769 μs, Median = 2.772 μs, Q3 = 2.775 μs, Max = 2.786 μs
IQR = 0.007 μs, LowerFence = 2.759 μs, UpperFence = 2.785 μs
ConfidenceInterval = [2.767 μs; 2.779 μs] (CI 99.9%), Margin = 0.006 μs (0.22% of Mean)
Skewness = 0.86, Kurtosis = 2.8, MValue = 2

// ** Remained 25 (64.1 %) benchmark(s) to run. Estimated finish 2026-09-27 7:27 (0h 7m from now) **
// **************************
// Benchmark: SecurityBenchmarks.'AES-GCM 256-bit Decrypt (Span, Zero-Alloc)': .NET 8.0(Runtime=.NET 8.0, Toolchain=net8.0)
// *** Execute ***
// Launch: 1 / 1
// Execute: dotnet "EricksonLopez.Security.Benchmarks-.NET 8.0-2.dll" --anonymousPipes 171 172 --benchmarkName EricksonLopez.Security.Benchmarks.SecurityBenchmarks.AesGcm_Decrypt_Span --job ".NET 8.0" --benchmarkId 1 in /home/runner/work/dotnet-security/dotnet-security/benchmarks/EricksonLopez.Security.Benchmarks/bin/Release/net10.0/EricksonLopez.Security.Benchmarks-.NET 8.0-2/bin/Release/net8.0
// Failed to set up high priority (Permission denied). In order to run benchmarks with high priority, make sure you have the right permissions.
// BeforeAnythingElse

// Benchmark Process Environment Information:
// BenchmarkDotNet v0.15.8
// Runtime=.NET 8.0.31 (8.0.31, 8.0.3126.42015), X64 RyuJIT x86-64-v4
// GC=Concurrent Workstation
// HardwareIntrinsics=AVX512 IFMA+VBMI,AVX512 F+BW+CD+DQ+VL,AVX2+BMI1+BMI2+F16C+FMA+LZCNT+MOVBE,AVX,SSE3+SSSE3+SSE4.1+SSE4.2+POPCNT,X86Base+SSE+SSE2,AES+PCLMUL,AvxVnni,SERIALIZE VectorSize=256
// Job: .NET 8.0

OverheadJitting  1: 1 op, 127503.00 ns, 127.5030 us/op
WorkloadJitting  1: 1 op, 886093.00 ns, 886.0930 us/op

OverheadJitting  2: 16 op, 179825.00 ns, 11.2391 us/op
WorkloadJitting  2: 16 op, 229292.00 ns, 14.3308 us/op

WorkloadPilot    1: 16 op, 82329.00 ns, 5.1456 us/op
WorkloadPilot    2: 32 op, 108834.00 ns, 3.4011 us/op
WorkloadPilot    3: 64 op, 172237.00 ns, 2.6912 us/op
WorkloadPilot    4: 128 op, 332766.00 ns, 2.5997 us/op
WorkloadPilot    5: 256 op, 602581.00 ns, 2.3538 us/op
WorkloadPilot    6: 512 op, 1148100.00 ns, 2.2424 us/op
WorkloadPilot    7: 1024 op, 2275327.00 ns, 2.2220 us/op
WorkloadPilot    8: 2048 op, 4491714.00 ns, 2.1932 us/op
WorkloadPilot    9: 4096 op, 8967364.00 ns, 2.1893 us/op
WorkloadPilot   10: 8192 op, 18006013.00 ns, 2.1980 us/op
WorkloadPilot   11: 16384 op, 35560556.00 ns, 2.1704 us/op
WorkloadPilot   12: 32768 op, 70821857.00 ns, 2.1613 us/op
WorkloadPilot   13: 65536 op, 143228123.00 ns, 2.1855 us/op
WorkloadPilot   14: 131072 op, 252678453.00 ns, 1.9278 us/op
WorkloadPilot   15: 262144 op, 506436601.00 ns, 1.9319 us/op

OverheadWarmup   1: 262144 op, 706394.00 ns, 2.6947 ns/op
OverheadWarmup   2: 262144 op, 675541.00 ns, 2.5770 ns/op
OverheadWarmup   3: 262144 op, 675285.00 ns, 2.5760 ns/op
OverheadWarmup   4: 262144 op, 683242.00 ns, 2.6064 ns/op
OverheadWarmup   5: 262144 op, 684057.00 ns, 2.6095 ns/op
OverheadWarmup   6: 262144 op, 682676.00 ns, 2.6042 ns/op
OverheadWarmup   7: 262144 op, 698374.00 ns, 2.6641 ns/op
OverheadWarmup   8: 262144 op, 684842.00 ns, 2.6125 ns/op

OverheadActual   1: 262144 op, 706308.00 ns, 2.6944 ns/op
OverheadActual   2: 262144 op, 676094.00 ns, 2.5791 ns/op
OverheadActual   3: 262144 op, 687463.00 ns, 2.6225 ns/op
OverheadActual   4: 262144 op, 684166.00 ns, 2.6099 ns/op
OverheadActual   5: 262144 op, 688189.00 ns, 2.6252 ns/op
OverheadActual   6: 262144 op, 684280.00 ns, 2.6103 ns/op
OverheadActual   7: 262144 op, 683628.00 ns, 2.6078 ns/op
OverheadActual   8: 262144 op, 698768.00 ns, 2.6656 ns/op
OverheadActual   9: 262144 op, 678135.00 ns, 2.5869 ns/op
OverheadActual  10: 262144 op, 675444.00 ns, 2.5766 ns/op
OverheadActual  11: 262144 op, 675383.00 ns, 2.5764 ns/op
OverheadActual  12: 262144 op, 698546.00 ns, 2.6647 ns/op
OverheadActual  13: 262144 op, 698804.00 ns, 2.6657 ns/op
OverheadActual  14: 262144 op, 696948.00 ns, 2.6586 ns/op
OverheadActual  15: 262144 op, 696366.00 ns, 2.6564 ns/op

WorkloadWarmup   1: 262144 op, 505435183.00 ns, 1.9281 us/op
WorkloadWarmup   2: 262144 op, 498230420.00 ns, 1.9006 us/op
WorkloadWarmup   3: 262144 op, 498172734.00 ns, 1.9004 us/op
WorkloadWarmup   4: 262144 op, 498094025.00 ns, 1.9001 us/op
WorkloadWarmup   5: 262144 op, 499353320.00 ns, 1.9049 us/op
WorkloadWarmup   6: 262144 op, 497692871.00 ns, 1.8985 us/op
WorkloadWarmup   7: 262144 op, 496807500.00 ns, 1.8952 us/op
WorkloadWarmup   8: 262144 op, 498731427.00 ns, 1.9025 us/op
WorkloadWarmup   9: 262144 op, 497907877.00 ns, 1.8994 us/op

// BeforeActualRun
WorkloadActual   1: 262144 op, 500458348.00 ns, 1.9091 us/op
WorkloadActual   2: 262144 op, 497141858.00 ns, 1.8964 us/op
WorkloadActual   3: 262144 op, 496440648.00 ns, 1.8938 us/op
WorkloadActual   4: 262144 op, 499385760.00 ns, 1.9050 us/op
WorkloadActual   5: 262144 op, 497243646.00 ns, 1.8968 us/op
WorkloadActual   6: 262144 op, 497372710.00 ns, 1.8973 us/op
WorkloadActual   7: 262144 op, 504753784.00 ns, 1.9255 us/op
WorkloadActual   8: 262144 op, 497975965.00 ns, 1.8996 us/op
WorkloadActual   9: 262144 op, 498099575.00 ns, 1.9001 us/op
WorkloadActual  10: 262144 op, 496957002.00 ns, 1.8957 us/op
WorkloadActual  11: 262144 op, 497587140.00 ns, 1.8981 us/op
WorkloadActual  12: 262144 op, 498055206.00 ns, 1.8999 us/op
WorkloadActual  13: 262144 op, 496282478.00 ns, 1.8932 us/op
WorkloadActual  14: 262144 op, 496512180.00 ns, 1.8940 us/op
WorkloadActual  15: 262144 op, 495724522.00 ns, 1.8910 us/op

// AfterActualRun
WorkloadResult   1: 262144 op, 496454395.00 ns, 1.8938 us/op
WorkloadResult   2: 262144 op, 495753185.00 ns, 1.8911 us/op
WorkloadResult   3: 262144 op, 498698297.00 ns, 1.9024 us/op
WorkloadResult   4: 262144 op, 496556183.00 ns, 1.8942 us/op
WorkloadResult   5: 262144 op, 496685247.00 ns, 1.8947 us/op
WorkloadResult   6: 262144 op, 497288502.00 ns, 1.8970 us/op
WorkloadResult   7: 262144 op, 497412112.00 ns, 1.8975 us/op
WorkloadResult   8: 262144 op, 496269539.00 ns, 1.8931 us/op
WorkloadResult   9: 262144 op, 496899677.00 ns, 1.8955 us/op
WorkloadResult  10: 262144 op, 497367743.00 ns, 1.8973 us/op
WorkloadResult  11: 262144 op, 495595015.00 ns, 1.8905 us/op
WorkloadResult  12: 262144 op, 495824717.00 ns, 1.8914 us/op
WorkloadResult  13: 262144 op, 495037059.00 ns, 1.8884 us/op
// GC:  0 0 0 16777424 262144
// Threading:  0 0 262144

// AfterAll
// Benchmark Process 4132 has exited with code 0.

Mean = 1.894 μs, StdErr = 0.001 μs (0.05%), N = 13, StdDev = 0.004 μs
Min = 1.888 μs, Q1 = 1.891 μs, Median = 1.894 μs, Q3 = 1.897 μs, Max = 1.902 μs
IQR = 0.006 μs, LowerFence = 1.883 μs, UpperFence = 1.905 μs
ConfidenceInterval = [1.890 μs; 1.899 μs] (CI 99.9%), Margin = 0.004 μs (0.23% of Mean)
Skewness = 0.39, Kurtosis = 2.52, MValue = 2

// ** Remained 24 (61.5 %) benchmark(s) to run. Estimated finish 2026-09-27 7:26 (0h 7m from now) **
// **************************
// Benchmark: SecurityBenchmarks.'AES-GCM Parallel Concurrent Throughput (100 ops)': .NET 8.0(Runtime=.NET 8.0, Toolchain=net8.0)
// *** Execute ***
// Launch: 1 / 1
// Execute: dotnet "EricksonLopez.Security.Benchmarks-.NET 8.0-2.dll" --anonymousPipes 171 172 --benchmarkName EricksonLopez.Security.Benchmarks.SecurityBenchmarks.AesGcm_Concurrent_Throughput --job ".NET 8.0" --benchmarkId 2 in /home/runner/work/dotnet-security/dotnet-security/benchmarks/EricksonLopez.Security.Benchmarks/bin/Release/net10.0/EricksonLopez.Security.Benchmarks-.NET 8.0-2/bin/Release/net8.0
// Failed to set up high priority (Permission denied). In order to run benchmarks with high priority, make sure you have the right permissions.
// BeforeAnythingElse

// Benchmark Process Environment Information:
// BenchmarkDotNet v0.15.8
// Runtime=.NET 8.0.31 (8.0.31, 8.0.3126.42015), X64 RyuJIT x86-64-v4
// GC=Concurrent Workstation
// HardwareIntrinsics=AVX512 IFMA+VBMI,AVX512 F+BW+CD+DQ+VL,AVX2+BMI1+BMI2+F16C+FMA+LZCNT+MOVBE,AVX,SSE3+SSSE3+SSE4.1+SSE4.2+POPCNT,X86Base+SSE+SSE2,AES+PCLMUL,AvxVnni,SERIALIZE VectorSize=256
// Job: .NET 8.0

OverheadJitting  1: 1 op, 127896.00 ns, 127.8960 us/op
WorkloadJitting  1: 1 op, 31657336.00 ns, 31.6573 ms/op

OverheadJitting  2: 16 op, 166681.00 ns, 10.4176 us/op
WorkloadJitting  2: 16 op, 3400502.00 ns, 212.5314 us/op

WorkloadPilot    1: 16 op, 2742598.00 ns, 171.4124 us/op
WorkloadPilot    2: 32 op, 6043229.00 ns, 188.8509 us/op
WorkloadPilot    3: 64 op, 11008692.00 ns, 172.0108 us/op
WorkloadPilot    4: 128 op, 20874296.00 ns, 163.0804 us/op
WorkloadPilot    5: 256 op, 42417884.00 ns, 165.6949 us/op
WorkloadPilot    6: 512 op, 85939257.00 ns, 167.8501 us/op
WorkloadPilot    7: 1024 op, 187838459.00 ns, 183.4360 us/op
WorkloadPilot    8: 2048 op, 364134779.00 ns, 177.8002 us/op
WorkloadPilot    9: 4096 op, 692078429.00 ns, 168.9645 us/op

OverheadWarmup   1: 4096 op, 12494.00 ns, 3.0503 ns/op
OverheadWarmup   2: 4096 op, 11061.00 ns, 2.7004 ns/op
OverheadWarmup   3: 4096 op, 10906.00 ns, 2.6626 ns/op
OverheadWarmup   4: 4096 op, 10870.00 ns, 2.6538 ns/op
OverheadWarmup   5: 4096 op, 10882.00 ns, 2.6567 ns/op
OverheadWarmup   6: 4096 op, 10878.00 ns, 2.6558 ns/op
OverheadWarmup   7: 4096 op, 10905.00 ns, 2.6624 ns/op
OverheadWarmup   8: 4096 op, 10848.00 ns, 2.6484 ns/op

OverheadActual   1: 4096 op, 11266.00 ns, 2.7505 ns/op
OverheadActual   2: 4096 op, 11206.00 ns, 2.7358 ns/op
OverheadActual   3: 4096 op, 11231.00 ns, 2.7419 ns/op
OverheadActual   4: 4096 op, 11170.00 ns, 2.7271 ns/op
OverheadActual   5: 4096 op, 11190.00 ns, 2.7319 ns/op
OverheadActual   6: 4096 op, 11038.00 ns, 2.6948 ns/op
OverheadActual   7: 4096 op, 10950.00 ns, 2.6733 ns/op
OverheadActual   8: 4096 op, 10920.00 ns, 2.6660 ns/op
OverheadActual   9: 4096 op, 11428.00 ns, 2.7900 ns/op
OverheadActual  10: 4096 op, 10965.00 ns, 2.6770 ns/op
OverheadActual  11: 4096 op, 10968.00 ns, 2.6777 ns/op
OverheadActual  12: 4096 op, 10998.00 ns, 2.6851 ns/op
OverheadActual  13: 4096 op, 11053.00 ns, 2.6985 ns/op
OverheadActual  14: 4096 op, 10984.00 ns, 2.6816 ns/op
OverheadActual  15: 4096 op, 10962.00 ns, 2.6763 ns/op

WorkloadWarmup   1: 4096 op, 647747189.00 ns, 158.1414 us/op
WorkloadWarmup   2: 4096 op, 613547502.00 ns, 149.7919 us/op
WorkloadWarmup   3: 4096 op, 609491069.00 ns, 148.8015 us/op
WorkloadWarmup   4: 4096 op, 603966671.00 ns, 147.4528 us/op
WorkloadWarmup   5: 4096 op, 616641588.00 ns, 150.5473 us/op
WorkloadWarmup   6: 4096 op, 606952826.00 ns, 148.1818 us/op
WorkloadWarmup   7: 4096 op, 612870547.00 ns, 149.6266 us/op
WorkloadWarmup   8: 4096 op, 608279676.00 ns, 148.5058 us/op

// BeforeActualRun
WorkloadActual   1: 4096 op, 614527060.00 ns, 150.0310 us/op
WorkloadActual   2: 4096 op, 609410330.00 ns, 148.7818 us/op
WorkloadActual   3: 4096 op, 617936775.00 ns, 150.8635 us/op
WorkloadActual   4: 4096 op, 609406658.00 ns, 148.7809 us/op
WorkloadActual   5: 4096 op, 621004021.00 ns, 151.6123 us/op
WorkloadActual   6: 4096 op, 604523702.00 ns, 147.5888 us/op
WorkloadActual   7: 4096 op, 608521836.00 ns, 148.5649 us/op
WorkloadActual   8: 4096 op, 616459808.00 ns, 150.5029 us/op
WorkloadActual   9: 4096 op, 608812603.00 ns, 148.6359 us/op
WorkloadActual  10: 4096 op, 629129056.00 ns, 153.5960 us/op
WorkloadActual  11: 4096 op, 617265115.00 ns, 150.6995 us/op
WorkloadActual  12: 4096 op, 608062744.00 ns, 148.4528 us/op
WorkloadActual  13: 4096 op, 620956329.00 ns, 151.6007 us/op
WorkloadActual  14: 4096 op, 615021609.00 ns, 150.1518 us/op
WorkloadActual  15: 4096 op, 611730384.00 ns, 149.3482 us/op

// AfterActualRun
WorkloadResult   1: 4096 op, 614516022.00 ns, 150.0283 us/op
WorkloadResult   2: 4096 op, 609399292.00 ns, 148.7791 us/op
WorkloadResult   3: 4096 op, 617925737.00 ns, 150.8608 us/op
WorkloadResult   4: 4096 op, 609395620.00 ns, 148.7782 us/op
WorkloadResult   5: 4096 op, 620992983.00 ns, 151.6096 us/op
WorkloadResult   6: 4096 op, 604512664.00 ns, 147.5861 us/op
WorkloadResult   7: 4096 op, 608510798.00 ns, 148.5622 us/op
WorkloadResult   8: 4096 op, 616448770.00 ns, 150.5002 us/op
WorkloadResult   9: 4096 op, 608801565.00 ns, 148.6332 us/op
WorkloadResult  10: 4096 op, 629118018.00 ns, 153.5933 us/op
WorkloadResult  11: 4096 op, 617254077.00 ns, 150.6968 us/op
WorkloadResult  12: 4096 op, 608051706.00 ns, 148.4501 us/op
WorkloadResult  13: 4096 op, 620945291.00 ns, 151.5980 us/op
WorkloadResult  14: 4096 op, 615010571.00 ns, 150.1491 us/op
WorkloadResult  15: 4096 op, 611719346.00 ns, 149.3455 us/op
// GC:  0 0 0 35318032 4096
// Threading:  16528 0 4096

// AfterAll
// Benchmark Process 4144 has exited with code 0.

Mean = 149.945 μs, StdErr = 0.409 μs (0.27%), N = 15, StdDev = 1.583 μs
Min = 147.586 μs, Q1 = 148.706 μs, Median = 150.028 μs, Q3 = 150.779 μs, Max = 153.593 μs
IQR = 2.073 μs, LowerFence = 145.596 μs, UpperFence = 153.888 μs
ConfidenceInterval = [148.252 μs; 151.637 μs] (CI 99.9%), Margin = 1.692 μs (1.13% of Mean)
Skewness = 0.58, Kurtosis = 2.55, MValue = 2

// ** Remained 23 (59.0 %) benchmark(s) to run. Estimated finish 2026-09-27 7:26 (0h 6m from now) **
// **************************
// Benchmark: SecurityBenchmarks.'PBKDF2-SHA512 Password Hash (10k iters)': .NET 8.0(Runtime=.NET 8.0, Toolchain=net8.0)
// *** Execute ***
// Launch: 1 / 1
// Execute: dotnet "EricksonLopez.Security.Benchmarks-.NET 8.0-2.dll" --anonymousPipes 171 172 --benchmarkName EricksonLopez.Security.Benchmarks.SecurityBenchmarks.Pbkdf2_HashPassword --job ".NET 8.0" --benchmarkId 3 in /home/runner/work/dotnet-security/dotnet-security/benchmarks/EricksonLopez.Security.Benchmarks/bin/Release/net10.0/EricksonLopez.Security.Benchmarks-.NET 8.0-2/bin/Release/net8.0
// Failed to set up high priority (Permission denied). In order to run benchmarks with high priority, make sure you have the right permissions.
// BeforeAnythingElse

// Benchmark Process Environment Information:
// BenchmarkDotNet v0.15.8
// Runtime=.NET 8.0.31 (8.0.31, 8.0.3126.42015), X64 RyuJIT x86-64-v4
// GC=Concurrent Workstation
// HardwareIntrinsics=AVX512 IFMA+VBMI,AVX512 F+BW+CD+DQ+VL,AVX2+BMI1+BMI2+F16C+FMA+LZCNT+MOVBE,AVX,SSE3+SSSE3+SSE4.1+SSE4.2+POPCNT,X86Base+SSE+SSE2,AES+PCLMUL,AvxVnni,SERIALIZE VectorSize=256
// Job: .NET 8.0

OverheadJitting  1: 1 op, 194749.00 ns, 194.7490 us/op
WorkloadJitting  1: 1 op, 6023210.00 ns, 6.0232 ms/op

OverheadJitting  2: 16 op, 421918.00 ns, 26.3699 us/op
WorkloadJitting  2: 16 op, 97570821.00 ns, 6.0982 ms/op

WorkloadPilot    1: 16 op, 91835675.00 ns, 5.7397 ms/op
WorkloadPilot    2: 32 op, 183070343.00 ns, 5.7209 ms/op
WorkloadPilot    3: 64 op, 369175608.00 ns, 5.7684 ms/op
WorkloadPilot    4: 128 op, 732600396.00 ns, 5.7234 ms/op

OverheadWarmup   1: 128 op, 5001.00 ns, 39.0703 ns/op
OverheadWarmup   2: 128 op, 2740.00 ns, 21.4063 ns/op
OverheadWarmup   3: 128 op, 2585.00 ns, 20.1953 ns/op
OverheadWarmup   4: 128 op, 1103.00 ns, 8.6172 ns/op
OverheadWarmup   5: 128 op, 1144.00 ns, 8.9375 ns/op
OverheadWarmup   6: 128 op, 2540.00 ns, 19.8438 ns/op
OverheadWarmup   7: 128 op, 2605.00 ns, 20.3516 ns/op
OverheadWarmup   8: 128 op, 2676.00 ns, 20.9063 ns/op
OverheadWarmup   9: 128 op, 2852.00 ns, 22.2813 ns/op
OverheadWarmup  10: 128 op, 2693.00 ns, 21.0391 ns/op

OverheadActual   1: 128 op, 2965.00 ns, 23.1641 ns/op
OverheadActual   2: 128 op, 2907.00 ns, 22.7109 ns/op
OverheadActual   3: 128 op, 3079.00 ns, 24.0547 ns/op
OverheadActual   4: 128 op, 2830.00 ns, 22.1094 ns/op
OverheadActual   5: 128 op, 2931.00 ns, 22.8984 ns/op
OverheadActual   6: 128 op, 2899.00 ns, 22.6484 ns/op
OverheadActual   7: 128 op, 2575.00 ns, 20.1172 ns/op
OverheadActual   8: 128 op, 2660.00 ns, 20.7813 ns/op
OverheadActual   9: 128 op, 2563.00 ns, 20.0234 ns/op
OverheadActual  10: 128 op, 2615.00 ns, 20.4297 ns/op
OverheadActual  11: 128 op, 2733.00 ns, 21.3516 ns/op
OverheadActual  12: 128 op, 2835.00 ns, 22.1484 ns/op
OverheadActual  13: 128 op, 2591.00 ns, 20.2422 ns/op
OverheadActual  14: 128 op, 2697.00 ns, 21.0703 ns/op
OverheadActual  15: 128 op, 2755.00 ns, 21.5234 ns/op
OverheadActual  16: 128 op, 2610.00 ns, 20.3906 ns/op
OverheadActual  17: 128 op, 2782.00 ns, 21.7344 ns/op
OverheadActual  18: 128 op, 2995.00 ns, 23.3984 ns/op
OverheadActual  19: 128 op, 2798.00 ns, 21.8594 ns/op
OverheadActual  20: 128 op, 2792.00 ns, 21.8125 ns/op

WorkloadWarmup   1: 128 op, 733284418.00 ns, 5.7288 ms/op
WorkloadWarmup   2: 128 op, 731831058.00 ns, 5.7174 ms/op
WorkloadWarmup   3: 128 op, 733627685.00 ns, 5.7315 ms/op
WorkloadWarmup   4: 128 op, 733630138.00 ns, 5.7315 ms/op
WorkloadWarmup   5: 128 op, 732197327.00 ns, 5.7203 ms/op
WorkloadWarmup   6: 128 op, 732554349.00 ns, 5.7231 ms/op
WorkloadWarmup   7: 128 op, 731175112.00 ns, 5.7123 ms/op

// BeforeActualRun
WorkloadActual   1: 128 op, 735857971.00 ns, 5.7489 ms/op
WorkloadActual   2: 128 op, 735198889.00 ns, 5.7437 ms/op
WorkloadActual   3: 128 op, 733152797.00 ns, 5.7278 ms/op
WorkloadActual   4: 128 op, 732545509.00 ns, 5.7230 ms/op
WorkloadActual   5: 128 op, 731415225.00 ns, 5.7142 ms/op
WorkloadActual   6: 128 op, 732674999.00 ns, 5.7240 ms/op
WorkloadActual   7: 128 op, 731052237.00 ns, 5.7113 ms/op
WorkloadActual   8: 128 op, 732554620.00 ns, 5.7231 ms/op
WorkloadActual   9: 128 op, 731209324.00 ns, 5.7126 ms/op
WorkloadActual  10: 128 op, 731825237.00 ns, 5.7174 ms/op
WorkloadActual  11: 128 op, 739211460.00 ns, 5.7751 ms/op
WorkloadActual  12: 128 op, 731405822.00 ns, 5.7141 ms/op
WorkloadActual  13: 128 op, 732171206.00 ns, 5.7201 ms/op
WorkloadActual  14: 128 op, 732036080.00 ns, 5.7190 ms/op
WorkloadActual  15: 128 op, 732418515.00 ns, 5.7220 ms/op

// AfterActualRun
WorkloadResult   1: 128 op, 733150010.00 ns, 5.7277 ms/op
WorkloadResult   2: 128 op, 732542722.00 ns, 5.7230 ms/op
WorkloadResult   3: 128 op, 731412438.00 ns, 5.7142 ms/op
WorkloadResult   4: 128 op, 732672212.00 ns, 5.7240 ms/op
WorkloadResult   5: 128 op, 731049450.00 ns, 5.7113 ms/op
WorkloadResult   6: 128 op, 732551833.00 ns, 5.7231 ms/op
WorkloadResult   7: 128 op, 731206537.00 ns, 5.7126 ms/op
WorkloadResult   8: 128 op, 731822450.00 ns, 5.7174 ms/op
WorkloadResult   9: 128 op, 731403035.00 ns, 5.7141 ms/op
WorkloadResult  10: 128 op, 732168419.00 ns, 5.7201 ms/op
WorkloadResult  11: 128 op, 732033293.00 ns, 5.7190 ms/op
WorkloadResult  12: 128 op, 732415728.00 ns, 5.7220 ms/op
// GC:  0 0 0 64512 128
// Threading:  0 0 128

// AfterAll
// Benchmark Process 4167 has exited with code 0.

Mean = 5.719 ms, StdErr = 0.001 ms (0.03%), N = 12, StdDev = 0.005 ms
Min = 5.711 ms, Q1 = 5.714 ms, Median = 5.720 ms, Q3 = 5.723 ms, Max = 5.728 ms
IQR = 0.009 ms, LowerFence = 5.701 ms, UpperFence = 5.736 ms
ConfidenceInterval = [5.712 ms; 5.726 ms] (CI 99.9%), Margin = 0.007 ms (0.12% of Mean)
Skewness = -0.02, Kurtosis = 1.56, MValue = 2

// ** Remained 22 (56.4 %) benchmark(s) to run. Estimated finish 2026-09-27 7:26 (0h 6m from now) **
// **************************
// Benchmark: SecurityBenchmarks.'PBKDF2-SHA512 Password Hash (600K iters — PRODUCTION COST)': .NET 8.0(Runtime=.NET 8.0, Toolchain=net8.0)
// *** Execute ***
// Launch: 1 / 1
// Execute: dotnet "EricksonLopez.Security.Benchmarks-.NET 8.0-2.dll" --anonymousPipes 171 172 --benchmarkName EricksonLopez.Security.Benchmarks.SecurityBenchmarks.Pbkdf2_HashPassword_Production --job ".NET 8.0" --benchmarkId 4 in /home/runner/work/dotnet-security/dotnet-security/benchmarks/EricksonLopez.Security.Benchmarks/bin/Release/net10.0/EricksonLopez.Security.Benchmarks-.NET 8.0-2/bin/Release/net8.0
// Failed to set up high priority (Permission denied). In order to run benchmarks with high priority, make sure you have the right permissions.
// BeforeAnythingElse

// Benchmark Process Environment Information:
// BenchmarkDotNet v0.15.8
// Runtime=.NET 8.0.31 (8.0.31, 8.0.3126.42015), X64 RyuJIT x86-64-v4
// GC=Concurrent Workstation
// HardwareIntrinsics=AVX512 IFMA+VBMI,AVX512 F+BW+CD+DQ+VL,AVX2+BMI1+BMI2+F16C+FMA+LZCNT+MOVBE,AVX,SSE3+SSSE3+SSE4.1+SSE4.2+POPCNT,X86Base+SSE+SSE2,AES+PCLMUL,AvxVnni,SERIALIZE VectorSize=256
// Job: .NET 8.0

OverheadJitting  1: 1 op, 165784.00 ns, 165.7840 us/op
WorkloadJitting  1: 1 op, 343970453.00 ns, 343.9705 ms/op

OverheadJitting  2: 1 op, 447.00 ns, 447.0000 ns/op
WorkloadJitting  2: 1 op, 343420375.00 ns, 343.4204 ms/op

WorkloadWarmup   1: 1 op, 343830371.00 ns, 343.8304 ms/op
WorkloadWarmup   2: 1 op, 342741198.00 ns, 342.7412 ms/op
WorkloadWarmup   3: 1 op, 344311440.00 ns, 344.3114 ms/op
WorkloadWarmup   4: 1 op, 342711621.00 ns, 342.7116 ms/op
WorkloadWarmup   5: 1 op, 343186185.00 ns, 343.1862 ms/op
WorkloadWarmup   6: 1 op, 342653812.00 ns, 342.6538 ms/op

// BeforeActualRun
WorkloadActual   1: 1 op, 343079949.00 ns, 343.0799 ms/op
WorkloadActual   2: 1 op, 341626233.00 ns, 341.6262 ms/op
WorkloadActual   3: 1 op, 341971456.00 ns, 341.9715 ms/op
WorkloadActual   4: 1 op, 342787241.00 ns, 342.7872 ms/op
WorkloadActual   5: 1 op, 343042759.00 ns, 343.0428 ms/op
WorkloadActual   6: 1 op, 342383030.00 ns, 342.3830 ms/op
WorkloadActual   7: 1 op, 342888134.00 ns, 342.8881 ms/op
WorkloadActual   8: 1 op, 343204216.00 ns, 343.2042 ms/op
WorkloadActual   9: 1 op, 342146974.00 ns, 342.1470 ms/op
WorkloadActual  10: 1 op, 345045323.00 ns, 345.0453 ms/op
WorkloadActual  11: 1 op, 368258248.00 ns, 368.2582 ms/op
WorkloadActual  12: 1 op, 342309648.00 ns, 342.3096 ms/op
WorkloadActual  13: 1 op, 342474255.00 ns, 342.4743 ms/op
WorkloadActual  14: 1 op, 343475096.00 ns, 343.4751 ms/op
WorkloadActual  15: 1 op, 342605404.00 ns, 342.6054 ms/op

// AfterActualRun
WorkloadResult   1: 1 op, 343079949.00 ns, 343.0799 ms/op
WorkloadResult   2: 1 op, 341626233.00 ns, 341.6262 ms/op
WorkloadResult   3: 1 op, 341971456.00 ns, 341.9715 ms/op
WorkloadResult   4: 1 op, 342787241.00 ns, 342.7872 ms/op
WorkloadResult   5: 1 op, 343042759.00 ns, 343.0428 ms/op
WorkloadResult   6: 1 op, 342383030.00 ns, 342.3830 ms/op
WorkloadResult   7: 1 op, 342888134.00 ns, 342.8881 ms/op
WorkloadResult   8: 1 op, 343204216.00 ns, 343.2042 ms/op
WorkloadResult   9: 1 op, 342146974.00 ns, 342.1470 ms/op
WorkloadResult  10: 1 op, 342309648.00 ns, 342.3096 ms/op
WorkloadResult  11: 1 op, 342474255.00 ns, 342.4743 ms/op
WorkloadResult  12: 1 op, 343475096.00 ns, 343.4751 ms/op
WorkloadResult  13: 1 op, 342605404.00 ns, 342.6054 ms/op
// GC:  0 0 0 504 1
// Threading:  0 0 1

// AfterAll
// Benchmark Process 4182 has exited with code 0.

Mean = 342.615 ms, StdErr = 0.147 ms (0.04%), N = 13, StdDev = 0.530 ms
Min = 341.626 ms, Q1 = 342.310 ms, Median = 342.605 ms, Q3 = 343.043 ms, Max = 343.475 ms
IQR = 0.733 ms, LowerFence = 341.210 ms, UpperFence = 344.142 ms
ConfidenceInterval = [341.981 ms; 343.249 ms] (CI 99.9%), Margin = 0.634 ms (0.19% of Mean)
Skewness = -0.17, Kurtosis = 1.9, MValue = 2

// ** Remained 21 (53.8 %) benchmark(s) to run. Estimated finish 2026-09-27 7:26 (0h 6m from now) **
// **************************
// Benchmark: SecurityBenchmarks.'LegacyPbkdf2 Password Hash (Fast Config)': .NET 8.0(Runtime=.NET 8.0, Toolchain=net8.0)
// *** Execute ***
// Launch: 1 / 1
// Execute: dotnet "EricksonLopez.Security.Benchmarks-.NET 8.0-2.dll" --anonymousPipes 171 172 --benchmarkName EricksonLopez.Security.Benchmarks.SecurityBenchmarks.LegacyPbkdf2_HashPassword --job ".NET 8.0" --benchmarkId 5 in /home/runner/work/dotnet-security/dotnet-security/benchmarks/EricksonLopez.Security.Benchmarks/bin/Release/net10.0/EricksonLopez.Security.Benchmarks-.NET 8.0-2/bin/Release/net8.0
// Failed to set up high priority (Permission denied). In order to run benchmarks with high priority, make sure you have the right permissions.
// BeforeAnythingElse

// Benchmark Process Environment Information:
// BenchmarkDotNet v0.15.8
// Runtime=.NET 8.0.31 (8.0.31, 8.0.3126.42015), X64 RyuJIT x86-64-v4
// GC=Concurrent Workstation
// HardwareIntrinsics=AVX512 IFMA+VBMI,AVX512 F+BW+CD+DQ+VL,AVX2+BMI1+BMI2+F16C+FMA+LZCNT+MOVBE,AVX,SSE3+SSSE3+SSE4.1+SSE4.2+POPCNT,X86Base+SSE+SSE2,AES+PCLMUL,AvxVnni,SERIALIZE VectorSize=256
// Job: .NET 8.0

OverheadJitting  1: 1 op, 168069.00 ns, 168.0690 us/op
WorkloadJitting  1: 1 op, 40744903.00 ns, 40.7449 ms/op

WorkloadPilot    1: 2 op, 80152023.00 ns, 40.0760 ms/op
WorkloadPilot    2: 3 op, 119841004.00 ns, 39.9470 ms/op
WorkloadPilot    3: 4 op, 160376115.00 ns, 40.0940 ms/op
WorkloadPilot    4: 5 op, 200933574.00 ns, 40.1867 ms/op
WorkloadPilot    5: 6 op, 242783968.00 ns, 40.4640 ms/op
WorkloadPilot    6: 7 op, 291673572.00 ns, 41.6677 ms/op
WorkloadPilot    7: 8 op, 328824380.00 ns, 41.1030 ms/op
WorkloadPilot    8: 9 op, 361703068.00 ns, 40.1892 ms/op
WorkloadPilot    9: 10 op, 400788030.00 ns, 40.0788 ms/op
WorkloadPilot   10: 11 op, 440522816.00 ns, 40.0475 ms/op
WorkloadPilot   11: 12 op, 481264049.00 ns, 40.1053 ms/op
WorkloadPilot   12: 13 op, 518452870.00 ns, 39.8810 ms/op

WorkloadWarmup   1: 13 op, 522889610.00 ns, 40.2223 ms/op
WorkloadWarmup   2: 13 op, 522454296.00 ns, 40.1888 ms/op
WorkloadWarmup   3: 13 op, 521000018.00 ns, 40.0769 ms/op
WorkloadWarmup   4: 13 op, 523723626.00 ns, 40.2864 ms/op
WorkloadWarmup   5: 13 op, 519834109.00 ns, 39.9872 ms/op
WorkloadWarmup   6: 13 op, 521182541.00 ns, 40.0910 ms/op
WorkloadWarmup   7: 13 op, 520521568.00 ns, 40.0401 ms/op

// BeforeActualRun
WorkloadActual   1: 13 op, 519217411.00 ns, 39.9398 ms/op
WorkloadActual   2: 13 op, 521036855.00 ns, 40.0798 ms/op
WorkloadActual   3: 13 op, 521454615.00 ns, 40.1119 ms/op
WorkloadActual   4: 13 op, 519796625.00 ns, 39.9844 ms/op
WorkloadActual   5: 13 op, 519319232.00 ns, 39.9476 ms/op
WorkloadActual   6: 13 op, 553504230.00 ns, 42.5772 ms/op
WorkloadActual   7: 13 op, 519593529.00 ns, 39.9687 ms/op
WorkloadActual   8: 13 op, 521086594.00 ns, 40.0836 ms/op
WorkloadActual   9: 13 op, 520769417.00 ns, 40.0592 ms/op
WorkloadActual  10: 13 op, 521111184.00 ns, 40.0855 ms/op
WorkloadActual  11: 13 op, 521802390.00 ns, 40.1386 ms/op
WorkloadActual  12: 13 op, 536815885.00 ns, 41.2935 ms/op
WorkloadActual  13: 13 op, 521399079.00 ns, 40.1076 ms/op
WorkloadActual  14: 13 op, 533409689.00 ns, 41.0315 ms/op
WorkloadActual  15: 13 op, 523532398.00 ns, 40.2717 ms/op

// AfterActualRun
WorkloadResult   1: 13 op, 519217411.00 ns, 39.9398 ms/op
WorkloadResult   2: 13 op, 521036855.00 ns, 40.0798 ms/op
WorkloadResult   3: 13 op, 521454615.00 ns, 40.1119 ms/op
WorkloadResult   4: 13 op, 519796625.00 ns, 39.9844 ms/op
WorkloadResult   5: 13 op, 519319232.00 ns, 39.9476 ms/op
WorkloadResult   6: 13 op, 519593529.00 ns, 39.9687 ms/op
WorkloadResult   7: 13 op, 521086594.00 ns, 40.0836 ms/op
WorkloadResult   8: 13 op, 520769417.00 ns, 40.0592 ms/op
WorkloadResult   9: 13 op, 521111184.00 ns, 40.0855 ms/op
WorkloadResult  10: 13 op, 521802390.00 ns, 40.1386 ms/op
WorkloadResult  11: 13 op, 521399079.00 ns, 40.1076 ms/op
WorkloadResult  12: 13 op, 523532398.00 ns, 40.2717 ms/op
// GC:  0 0 0 5928 13
// Threading:  0 0 13

// AfterAll
// Benchmark Process 4192 has exited with code 0.

Mean = 40.065 ms, StdErr = 0.027 ms (0.07%), N = 12, StdDev = 0.095 ms
Min = 39.940 ms, Q1 = 39.980 ms, Median = 40.082 ms, Q3 = 40.109 ms, Max = 40.272 ms
IQR = 0.128 ms, LowerFence = 39.788 ms, UpperFence = 40.301 ms
ConfidenceInterval = [39.944 ms; 40.186 ms] (CI 99.9%), Margin = 0.121 ms (0.30% of Mean)
Skewness = 0.44, Kurtosis = 2.53, MValue = 2

// ** Remained 20 (51.3 %) benchmark(s) to run. Estimated finish 2026-09-27 7:26 (0h 5m from now) **
// **************************
// Benchmark: SecurityBenchmarks.'CompositePasswordHasher Verify & Rehash Check': .NET 8.0(Runtime=.NET 8.0, Toolchain=net8.0)
// *** Execute ***
// Launch: 1 / 1
// Execute: dotnet "EricksonLopez.Security.Benchmarks-.NET 8.0-2.dll" --anonymousPipes 171 172 --benchmarkName EricksonLopez.Security.Benchmarks.SecurityBenchmarks.Composite_VerifyPassword --job ".NET 8.0" --benchmarkId 6 in /home/runner/work/dotnet-security/dotnet-security/benchmarks/EricksonLopez.Security.Benchmarks/bin/Release/net10.0/EricksonLopez.Security.Benchmarks-.NET 8.0-2/bin/Release/net8.0
// Failed to set up high priority (Permission denied). In order to run benchmarks with high priority, make sure you have the right permissions.
// BeforeAnythingElse

// Benchmark Process Environment Information:
// BenchmarkDotNet v0.15.8
// Runtime=.NET 8.0.31 (8.0.31, 8.0.3126.42015), X64 RyuJIT x86-64-v4
// GC=Concurrent Workstation
// HardwareIntrinsics=AVX512 IFMA+VBMI,AVX512 F+BW+CD+DQ+VL,AVX2+BMI1+BMI2+F16C+FMA+LZCNT+MOVBE,AVX,SSE3+SSSE3+SSE4.1+SSE4.2+POPCNT,X86Base+SSE+SSE2,AES+PCLMUL,AvxVnni,SERIALIZE VectorSize=256
// Job: .NET 8.0

OverheadJitting  1: 1 op, 153414.00 ns, 153.4140 us/op
WorkloadJitting  1: 1 op, 12301242.00 ns, 12.3012 ms/op

OverheadJitting  2: 16 op, 200040.00 ns, 12.5025 us/op
WorkloadJitting  2: 16 op, 91959696.00 ns, 5.7475 ms/op

WorkloadPilot    1: 16 op, 92144113.00 ns, 5.7590 ms/op
WorkloadPilot    2: 32 op, 184725372.00 ns, 5.7727 ms/op
WorkloadPilot    3: 64 op, 375260483.00 ns, 5.8634 ms/op
WorkloadPilot    4: 128 op, 739243993.00 ns, 5.7753 ms/op

OverheadWarmup   1: 128 op, 3495.00 ns, 27.3047 ns/op
OverheadWarmup   2: 128 op, 2219.00 ns, 17.3359 ns/op
OverheadWarmup   3: 128 op, 735.00 ns, 5.7422 ns/op
OverheadWarmup   4: 128 op, 730.00 ns, 5.7031 ns/op
OverheadWarmup   5: 128 op, 1843.00 ns, 14.3984 ns/op
OverheadWarmup   6: 128 op, 728.00 ns, 5.6875 ns/op
OverheadWarmup   7: 128 op, 735.00 ns, 5.7422 ns/op
OverheadWarmup   8: 128 op, 702.00 ns, 5.4844 ns/op

OverheadActual   1: 128 op, 2922.00 ns, 22.8281 ns/op
OverheadActual   2: 128 op, 2591.00 ns, 20.2422 ns/op
OverheadActual   3: 128 op, 2821.00 ns, 22.0391 ns/op
OverheadActual   4: 128 op, 2196.00 ns, 17.1563 ns/op
OverheadActual   5: 128 op, 2394.00 ns, 18.7031 ns/op
OverheadActual   6: 128 op, 745.00 ns, 5.8203 ns/op
OverheadActual   7: 128 op, 716.00 ns, 5.5938 ns/op
OverheadActual   8: 128 op, 686.00 ns, 5.3594 ns/op
OverheadActual   9: 128 op, 709.00 ns, 5.5391 ns/op
OverheadActual  10: 128 op, 665.00 ns, 5.1953 ns/op
OverheadActual  11: 128 op, 720.00 ns, 5.6250 ns/op
OverheadActual  12: 128 op, 716.00 ns, 5.5938 ns/op
OverheadActual  13: 128 op, 723.00 ns, 5.6484 ns/op
OverheadActual  14: 128 op, 686.00 ns, 5.3594 ns/op
OverheadActual  15: 128 op, 715.00 ns, 5.5859 ns/op
OverheadActual  16: 128 op, 724.00 ns, 5.6563 ns/op
OverheadActual  17: 128 op, 699.00 ns, 5.4609 ns/op
OverheadActual  18: 128 op, 2653.00 ns, 20.7266 ns/op
OverheadActual  19: 128 op, 722.00 ns, 5.6406 ns/op
OverheadActual  20: 128 op, 837.00 ns, 6.5391 ns/op

WorkloadWarmup   1: 128 op, 731394608.00 ns, 5.7140 ms/op
WorkloadWarmup   2: 128 op, 734608328.00 ns, 5.7391 ms/op
WorkloadWarmup   3: 128 op, 735355313.00 ns, 5.7450 ms/op
WorkloadWarmup   4: 128 op, 733280108.00 ns, 5.7288 ms/op
WorkloadWarmup   5: 128 op, 732955040.00 ns, 5.7262 ms/op
WorkloadWarmup   6: 128 op, 731648723.00 ns, 5.7160 ms/op
WorkloadWarmup   7: 128 op, 733975730.00 ns, 5.7342 ms/op
WorkloadWarmup   8: 128 op, 733725063.00 ns, 5.7322 ms/op

// BeforeActualRun
WorkloadActual   1: 128 op, 734405491.00 ns, 5.7375 ms/op
WorkloadActual   2: 128 op, 734287876.00 ns, 5.7366 ms/op
WorkloadActual   3: 128 op, 731021204.00 ns, 5.7111 ms/op
WorkloadActual   4: 128 op, 735228716.00 ns, 5.7440 ms/op
WorkloadActual   5: 128 op, 731778500.00 ns, 5.7170 ms/op
WorkloadActual   6: 128 op, 733211494.00 ns, 5.7282 ms/op
WorkloadActual   7: 128 op, 730642315.00 ns, 5.7081 ms/op
WorkloadActual   8: 128 op, 731559630.00 ns, 5.7153 ms/op
WorkloadActual   9: 128 op, 731126239.00 ns, 5.7119 ms/op
WorkloadActual  10: 128 op, 731576360.00 ns, 5.7154 ms/op
WorkloadActual  11: 128 op, 731544966.00 ns, 5.7152 ms/op
WorkloadActual  12: 128 op, 730980807.00 ns, 5.7108 ms/op
WorkloadActual  13: 128 op, 730727159.00 ns, 5.7088 ms/op
WorkloadActual  14: 128 op, 733421912.00 ns, 5.7299 ms/op
WorkloadActual  15: 128 op, 733742855.00 ns, 5.7324 ms/op

// AfterActualRun
WorkloadResult   1: 128 op, 734404768.50 ns, 5.7375 ms/op
WorkloadResult   2: 128 op, 734287153.50 ns, 5.7366 ms/op
WorkloadResult   3: 128 op, 731020481.50 ns, 5.7111 ms/op
WorkloadResult   4: 128 op, 735227993.50 ns, 5.7440 ms/op
WorkloadResult   5: 128 op, 731777777.50 ns, 5.7170 ms/op
WorkloadResult   6: 128 op, 733210771.50 ns, 5.7282 ms/op
WorkloadResult   7: 128 op, 730641592.50 ns, 5.7081 ms/op
WorkloadResult   8: 128 op, 731558907.50 ns, 5.7153 ms/op
WorkloadResult   9: 128 op, 731125516.50 ns, 5.7119 ms/op
WorkloadResult  10: 128 op, 731575637.50 ns, 5.7154 ms/op
WorkloadResult  11: 128 op, 731544243.50 ns, 5.7152 ms/op
WorkloadResult  12: 128 op, 730980084.50 ns, 5.7108 ms/op
WorkloadResult  13: 128 op, 730726436.50 ns, 5.7088 ms/op
WorkloadResult  14: 128 op, 733421189.50 ns, 5.7299 ms/op
WorkloadResult  15: 128 op, 733742132.50 ns, 5.7324 ms/op
// GC:  0 0 0 59392 128
// Threading:  0 0 128

// AfterAll
// Benchmark Process 4202 has exited with code 0.

Mean = 5.721 ms, StdErr = 0.003 ms (0.05%), N = 15, StdDev = 0.012 ms
Min = 5.708 ms, Q1 = 5.712 ms, Median = 5.715 ms, Q3 = 5.731 ms, Max = 5.744 ms
IQR = 0.020 ms, LowerFence = 5.682 ms, UpperFence = 5.761 ms
ConfidenceInterval = [5.709 ms; 5.734 ms] (CI 99.9%), Margin = 0.013 ms (0.22% of Mean)
Skewness = 0.49, Kurtosis = 1.58, MValue = 2

// ** Remained 19 (48.7 %) benchmark(s) to run. Estimated finish 2026-09-27 7:26 (0h 5m from now) **
// **************************
// Benchmark: SecurityBenchmarks.'SecurityEnvelope Serialize (Span, Zero-Alloc)': .NET 8.0(Runtime=.NET 8.0, Toolchain=net8.0)
// *** Execute ***
// Launch: 1 / 1
// Execute: dotnet "EricksonLopez.Security.Benchmarks-.NET 8.0-2.dll" --anonymousPipes 171 172 --benchmarkName EricksonLopez.Security.Benchmarks.SecurityBenchmarks.Envelope_Serialize_Span --job ".NET 8.0" --benchmarkId 7 in /home/runner/work/dotnet-security/dotnet-security/benchmarks/EricksonLopez.Security.Benchmarks/bin/Release/net10.0/EricksonLopez.Security.Benchmarks-.NET 8.0-2/bin/Release/net8.0
// Failed to set up high priority (Permission denied). In order to run benchmarks with high priority, make sure you have the right permissions.
// BeforeAnythingElse

// Benchmark Process Environment Information:
// BenchmarkDotNet v0.15.8
// Runtime=.NET 8.0.31 (8.0.31, 8.0.3126.42015), X64 RyuJIT x86-64-v4
// GC=Concurrent Workstation
// HardwareIntrinsics=AVX512 IFMA+VBMI,AVX512 F+BW+CD+DQ+VL,AVX2+BMI1+BMI2+F16C+FMA+LZCNT+MOVBE,AVX,SSE3+SSSE3+SSE4.1+SSE4.2+POPCNT,X86Base+SSE+SSE2,AES+PCLMUL,AvxVnni,SERIALIZE VectorSize=256
// Job: .NET 8.0

OverheadJitting  1: 1 op, 151237.00 ns, 151.2370 us/op
WorkloadJitting  1: 1 op, 227695.00 ns, 227.6950 us/op

OverheadJitting  2: 16 op, 314134.00 ns, 19.6334 us/op
WorkloadJitting  2: 16 op, 342372.00 ns, 21.3983 us/op

WorkloadPilot    1: 16 op, 7081.00 ns, 442.5625 ns/op
WorkloadPilot    2: 32 op, 9657.00 ns, 301.7813 ns/op
WorkloadPilot    3: 64 op, 14133.00 ns, 220.8281 ns/op
WorkloadPilot    4: 128 op, 26754.00 ns, 209.0156 ns/op
WorkloadPilot    5: 256 op, 49352.00 ns, 192.7813 ns/op
WorkloadPilot    6: 512 op, 96081.00 ns, 187.6582 ns/op
WorkloadPilot    7: 1024 op, 190706.00 ns, 186.2363 ns/op
WorkloadPilot    8: 2048 op, 396634.00 ns, 193.6689 ns/op
WorkloadPilot    9: 4096 op, 779957.00 ns, 190.4192 ns/op
WorkloadPilot   10: 8192 op, 1536282.00 ns, 187.5344 ns/op
WorkloadPilot   11: 16384 op, 3060443.00 ns, 186.7946 ns/op
WorkloadPilot   12: 32768 op, 6108238.00 ns, 186.4086 ns/op
WorkloadPilot   13: 65536 op, 12219441.00 ns, 186.4539 ns/op
WorkloadPilot   14: 131072 op, 24370957.00 ns, 185.9356 ns/op
WorkloadPilot   15: 262144 op, 48623990.00 ns, 185.4858 ns/op
WorkloadPilot   16: 524288 op, 118991320.00 ns, 226.9579 ns/op
WorkloadPilot   17: 1048576 op, 93701757.00 ns, 89.3610 ns/op
WorkloadPilot   18: 2097152 op, 66162795.00 ns, 31.5489 ns/op
WorkloadPilot   19: 4194304 op, 129405663.00 ns, 30.8527 ns/op
WorkloadPilot   20: 8388608 op, 259026204.00 ns, 30.8783 ns/op
WorkloadPilot   21: 16777216 op, 516806645.00 ns, 30.8041 ns/op

OverheadWarmup   1: 16777216 op, 54200713.00 ns, 3.2306 ns/op
OverheadWarmup   2: 16777216 op, 54088965.00 ns, 3.2240 ns/op
OverheadWarmup   3: 16777216 op, 53962086.00 ns, 3.2164 ns/op
OverheadWarmup   4: 16777216 op, 48666212.00 ns, 2.9007 ns/op
OverheadWarmup   5: 16777216 op, 35249614.00 ns, 2.1010 ns/op
OverheadWarmup   6: 16777216 op, 35184389.00 ns, 2.0972 ns/op
OverheadWarmup   7: 16777216 op, 35512187.00 ns, 2.1167 ns/op
OverheadWarmup   8: 16777216 op, 35213587.00 ns, 2.0989 ns/op
OverheadWarmup   9: 16777216 op, 35192709.00 ns, 2.0976 ns/op
OverheadWarmup  10: 16777216 op, 35410615.00 ns, 2.1106 ns/op

OverheadActual   1: 16777216 op, 35216505.00 ns, 2.0991 ns/op
OverheadActual   2: 16777216 op, 35294443.00 ns, 2.1037 ns/op
OverheadActual   3: 16777216 op, 35288359.00 ns, 2.1034 ns/op
OverheadActual   4: 16777216 op, 35801946.00 ns, 2.1340 ns/op
OverheadActual   5: 16777216 op, 35270664.00 ns, 2.1023 ns/op
OverheadActual   6: 16777216 op, 35327357.00 ns, 2.1057 ns/op
OverheadActual   7: 16777216 op, 35231712.00 ns, 2.1000 ns/op
OverheadActual   8: 16777216 op, 35187453.00 ns, 2.0973 ns/op
OverheadActual   9: 16777216 op, 35328143.00 ns, 2.1057 ns/op
OverheadActual  10: 16777216 op, 35283530.00 ns, 2.1031 ns/op
OverheadActual  11: 16777216 op, 35203817.00 ns, 2.0983 ns/op
OverheadActual  12: 16777216 op, 35227761.00 ns, 2.0997 ns/op
OverheadActual  13: 16777216 op, 35210372.00 ns, 2.0987 ns/op
OverheadActual  14: 16777216 op, 35221765.00 ns, 2.0994 ns/op
OverheadActual  15: 16777216 op, 35203705.00 ns, 2.0983 ns/op

WorkloadWarmup   1: 16777216 op, 516556662.00 ns, 30.7892 ns/op
WorkloadWarmup   2: 16777216 op, 516668425.00 ns, 30.7958 ns/op
WorkloadWarmup   3: 16777216 op, 516423924.00 ns, 30.7813 ns/op
WorkloadWarmup   4: 16777216 op, 516548578.00 ns, 30.7887 ns/op
WorkloadWarmup   5: 16777216 op, 516302878.00 ns, 30.7740 ns/op
WorkloadWarmup   6: 16777216 op, 517054249.00 ns, 30.8188 ns/op

// BeforeActualRun
WorkloadActual   1: 16777216 op, 516617841.00 ns, 30.7928 ns/op
WorkloadActual   2: 16777216 op, 517060352.00 ns, 30.8192 ns/op
WorkloadActual   3: 16777216 op, 516436108.00 ns, 30.7820 ns/op
WorkloadActual   4: 16777216 op, 516077211.00 ns, 30.7606 ns/op
WorkloadActual   5: 16777216 op, 516214045.00 ns, 30.7688 ns/op
WorkloadActual   6: 16777216 op, 516661038.00 ns, 30.7954 ns/op
WorkloadActual   7: 16777216 op, 516328985.00 ns, 30.7756 ns/op
WorkloadActual   8: 16777216 op, 516463570.00 ns, 30.7836 ns/op
WorkloadActual   9: 16777216 op, 516135637.00 ns, 30.7641 ns/op
WorkloadActual  10: 16777216 op, 516362730.00 ns, 30.7776 ns/op
WorkloadActual  11: 16777216 op, 521160276.00 ns, 31.0636 ns/op
WorkloadActual  12: 16777216 op, 516261408.00 ns, 30.7716 ns/op
WorkloadActual  13: 16777216 op, 523709525.00 ns, 31.2155 ns/op
WorkloadActual  14: 16777216 op, 517673693.00 ns, 30.8558 ns/op
WorkloadActual  15: 16777216 op, 516199992.00 ns, 30.7679 ns/op

// AfterActualRun
WorkloadResult   1: 16777216 op, 481386129.00 ns, 28.6928 ns/op
WorkloadResult   2: 16777216 op, 481828640.00 ns, 28.7192 ns/op
WorkloadResult   3: 16777216 op, 481204396.00 ns, 28.6820 ns/op
WorkloadResult   4: 16777216 op, 480845499.00 ns, 28.6606 ns/op
WorkloadResult   5: 16777216 op, 480982333.00 ns, 28.6688 ns/op
WorkloadResult   6: 16777216 op, 481429326.00 ns, 28.6954 ns/op
WorkloadResult   7: 16777216 op, 481097273.00 ns, 28.6756 ns/op
WorkloadResult   8: 16777216 op, 481231858.00 ns, 28.6837 ns/op
WorkloadResult   9: 16777216 op, 480903925.00 ns, 28.6641 ns/op
WorkloadResult  10: 16777216 op, 481131018.00 ns, 28.6776 ns/op
WorkloadResult  11: 16777216 op, 481029696.00 ns, 28.6716 ns/op
WorkloadResult  12: 16777216 op, 482441981.00 ns, 28.7558 ns/op
WorkloadResult  13: 16777216 op, 480968280.00 ns, 28.6679 ns/op
// GC:  0 0 0 0 16777216
// Threading:  0 0 16777216

// AfterAll
// Benchmark Process 4215 has exited with code 0.

Mean = 28.686 ns, StdErr = 0.007 ns (0.03%), N = 13, StdDev = 0.026 ns
Min = 28.661 ns, Q1 = 28.669 ns, Median = 28.678 ns, Q3 = 28.693 ns, Max = 28.756 ns
IQR = 0.024 ns, LowerFence = 28.633 ns, UpperFence = 28.729 ns
ConfidenceInterval = [28.654 ns; 28.717 ns] (CI 99.9%), Margin = 0.031 ns (0.11% of Mean)
Skewness = 1.45, Kurtosis = 4.24, MValue = 2

// ** Remained 18 (46.2 %) benchmark(s) to run. Estimated finish 2026-09-27 7:26 (0h 5m from now) **
// **************************
// Benchmark: SecurityBenchmarks.'SecurityEnvelope Deserialize (Span)': .NET 8.0(Runtime=.NET 8.0, Toolchain=net8.0)
// *** Execute ***
// Launch: 1 / 1
// Execute: dotnet "EricksonLopez.Security.Benchmarks-.NET 8.0-2.dll" --anonymousPipes 171 172 --benchmarkName EricksonLopez.Security.Benchmarks.SecurityBenchmarks.Envelope_Deserialize_Span --job ".NET 8.0" --benchmarkId 8 in /home/runner/work/dotnet-security/dotnet-security/benchmarks/EricksonLopez.Security.Benchmarks/bin/Release/net10.0/EricksonLopez.Security.Benchmarks-.NET 8.0-2/bin/Release/net8.0
// Failed to set up high priority (Permission denied). In order to run benchmarks with high priority, make sure you have the right permissions.
// BeforeAnythingElse

// Benchmark Process Environment Information:
// BenchmarkDotNet v0.15.8
// Runtime=.NET 8.0.31 (8.0.31, 8.0.3126.42015), X64 RyuJIT x86-64-v4
// GC=Concurrent Workstation
// HardwareIntrinsics=AVX512 IFMA+VBMI,AVX512 F+BW+CD+DQ+VL,AVX2+BMI1+BMI2+F16C+FMA+LZCNT+MOVBE,AVX,SSE3+SSSE3+SSE4.1+SSE4.2+POPCNT,X86Base+SSE+SSE2,AES+PCLMUL,AvxVnni,SERIALIZE VectorSize=256
// Job: .NET 8.0

OverheadJitting  1: 1 op, 148597.00 ns, 148.5970 us/op
WorkloadJitting  1: 1 op, 1108853.00 ns, 1.1089 ms/op

OverheadJitting  2: 16 op, 182988.00 ns, 11.4368 us/op
WorkloadJitting  2: 16 op, 260701.00 ns, 16.2938 us/op

WorkloadPilot    1: 16 op, 30906.00 ns, 1.9316 us/op
WorkloadPilot    2: 32 op, 39237.00 ns, 1.2262 us/op
WorkloadPilot    3: 64 op, 59086.00 ns, 923.2188 ns/op
WorkloadPilot    4: 128 op, 86628.00 ns, 676.7813 ns/op
WorkloadPilot    5: 256 op, 135472.00 ns, 529.1875 ns/op
WorkloadPilot    6: 512 op, 255576.00 ns, 499.1719 ns/op
WorkloadPilot    7: 1024 op, 396442.00 ns, 387.1504 ns/op
WorkloadPilot    8: 2048 op, 780441.00 ns, 381.0747 ns/op
WorkloadPilot    9: 4096 op, 1549871.00 ns, 378.3865 ns/op
WorkloadPilot   10: 8192 op, 3172567.00 ns, 387.2762 ns/op
WorkloadPilot   11: 16384 op, 5990908.00 ns, 365.6560 ns/op
WorkloadPilot   12: 32768 op, 11775195.00 ns, 359.3504 ns/op
WorkloadPilot   13: 65536 op, 20707820.00 ns, 315.9763 ns/op
WorkloadPilot   14: 131072 op, 41135878.00 ns, 313.8418 ns/op
WorkloadPilot   15: 262144 op, 67099457.00 ns, 255.9641 ns/op
WorkloadPilot   16: 524288 op, 169779376.00 ns, 323.8285 ns/op
WorkloadPilot   17: 1048576 op, 156986518.00 ns, 149.7140 ns/op
WorkloadPilot   18: 2097152 op, 185555356.00 ns, 88.4797 ns/op
WorkloadPilot   19: 4194304 op, 371914888.00 ns, 88.6714 ns/op
WorkloadPilot   20: 8388608 op, 750605461.00 ns, 89.4791 ns/op

OverheadWarmup   1: 8388608 op, 21969500.00 ns, 2.6190 ns/op
OverheadWarmup   2: 8388608 op, 21924665.00 ns, 2.6136 ns/op
OverheadWarmup   3: 8388608 op, 21934700.00 ns, 2.6148 ns/op
OverheadWarmup   4: 8388608 op, 21926782.00 ns, 2.6139 ns/op
OverheadWarmup   5: 8388608 op, 21889163.00 ns, 2.6094 ns/op
OverheadWarmup   6: 8388608 op, 21874068.00 ns, 2.6076 ns/op
OverheadWarmup   7: 8388608 op, 21869946.00 ns, 2.6071 ns/op
OverheadWarmup   8: 8388608 op, 21853503.00 ns, 2.6051 ns/op
OverheadWarmup   9: 8388608 op, 21851950.00 ns, 2.6050 ns/op
OverheadWarmup  10: 8388608 op, 17300641.00 ns, 2.0624 ns/op

OverheadActual   1: 8388608 op, 17159037.00 ns, 2.0455 ns/op
OverheadActual   2: 8388608 op, 17421272.00 ns, 2.0768 ns/op
OverheadActual   3: 8388608 op, 17328390.00 ns, 2.0657 ns/op
OverheadActual   4: 8388608 op, 17180161.00 ns, 2.0480 ns/op
OverheadActual   5: 8388608 op, 17194073.00 ns, 2.0497 ns/op
OverheadActual   6: 8388608 op, 17145273.00 ns, 2.0439 ns/op
OverheadActual   7: 8388608 op, 17149006.00 ns, 2.0443 ns/op
OverheadActual   8: 8388608 op, 17169715.00 ns, 2.0468 ns/op
OverheadActual   9: 8388608 op, 17147503.00 ns, 2.0441 ns/op
OverheadActual  10: 8388608 op, 17142964.00 ns, 2.0436 ns/op
OverheadActual  11: 8388608 op, 17156292.00 ns, 2.0452 ns/op
OverheadActual  12: 8388608 op, 17203855.00 ns, 2.0509 ns/op
OverheadActual  13: 8388608 op, 17163398.00 ns, 2.0460 ns/op
OverheadActual  14: 8388608 op, 17165589.00 ns, 2.0463 ns/op
OverheadActual  15: 8388608 op, 17145849.00 ns, 2.0439 ns/op

WorkloadWarmup   1: 8388608 op, 791509814.00 ns, 94.3553 ns/op
WorkloadWarmup   2: 8388608 op, 744061088.00 ns, 88.6990 ns/op
WorkloadWarmup   3: 8388608 op, 738638989.00 ns, 88.0526 ns/op
WorkloadWarmup   4: 8388608 op, 741247941.00 ns, 88.3636 ns/op
WorkloadWarmup   5: 8388608 op, 736922971.00 ns, 87.8481 ns/op
WorkloadWarmup   6: 8388608 op, 734373942.00 ns, 87.5442 ns/op
WorkloadWarmup   7: 8388608 op, 735610957.00 ns, 87.6917 ns/op
WorkloadWarmup   8: 8388608 op, 770799456.00 ns, 91.8865 ns/op
WorkloadWarmup   9: 8388608 op, 733516474.00 ns, 87.4420 ns/op

// BeforeActualRun
WorkloadActual   1: 8388608 op, 736298712.00 ns, 87.7736 ns/op
WorkloadActual   2: 8388608 op, 732382997.00 ns, 87.3069 ns/op
WorkloadActual   3: 8388608 op, 749068287.00 ns, 89.2959 ns/op
WorkloadActual   4: 8388608 op, 733272008.00 ns, 87.4128 ns/op
WorkloadActual   5: 8388608 op, 740429193.00 ns, 88.2660 ns/op
WorkloadActual   6: 8388608 op, 740421595.00 ns, 88.2651 ns/op
WorkloadActual   7: 8388608 op, 748930650.00 ns, 89.2795 ns/op
WorkloadActual   8: 8388608 op, 743576185.00 ns, 88.6412 ns/op
WorkloadActual   9: 8388608 op, 764090720.00 ns, 91.0867 ns/op
WorkloadActual  10: 8388608 op, 768668345.00 ns, 91.6324 ns/op
WorkloadActual  11: 8388608 op, 746529719.00 ns, 88.9933 ns/op
WorkloadActual  12: 8388608 op, 747677720.00 ns, 89.1301 ns/op
WorkloadActual  13: 8388608 op, 741919166.00 ns, 88.4437 ns/op
WorkloadActual  14: 8388608 op, 734903802.00 ns, 87.6074 ns/op
WorkloadActual  15: 8388608 op, 739851370.00 ns, 88.1972 ns/op

// AfterActualRun
WorkloadResult   1: 8388608 op, 719135314.00 ns, 85.7276 ns/op
WorkloadResult   2: 8388608 op, 715219599.00 ns, 85.2608 ns/op
WorkloadResult   3: 8388608 op, 731904889.00 ns, 87.2499 ns/op
WorkloadResult   4: 8388608 op, 716108610.00 ns, 85.3668 ns/op
WorkloadResult   5: 8388608 op, 723265795.00 ns, 86.2200 ns/op
WorkloadResult   6: 8388608 op, 723258197.00 ns, 86.2191 ns/op
WorkloadResult   7: 8388608 op, 731767252.00 ns, 87.2335 ns/op
WorkloadResult   8: 8388608 op, 726412787.00 ns, 86.5952 ns/op
WorkloadResult   9: 8388608 op, 729366321.00 ns, 86.9472 ns/op
WorkloadResult  10: 8388608 op, 730514322.00 ns, 87.0841 ns/op
WorkloadResult  11: 8388608 op, 724755768.00 ns, 86.3976 ns/op
WorkloadResult  12: 8388608 op, 717740404.00 ns, 85.5613 ns/op
WorkloadResult  13: 8388608 op, 722687972.00 ns, 86.1511 ns/op
// GC:  47 0 0 3959441792 8388608
// Threading:  0 0 8388608

// AfterAll
// Benchmark Process 4228 has exited with code 0.

Mean = 86.309 ns, StdErr = 0.192 ns (0.22%), N = 13, StdDev = 0.693 ns
Min = 85.261 ns, Q1 = 85.728 ns, Median = 86.220 ns, Q3 = 86.947 ns, Max = 87.250 ns
IQR = 1.220 ns, LowerFence = 83.898 ns, UpperFence = 88.777 ns
ConfidenceInterval = [85.479 ns; 87.139 ns] (CI 99.9%), Margin = 0.830 ns (0.96% of Mean)
Skewness = -0.05, Kurtosis = 1.49, MValue = 2

// ** Remained 17 (43.6 %) benchmark(s) to run. Estimated finish 2026-09-27 7:26 (0h 4m from now) **
// **************************
// Benchmark: SecurityBenchmarks.'ConstantTime FixedTimeEquals (32 bytes)': .NET 8.0(Runtime=.NET 8.0, Toolchain=net8.0)
// *** Execute ***
// Launch: 1 / 1
// Execute: dotnet "EricksonLopez.Security.Benchmarks-.NET 8.0-2.dll" --anonymousPipes 171 172 --benchmarkName EricksonLopez.Security.Benchmarks.SecurityBenchmarks.ConstantTime_Compare --job ".NET 8.0" --benchmarkId 9 in /home/runner/work/dotnet-security/dotnet-security/benchmarks/EricksonLopez.Security.Benchmarks/bin/Release/net10.0/EricksonLopez.Security.Benchmarks-.NET 8.0-2/bin/Release/net8.0
// Failed to set up high priority (Permission denied). In order to run benchmarks with high priority, make sure you have the right permissions.
// BeforeAnythingElse

// Benchmark Process Environment Information:
// BenchmarkDotNet v0.15.8
// Runtime=.NET 8.0.31 (8.0.31, 8.0.3126.42015), X64 RyuJIT x86-64-v4
// GC=Concurrent Workstation
// HardwareIntrinsics=AVX512 IFMA+VBMI,AVX512 F+BW+CD+DQ+VL,AVX2+BMI1+BMI2+F16C+FMA+LZCNT+MOVBE,AVX,SSE3+SSSE3+SSE4.1+SSE4.2+POPCNT,X86Base+SSE+SSE2,AES+PCLMUL,AvxVnni,SERIALIZE VectorSize=256
// Job: .NET 8.0

OverheadJitting  1: 1 op, 149523.00 ns, 149.5230 us/op
WorkloadJitting  1: 1 op, 337452.00 ns, 337.4520 us/op

OverheadJitting  2: 16 op, 346823.00 ns, 21.6764 us/op
WorkloadJitting  2: 16 op, 312501.00 ns, 19.5313 us/op

WorkloadPilot    1: 16 op, 6168.00 ns, 385.5000 ns/op
WorkloadPilot    2: 32 op, 8713.00 ns, 272.2813 ns/op
WorkloadPilot    3: 64 op, 14075.00 ns, 219.9219 ns/op
WorkloadPilot    4: 128 op, 35829.00 ns, 279.9141 ns/op
WorkloadPilot    5: 256 op, 59773.00 ns, 233.4883 ns/op
WorkloadPilot    6: 512 op, 99377.00 ns, 194.0957 ns/op
WorkloadPilot    7: 1024 op, 201742.00 ns, 197.0137 ns/op
WorkloadPilot    8: 2048 op, 404173.00 ns, 197.3501 ns/op
WorkloadPilot    9: 4096 op, 713363.00 ns, 174.1609 ns/op
WorkloadPilot   10: 8192 op, 1541937.00 ns, 188.2247 ns/op
WorkloadPilot   11: 16384 op, 2989441.00 ns, 182.4610 ns/op
WorkloadPilot   12: 32768 op, 5778991.00 ns, 176.3608 ns/op
WorkloadPilot   13: 65536 op, 12182176.00 ns, 185.8853 ns/op
WorkloadPilot   14: 131072 op, 23637211.00 ns, 180.3376 ns/op
WorkloadPilot   15: 262144 op, 46244597.00 ns, 176.4091 ns/op
WorkloadPilot   16: 524288 op, 95233268.00 ns, 181.6430 ns/op
WorkloadPilot   17: 1048576 op, 184350951.00 ns, 175.8108 ns/op
WorkloadPilot   18: 2097152 op, 370182802.00 ns, 176.5169 ns/op
WorkloadPilot   19: 4194304 op, 725571898.00 ns, 172.9898 ns/op

OverheadWarmup   1: 4194304 op, 13518402.00 ns, 3.2230 ns/op
OverheadWarmup   2: 4194304 op, 13655212.00 ns, 3.2557 ns/op
OverheadWarmup   3: 4194304 op, 13539123.00 ns, 3.2280 ns/op
OverheadWarmup   4: 4194304 op, 13490765.00 ns, 3.2164 ns/op
OverheadWarmup   5: 4194304 op, 13489080.00 ns, 3.2160 ns/op
OverheadWarmup   6: 4194304 op, 13503252.00 ns, 3.2194 ns/op
OverheadWarmup   7: 4194304 op, 13513198.00 ns, 3.2218 ns/op
OverheadWarmup   8: 4194304 op, 13529778.00 ns, 3.2258 ns/op
OverheadWarmup   9: 4194304 op, 13529739.00 ns, 3.2257 ns/op

OverheadActual   1: 4194304 op, 13549462.00 ns, 3.2304 ns/op
OverheadActual   2: 4194304 op, 13514561.00 ns, 3.2221 ns/op
OverheadActual   3: 4194304 op, 13513936.00 ns, 3.2220 ns/op
OverheadActual   4: 4194304 op, 13524204.00 ns, 3.2244 ns/op
OverheadActual   5: 4194304 op, 13528564.00 ns, 3.2255 ns/op
OverheadActual   6: 4194304 op, 13521505.00 ns, 3.2238 ns/op
OverheadActual   7: 4194304 op, 13491803.00 ns, 3.2167 ns/op
OverheadActual   8: 4194304 op, 13526250.00 ns, 3.2249 ns/op
OverheadActual   9: 4194304 op, 13517579.00 ns, 3.2228 ns/op
OverheadActual  10: 4194304 op, 13496467.00 ns, 3.2178 ns/op
OverheadActual  11: 4194304 op, 13492054.00 ns, 3.2168 ns/op
OverheadActual  12: 4194304 op, 13687467.00 ns, 3.2633 ns/op
OverheadActual  13: 4194304 op, 12211576.00 ns, 2.9115 ns/op
OverheadActual  14: 4194304 op, 10098604.00 ns, 2.4077 ns/op
OverheadActual  15: 4194304 op, 10058118.00 ns, 2.3980 ns/op
OverheadActual  16: 4194304 op, 10046185.00 ns, 2.3952 ns/op
OverheadActual  17: 4194304 op, 9979188.00 ns, 2.3792 ns/op
OverheadActual  18: 4194304 op, 9999156.00 ns, 2.3840 ns/op
OverheadActual  19: 4194304 op, 10005006.00 ns, 2.3854 ns/op
OverheadActual  20: 4194304 op, 10000808.00 ns, 2.3844 ns/op

WorkloadWarmup   1: 4194304 op, 722873882.00 ns, 172.3466 ns/op
WorkloadWarmup   2: 4194304 op, 727722549.00 ns, 173.5026 ns/op
WorkloadWarmup   3: 4194304 op, 721940807.00 ns, 172.1241 ns/op
WorkloadWarmup   4: 4194304 op, 735405481.00 ns, 175.3343 ns/op
WorkloadWarmup   5: 4194304 op, 735054968.00 ns, 175.2508 ns/op
WorkloadWarmup   6: 4194304 op, 729754398.00 ns, 173.9870 ns/op

// BeforeActualRun
WorkloadActual   1: 4194304 op, 731753990.00 ns, 174.4637 ns/op
WorkloadActual   2: 4194304 op, 727646355.00 ns, 173.4844 ns/op
WorkloadActual   3: 4194304 op, 720084351.00 ns, 171.6815 ns/op
WorkloadActual   4: 4194304 op, 734971134.00 ns, 175.2308 ns/op
WorkloadActual   5: 4194304 op, 724792048.00 ns, 172.8039 ns/op
WorkloadActual   6: 4194304 op, 735630695.00 ns, 175.3880 ns/op
WorkloadActual   7: 4194304 op, 742079820.00 ns, 176.9256 ns/op
WorkloadActual   8: 4194304 op, 739174816.00 ns, 176.2330 ns/op
WorkloadActual   9: 4194304 op, 734466396.00 ns, 175.1104 ns/op
WorkloadActual  10: 4194304 op, 733196302.00 ns, 174.8076 ns/op
WorkloadActual  11: 4194304 op, 738111547.00 ns, 175.9795 ns/op
WorkloadActual  12: 4194304 op, 735307302.00 ns, 175.3109 ns/op
WorkloadActual  13: 4194304 op, 730423922.00 ns, 174.1466 ns/op
WorkloadActual  14: 4194304 op, 732773936.00 ns, 174.7069 ns/op
WorkloadActual  15: 4194304 op, 733301221.00 ns, 174.8326 ns/op

// AfterActualRun
WorkloadResult   1: 4194304 op, 718259729.50 ns, 171.2465 ns/op
WorkloadResult   2: 4194304 op, 714152094.50 ns, 170.2671 ns/op
WorkloadResult   3: 4194304 op, 706590090.50 ns, 168.4642 ns/op
WorkloadResult   4: 4194304 op, 721476873.50 ns, 172.0135 ns/op
WorkloadResult   5: 4194304 op, 711297787.50 ns, 169.5866 ns/op
WorkloadResult   6: 4194304 op, 722136434.50 ns, 172.1707 ns/op
WorkloadResult   7: 4194304 op, 725680555.50 ns, 173.0157 ns/op
WorkloadResult   8: 4194304 op, 720972135.50 ns, 171.8932 ns/op
WorkloadResult   9: 4194304 op, 719702041.50 ns, 171.5903 ns/op
WorkloadResult  10: 4194304 op, 724617286.50 ns, 172.7622 ns/op
WorkloadResult  11: 4194304 op, 721813041.50 ns, 172.0936 ns/op
WorkloadResult  12: 4194304 op, 716929661.50 ns, 170.9294 ns/op
WorkloadResult  13: 4194304 op, 719279675.50 ns, 171.4896 ns/op
WorkloadResult  14: 4194304 op, 719806960.50 ns, 171.6154 ns/op
// GC:  0 0 0 0 4194304
// Threading:  0 0 4194304

// AfterAll
// Benchmark Process 4239 has exited with code 0.

Mean = 171.367 ns, StdErr = 0.329 ns (0.19%), N = 14, StdDev = 1.230 ns
Min = 168.464 ns, Q1 = 171.009 ns, Median = 171.603 ns, Q3 = 172.074 ns, Max = 173.016 ns
IQR = 1.065 ns, LowerFence = 169.411 ns, UpperFence = 173.671 ns
ConfidenceInterval = [169.979 ns; 172.755 ns] (CI 99.9%), Margin = 1.388 ns (0.81% of Mean)
Skewness = -0.88, Kurtosis = 2.95, MValue = 2

// ** Remained 16 (41.0 %) benchmark(s) to run. Estimated finish 2026-09-27 7:26 (0h 4m from now) **
// **************************
// Benchmark: SecurityBenchmarks.'Token Generation (URL-Safe 32 bytes)': .NET 8.0(Runtime=.NET 8.0, Toolchain=net8.0)
// *** Execute ***
// Launch: 1 / 1
// Execute: dotnet "EricksonLopez.Security.Benchmarks-.NET 8.0-2.dll" --anonymousPipes 171 172 --benchmarkName EricksonLopez.Security.Benchmarks.SecurityBenchmarks.Token_Generate --job ".NET 8.0" --benchmarkId 10 in /home/runner/work/dotnet-security/dotnet-security/benchmarks/EricksonLopez.Security.Benchmarks/bin/Release/net10.0/EricksonLopez.Security.Benchmarks-.NET 8.0-2/bin/Release/net8.0
// Failed to set up high priority (Permission denied). In order to run benchmarks with high priority, make sure you have the right permissions.
// BeforeAnythingElse

// Benchmark Process Environment Information:
// BenchmarkDotNet v0.15.8
// Runtime=.NET 8.0.31 (8.0.31, 8.0.3126.42015), X64 RyuJIT x86-64-v4
// GC=Concurrent Workstation
// HardwareIntrinsics=AVX512 IFMA+VBMI,AVX512 F+BW+CD+DQ+VL,AVX2+BMI1+BMI2+F16C+FMA+LZCNT+MOVBE,AVX,SSE3+SSSE3+SSE4.1+SSE4.2+POPCNT,X86Base+SSE+SSE2,AES+PCLMUL,AvxVnni,SERIALIZE VectorSize=256
// Job: .NET 8.0

OverheadJitting  1: 1 op, 166087.00 ns, 166.0870 us/op
WorkloadJitting  1: 1 op, 505182.00 ns, 505.1820 us/op

OverheadJitting  2: 16 op, 386722.00 ns, 24.1701 us/op
WorkloadJitting  2: 16 op, 424707.00 ns, 26.5442 us/op

WorkloadPilot    1: 16 op, 55939.00 ns, 3.4962 us/op
WorkloadPilot    2: 32 op, 99176.00 ns, 3.0993 us/op
WorkloadPilot    3: 64 op, 98980.00 ns, 1.5466 us/op
WorkloadPilot    4: 128 op, 171845.00 ns, 1.3425 us/op
WorkloadPilot    5: 256 op, 323501.00 ns, 1.2637 us/op
WorkloadPilot    6: 512 op, 658367.00 ns, 1.2859 us/op
WorkloadPilot    7: 1024 op, 1195145.00 ns, 1.1671 us/op
WorkloadPilot    8: 2048 op, 2443417.00 ns, 1.1931 us/op
WorkloadPilot    9: 4096 op, 4840808.00 ns, 1.1818 us/op
WorkloadPilot   10: 8192 op, 9795000.00 ns, 1.1957 us/op
WorkloadPilot   11: 16384 op, 19087130.00 ns, 1.1650 us/op
WorkloadPilot   12: 32768 op, 37668669.00 ns, 1.1496 us/op
WorkloadPilot   13: 65536 op, 74329091.00 ns, 1.1342 us/op
WorkloadPilot   14: 131072 op, 165957138.00 ns, 1.2662 us/op
WorkloadPilot   15: 262144 op, 292076687.00 ns, 1.1142 us/op
WorkloadPilot   16: 524288 op, 499591360.00 ns, 952.8949 ns/op
WorkloadPilot   17: 1048576 op, 1001230906.00 ns, 954.8482 ns/op

OverheadWarmup   1: 1048576 op, 5567376.00 ns, 5.3095 ns/op
OverheadWarmup   2: 1048576 op, 5585686.00 ns, 5.3269 ns/op
OverheadWarmup   3: 1048576 op, 5568326.00 ns, 5.3104 ns/op
OverheadWarmup   4: 1048576 op, 5545609.00 ns, 5.2887 ns/op
OverheadWarmup   5: 1048576 op, 5564352.00 ns, 5.3066 ns/op
OverheadWarmup   6: 1048576 op, 5616090.00 ns, 5.3559 ns/op
OverheadWarmup   7: 1048576 op, 5575524.00 ns, 5.3172 ns/op

OverheadActual   1: 1048576 op, 5566877.00 ns, 5.3090 ns/op
OverheadActual   2: 1048576 op, 5557499.00 ns, 5.3000 ns/op
OverheadActual   3: 1048576 op, 5616972.00 ns, 5.3568 ns/op
OverheadActual   4: 1048576 op, 5563238.00 ns, 5.3055 ns/op
OverheadActual   5: 1048576 op, 5568800.00 ns, 5.3108 ns/op
OverheadActual   6: 1048576 op, 5569201.00 ns, 5.3112 ns/op
OverheadActual   7: 1048576 op, 5569728.00 ns, 5.3117 ns/op
OverheadActual   8: 1048576 op, 5568724.00 ns, 5.3107 ns/op
OverheadActual   9: 1048576 op, 5581826.00 ns, 5.3232 ns/op
OverheadActual  10: 1048576 op, 5545602.00 ns, 5.2887 ns/op
OverheadActual  11: 1048576 op, 5566376.00 ns, 5.3085 ns/op
OverheadActual  12: 1048576 op, 5563553.00 ns, 5.3058 ns/op
OverheadActual  13: 1048576 op, 5634432.00 ns, 5.3734 ns/op
OverheadActual  14: 1048576 op, 5561942.00 ns, 5.3043 ns/op
OverheadActual  15: 1048576 op, 5553857.00 ns, 5.2966 ns/op

WorkloadWarmup   1: 1048576 op, 1015558999.00 ns, 968.5125 ns/op
WorkloadWarmup   2: 1048576 op, 1012512794.00 ns, 965.6074 ns/op
WorkloadWarmup   3: 1048576 op, 1003431034.00 ns, 956.9464 ns/op
WorkloadWarmup   4: 1048576 op, 1002937754.00 ns, 956.4760 ns/op
WorkloadWarmup   5: 1048576 op, 1000750384.00 ns, 954.3899 ns/op
WorkloadWarmup   6: 1048576 op, 1005134470.00 ns, 958.5709 ns/op
WorkloadWarmup   7: 1048576 op, 1002007195.00 ns, 955.5885 ns/op
WorkloadWarmup   8: 1048576 op, 1000996292.00 ns, 954.6245 ns/op
WorkloadWarmup   9: 1048576 op, 998878394.00 ns, 952.6047 ns/op
WorkloadWarmup  10: 1048576 op, 1000561793.00 ns, 954.2101 ns/op
WorkloadWarmup  11: 1048576 op, 1000823375.00 ns, 954.4595 ns/op
WorkloadWarmup  12: 1048576 op, 1003918045.00 ns, 957.4109 ns/op
WorkloadWarmup  13: 1048576 op, 999228995.00 ns, 952.9390 ns/op

// BeforeActualRun
WorkloadActual   1: 1048576 op, 1005014388.00 ns, 958.4564 ns/op
WorkloadActual   2: 1048576 op, 1003217655.00 ns, 956.7429 ns/op
WorkloadActual   3: 1048576 op, 1000293321.00 ns, 953.9540 ns/op
WorkloadActual   4: 1048576 op, 1009584935.00 ns, 962.8152 ns/op
WorkloadActual   5: 1048576 op, 998551034.00 ns, 952.2925 ns/op
WorkloadActual   6: 1048576 op, 997695907.00 ns, 951.4770 ns/op
WorkloadActual   7: 1048576 op, 991347218.00 ns, 945.4224 ns/op
WorkloadActual   8: 1048576 op, 992940237.00 ns, 946.9416 ns/op
WorkloadActual   9: 1048576 op, 997246548.00 ns, 951.0484 ns/op
WorkloadActual  10: 1048576 op, 1001413573.00 ns, 955.0224 ns/op
WorkloadActual  11: 1048576 op, 996747938.00 ns, 950.5729 ns/op
WorkloadActual  12: 1048576 op, 995596870.00 ns, 949.4752 ns/op
WorkloadActual  13: 1048576 op, 1032616241.00 ns, 984.7796 ns/op
WorkloadActual  14: 1048576 op, 1000885582.00 ns, 954.5189 ns/op
WorkloadActual  15: 1048576 op, 997226905.00 ns, 951.0297 ns/op

// AfterActualRun
WorkloadResult   1: 1048576 op, 999447511.00 ns, 953.1474 ns/op
WorkloadResult   2: 1048576 op, 997650778.00 ns, 951.4339 ns/op
WorkloadResult   3: 1048576 op, 994726444.00 ns, 948.6451 ns/op
WorkloadResult   4: 1048576 op, 1004018058.00 ns, 957.5062 ns/op
WorkloadResult   5: 1048576 op, 992984157.00 ns, 946.9835 ns/op
WorkloadResult   6: 1048576 op, 992129030.00 ns, 946.1680 ns/op
WorkloadResult   7: 1048576 op, 985780341.00 ns, 940.1134 ns/op
WorkloadResult   8: 1048576 op, 987373360.00 ns, 941.6326 ns/op
WorkloadResult   9: 1048576 op, 991679671.00 ns, 945.7394 ns/op
WorkloadResult  10: 1048576 op, 995846696.00 ns, 949.7134 ns/op
WorkloadResult  11: 1048576 op, 991181061.00 ns, 945.2639 ns/op
WorkloadResult  12: 1048576 op, 990029993.00 ns, 944.1662 ns/op
WorkloadResult  13: 1048576 op, 995318705.00 ns, 949.2099 ns/op
WorkloadResult  14: 1048576 op, 991660028.00 ns, 945.7207 ns/op
// GC:  4 0 0 407320032 1048576
// Threading:  0 0 1048576

// AfterAll
// Benchmark Process 4253 has exited with code 0.

Mean = 947.532 ns, StdErr = 1.218 ns (0.13%), N = 14, StdDev = 4.558 ns
Min = 940.113 ns, Q1 = 945.378 ns, Median = 946.576 ns, Q3 = 949.588 ns, Max = 957.506 ns
IQR = 4.209 ns, LowerFence = 939.064 ns, UpperFence = 955.902 ns
ConfidenceInterval = [942.391 ns; 952.673 ns] (CI 99.9%), Margin = 5.141 ns (0.54% of Mean)
Skewness = 0.43, Kurtosis = 2.58, MValue = 2

// ** Remained 15 (38.5 %) benchmark(s) to run. Estimated finish 2026-09-27 7:27 (0h 4m from now) **
// **************************
// Benchmark: SecurityBenchmarks.'Token Hash (SHA-256)': .NET 8.0(Runtime=.NET 8.0, Toolchain=net8.0)
// *** Execute ***
// Launch: 1 / 1
// Execute: dotnet "EricksonLopez.Security.Benchmarks-.NET 8.0-2.dll" --anonymousPipes 171 172 --benchmarkName EricksonLopez.Security.Benchmarks.SecurityBenchmarks.Token_Hash --job ".NET 8.0" --benchmarkId 11 in /home/runner/work/dotnet-security/dotnet-security/benchmarks/EricksonLopez.Security.Benchmarks/bin/Release/net10.0/EricksonLopez.Security.Benchmarks-.NET 8.0-2/bin/Release/net8.0
// Failed to set up high priority (Permission denied). In order to run benchmarks with high priority, make sure you have the right permissions.
// BeforeAnythingElse

// Benchmark Process Environment Information:
// BenchmarkDotNet v0.15.8
// Runtime=.NET 8.0.31 (8.0.31, 8.0.3126.42015), X64 RyuJIT x86-64-v4
// GC=Concurrent Workstation
// HardwareIntrinsics=AVX512 IFMA+VBMI,AVX512 F+BW+CD+DQ+VL,AVX2+BMI1+BMI2+F16C+FMA+LZCNT+MOVBE,AVX,SSE3+SSSE3+SSE4.1+SSE4.2+POPCNT,X86Base+SSE+SSE2,AES+PCLMUL,AvxVnni,SERIALIZE VectorSize=256
// Job: .NET 8.0

OverheadJitting  1: 1 op, 164313.00 ns, 164.3130 us/op
WorkloadJitting  1: 1 op, 891000.00 ns, 891.0000 us/op

OverheadJitting  2: 16 op, 363621.00 ns, 22.7263 us/op
WorkloadJitting  2: 16 op, 414839.00 ns, 25.9274 us/op

WorkloadPilot    1: 16 op, 40082.00 ns, 2.5051 us/op
WorkloadPilot    2: 32 op, 55243.00 ns, 1.7263 us/op
WorkloadPilot    3: 64 op, 88164.00 ns, 1.3776 us/op
WorkloadPilot    4: 128 op, 172569.00 ns, 1.3482 us/op
WorkloadPilot    5: 256 op, 392746.00 ns, 1.5342 us/op
WorkloadPilot    6: 512 op, 685010.00 ns, 1.3379 us/op
WorkloadPilot    7: 1024 op, 1256597.00 ns, 1.2271 us/op
WorkloadPilot    8: 2048 op, 2386343.00 ns, 1.1652 us/op
WorkloadPilot    9: 4096 op, 4736153.00 ns, 1.1563 us/op
WorkloadPilot   10: 8192 op, 9437712.00 ns, 1.1521 us/op
WorkloadPilot   11: 16384 op, 18784542.00 ns, 1.1465 us/op
WorkloadPilot   12: 32768 op, 37294432.00 ns, 1.1381 us/op
WorkloadPilot   13: 65536 op, 74399796.00 ns, 1.1353 us/op
WorkloadPilot   14: 131072 op, 132922753.00 ns, 1.0141 us/op
WorkloadPilot   15: 262144 op, 235271757.00 ns, 897.4905 ns/op
WorkloadPilot   16: 524288 op, 468108493.00 ns, 892.8461 ns/op
WorkloadPilot   17: 1048576 op, 910290689.00 ns, 868.1209 ns/op

OverheadWarmup   1: 1048576 op, 5546495.00 ns, 5.2895 ns/op
OverheadWarmup   2: 1048576 op, 5593956.00 ns, 5.3348 ns/op
OverheadWarmup   3: 1048576 op, 5540417.00 ns, 5.2838 ns/op
OverheadWarmup   4: 1048576 op, 5552230.00 ns, 5.2950 ns/op
OverheadWarmup   5: 1048576 op, 5531155.00 ns, 5.2749 ns/op

OverheadActual   1: 1048576 op, 5535912.00 ns, 5.2795 ns/op
OverheadActual   2: 1048576 op, 5569345.00 ns, 5.3113 ns/op
OverheadActual   3: 1048576 op, 5552492.00 ns, 5.2953 ns/op
OverheadActual   4: 1048576 op, 5586615.00 ns, 5.3278 ns/op
OverheadActual   5: 1048576 op, 5550381.00 ns, 5.2933 ns/op
OverheadActual   6: 1048576 op, 5545933.00 ns, 5.2890 ns/op
OverheadActual   7: 1048576 op, 5531201.00 ns, 5.2750 ns/op
OverheadActual   8: 1048576 op, 5524753.00 ns, 5.2688 ns/op
OverheadActual   9: 1048576 op, 5538621.00 ns, 5.2820 ns/op
OverheadActual  10: 1048576 op, 5531081.00 ns, 5.2748 ns/op
OverheadActual  11: 1048576 op, 5543009.00 ns, 5.2862 ns/op
OverheadActual  12: 1048576 op, 5570426.00 ns, 5.3124 ns/op
OverheadActual  13: 1048576 op, 5574186.00 ns, 5.3160 ns/op
OverheadActual  14: 1048576 op, 5550029.00 ns, 5.2929 ns/op
OverheadActual  15: 1048576 op, 5567690.00 ns, 5.3098 ns/op

WorkloadWarmup   1: 1048576 op, 917980145.00 ns, 875.4541 ns/op
WorkloadWarmup   2: 1048576 op, 909682874.00 ns, 867.5412 ns/op
WorkloadWarmup   3: 1048576 op, 911353792.00 ns, 869.1347 ns/op
WorkloadWarmup   4: 1048576 op, 906113510.00 ns, 864.1372 ns/op
WorkloadWarmup   5: 1048576 op, 905501132.00 ns, 863.5532 ns/op
WorkloadWarmup   6: 1048576 op, 905216455.00 ns, 863.2817 ns/op
WorkloadWarmup   7: 1048576 op, 907294194.00 ns, 865.2632 ns/op
WorkloadWarmup   8: 1048576 op, 906356661.00 ns, 864.3691 ns/op

// BeforeActualRun
WorkloadActual   1: 1048576 op, 908220735.00 ns, 866.1468 ns/op
WorkloadActual   2: 1048576 op, 906072246.00 ns, 864.0978 ns/op
WorkloadActual   3: 1048576 op, 906075711.00 ns, 864.1011 ns/op
WorkloadActual   4: 1048576 op, 905574427.00 ns, 863.6231 ns/op
WorkloadActual   5: 1048576 op, 907330400.00 ns, 865.2977 ns/op
WorkloadActual   6: 1048576 op, 934788543.00 ns, 891.4838 ns/op
WorkloadActual   7: 1048576 op, 906075436.00 ns, 864.1009 ns/op
WorkloadActual   8: 1048576 op, 905846013.00 ns, 863.8821 ns/op
WorkloadActual   9: 1048576 op, 925188265.00 ns, 882.3283 ns/op
WorkloadActual  10: 1048576 op, 907822072.00 ns, 865.7666 ns/op
WorkloadActual  11: 1048576 op, 907524528.00 ns, 865.4828 ns/op
WorkloadActual  12: 1048576 op, 907086202.00 ns, 865.0648 ns/op
WorkloadActual  13: 1048576 op, 907134575.00 ns, 865.1109 ns/op
WorkloadActual  14: 1048576 op, 905113347.00 ns, 863.1834 ns/op
WorkloadActual  15: 1048576 op, 913301545.00 ns, 870.9922 ns/op

// AfterActualRun
WorkloadResult   1: 1048576 op, 902670706.00 ns, 860.8539 ns/op
WorkloadResult   2: 1048576 op, 900522217.00 ns, 858.8049 ns/op
WorkloadResult   3: 1048576 op, 900525682.00 ns, 858.8082 ns/op
WorkloadResult   4: 1048576 op, 900024398.00 ns, 858.3302 ns/op
WorkloadResult   5: 1048576 op, 901780371.00 ns, 860.0048 ns/op
WorkloadResult   6: 1048576 op, 900525407.00 ns, 858.8080 ns/op
WorkloadResult   7: 1048576 op, 900295984.00 ns, 858.5892 ns/op
WorkloadResult   8: 1048576 op, 902272043.00 ns, 860.4737 ns/op
WorkloadResult   9: 1048576 op, 901974499.00 ns, 860.1899 ns/op
WorkloadResult  10: 1048576 op, 901536173.00 ns, 859.7719 ns/op
WorkloadResult  11: 1048576 op, 901584546.00 ns, 859.8180 ns/op
WorkloadResult  12: 1048576 op, 899563318.00 ns, 857.8904 ns/op
// GC:  2 0 0 192937984 1048576
// Threading:  0 0 1048576

// AfterAll
// Benchmark Process 4271 has exited with code 0.

Mean = 859.362 ns, StdErr = 0.271 ns (0.03%), N = 12, StdDev = 0.938 ns
Min = 857.890 ns, Q1 = 858.751 ns, Median = 859.290 ns, Q3 = 860.051 ns, Max = 860.854 ns
IQR = 1.300 ns, LowerFence = 856.801 ns, UpperFence = 862.001 ns
ConfidenceInterval = [858.160 ns; 860.564 ns] (CI 99.9%), Margin = 1.202 ns (0.14% of Mean)
Skewness = 0.04, Kurtosis = 1.47, MValue = 2

// ** Remained 14 (35.9 %) benchmark(s) to run. Estimated finish 2026-09-27 7:27 (0h 4m from now) **
// **************************
// Benchmark: SecurityBenchmarks.'SecretBuffer Allocate & Dispose (ZeroMemory)': .NET 8.0(Runtime=.NET 8.0, Toolchain=net8.0)
// *** Execute ***
// Launch: 1 / 1
// Execute: dotnet "EricksonLopez.Security.Benchmarks-.NET 8.0-2.dll" --anonymousPipes 171 172 --benchmarkName EricksonLopez.Security.Benchmarks.SecurityBenchmarks.SecretBuffer_RentAndScrub --job ".NET 8.0" --benchmarkId 12 in /home/runner/work/dotnet-security/dotnet-security/benchmarks/EricksonLopez.Security.Benchmarks/bin/Release/net10.0/EricksonLopez.Security.Benchmarks-.NET 8.0-2/bin/Release/net8.0
// Failed to set up high priority (Permission denied). In order to run benchmarks with high priority, make sure you have the right permissions.
// BeforeAnythingElse

// Benchmark Process Environment Information:
// BenchmarkDotNet v0.15.8
// Runtime=.NET 8.0.31 (8.0.31, 8.0.3126.42015), X64 RyuJIT x86-64-v4
// GC=Concurrent Workstation
// HardwareIntrinsics=AVX512 IFMA+VBMI,AVX512 F+BW+CD+DQ+VL,AVX2+BMI1+BMI2+F16C+FMA+LZCNT+MOVBE,AVX,SSE3+SSSE3+SSE4.1+SSE4.2+POPCNT,X86Base+SSE+SSE2,AES+PCLMUL,AvxVnni,SERIALIZE VectorSize=256
// Job: .NET 8.0

OverheadJitting  1: 1 op, 130091.00 ns, 130.0910 us/op
WorkloadJitting  1: 1 op, 584777.00 ns, 584.7770 us/op

OverheadJitting  2: 16 op, 211114.00 ns, 13.1946 us/op
WorkloadJitting  2: 16 op, 234605.00 ns, 14.6628 us/op

WorkloadPilot    1: 16 op, 7946.00 ns, 496.6250 ns/op
WorkloadPilot    2: 32 op, 9386.00 ns, 293.3125 ns/op
WorkloadPilot    3: 64 op, 26501.00 ns, 414.0781 ns/op
WorkloadPilot    4: 128 op, 20276.00 ns, 158.4063 ns/op
WorkloadPilot    5: 256 op, 30306.00 ns, 118.3828 ns/op
WorkloadPilot    6: 512 op, 54696.00 ns, 106.8281 ns/op
WorkloadPilot    7: 1024 op, 112312.00 ns, 109.6797 ns/op
WorkloadPilot    8: 2048 op, 225008.00 ns, 109.8672 ns/op
WorkloadPilot    9: 4096 op, 475690.00 ns, 116.1353 ns/op
WorkloadPilot   10: 8192 op, 890383.00 ns, 108.6893 ns/op
WorkloadPilot   11: 16384 op, 1641785.00 ns, 100.2066 ns/op
WorkloadPilot   12: 32768 op, 3319901.00 ns, 101.3153 ns/op
WorkloadPilot   13: 65536 op, 6623883.00 ns, 101.0724 ns/op
WorkloadPilot   14: 131072 op, 13471596.00 ns, 102.7801 ns/op
WorkloadPilot   15: 262144 op, 27008902.00 ns, 103.0308 ns/op
WorkloadPilot   16: 524288 op, 53879450.00 ns, 102.7669 ns/op
WorkloadPilot   17: 1048576 op, 98573037.00 ns, 94.0066 ns/op
WorkloadPilot   18: 2097152 op, 155164263.00 ns, 73.9881 ns/op
WorkloadPilot   19: 4194304 op, 294698596.00 ns, 70.2616 ns/op
WorkloadPilot   20: 8388608 op, 592873353.00 ns, 70.6760 ns/op

OverheadWarmup   1: 8388608 op, 21726232.00 ns, 2.5900 ns/op
OverheadWarmup   2: 8388608 op, 21719005.00 ns, 2.5891 ns/op
OverheadWarmup   3: 8388608 op, 21703129.00 ns, 2.5872 ns/op
OverheadWarmup   4: 8388608 op, 21734268.00 ns, 2.5909 ns/op
OverheadWarmup   5: 8388608 op, 21776825.00 ns, 2.5960 ns/op
OverheadWarmup   6: 8388608 op, 21717449.00 ns, 2.5889 ns/op
OverheadWarmup   7: 8388608 op, 21708244.00 ns, 2.5878 ns/op
OverheadWarmup   8: 8388608 op, 21726493.00 ns, 2.5900 ns/op
OverheadWarmup   9: 8388608 op, 21684367.00 ns, 2.5850 ns/op

OverheadActual   1: 8388608 op, 17151106.00 ns, 2.0446 ns/op
OverheadActual   2: 8388608 op, 17027145.00 ns, 2.0298 ns/op
OverheadActual   3: 8388608 op, 17029398.00 ns, 2.0301 ns/op
OverheadActual   4: 8388608 op, 17039549.00 ns, 2.0313 ns/op
OverheadActual   5: 8388608 op, 17025925.00 ns, 2.0296 ns/op
OverheadActual   6: 8388608 op, 17095839.00 ns, 2.0380 ns/op
OverheadActual   7: 8388608 op, 17023103.00 ns, 2.0293 ns/op
OverheadActual   8: 8388608 op, 17059389.00 ns, 2.0336 ns/op
OverheadActual   9: 8388608 op, 17015503.00 ns, 2.0284 ns/op
OverheadActual  10: 8388608 op, 17026403.00 ns, 2.0297 ns/op
OverheadActual  11: 8388608 op, 17054098.00 ns, 2.0330 ns/op
OverheadActual  12: 8388608 op, 19602958.00 ns, 2.3369 ns/op
OverheadActual  13: 8388608 op, 17115800.00 ns, 2.0404 ns/op
OverheadActual  14: 8388608 op, 17011600.00 ns, 2.0279 ns/op
OverheadActual  15: 8388608 op, 17036436.00 ns, 2.0309 ns/op

WorkloadWarmup   1: 8388608 op, 631853037.00 ns, 75.3228 ns/op
WorkloadWarmup   2: 8388608 op, 598962425.00 ns, 71.4019 ns/op
WorkloadWarmup   3: 8388608 op, 596279941.00 ns, 71.0821 ns/op
WorkloadWarmup   4: 8388608 op, 625960087.00 ns, 74.6203 ns/op
WorkloadWarmup   5: 8388608 op, 600785108.00 ns, 71.6192 ns/op
WorkloadWarmup   6: 8388608 op, 594366824.00 ns, 70.8540 ns/op
WorkloadWarmup   7: 8388608 op, 594316037.00 ns, 70.8480 ns/op
WorkloadWarmup   8: 8388608 op, 585035700.00 ns, 69.7417 ns/op
WorkloadWarmup   9: 8388608 op, 601353546.00 ns, 71.6869 ns/op
WorkloadWarmup  10: 8388608 op, 594055256.00 ns, 70.8169 ns/op

// BeforeActualRun
WorkloadActual   1: 8388608 op, 591021366.00 ns, 70.4552 ns/op
WorkloadActual   2: 8388608 op, 591588660.00 ns, 70.5229 ns/op
WorkloadActual   3: 8388608 op, 588896622.00 ns, 70.2019 ns/op
WorkloadActual   4: 8388608 op, 603106378.00 ns, 71.8959 ns/op
WorkloadActual   5: 8388608 op, 588580560.00 ns, 70.1643 ns/op
WorkloadActual   6: 8388608 op, 587173492.00 ns, 69.9965 ns/op
WorkloadActual   7: 8388608 op, 592563610.00 ns, 70.6391 ns/op
WorkloadActual   8: 8388608 op, 591581546.00 ns, 70.5220 ns/op
WorkloadActual   9: 8388608 op, 590827038.00 ns, 70.4321 ns/op
WorkloadActual  10: 8388608 op, 627320135.00 ns, 74.7824 ns/op
WorkloadActual  11: 8388608 op, 587814476.00 ns, 70.0729 ns/op
WorkloadActual  12: 8388608 op, 595159588.00 ns, 70.9486 ns/op
WorkloadActual  13: 8388608 op, 589981459.00 ns, 70.3313 ns/op
WorkloadActual  14: 8388608 op, 587235459.00 ns, 70.0039 ns/op
WorkloadActual  15: 8388608 op, 604233272.00 ns, 72.0302 ns/op

// AfterActualRun
WorkloadResult   1: 8388608 op, 573984930.00 ns, 68.4243 ns/op
WorkloadResult   2: 8388608 op, 574552224.00 ns, 68.4920 ns/op
WorkloadResult   3: 8388608 op, 571860186.00 ns, 68.1710 ns/op
WorkloadResult   4: 8388608 op, 571544124.00 ns, 68.1334 ns/op
WorkloadResult   5: 8388608 op, 570137056.00 ns, 67.9656 ns/op
WorkloadResult   6: 8388608 op, 575527174.00 ns, 68.6082 ns/op
WorkloadResult   7: 8388608 op, 574545110.00 ns, 68.4911 ns/op
WorkloadResult   8: 8388608 op, 573790602.00 ns, 68.4012 ns/op
WorkloadResult   9: 8388608 op, 570778040.00 ns, 68.0420 ns/op
WorkloadResult  10: 8388608 op, 578123152.00 ns, 68.9177 ns/op
WorkloadResult  11: 8388608 op, 572945023.00 ns, 68.3004 ns/op
WorkloadResult  12: 8388608 op, 570199023.00 ns, 67.9730 ns/op
// GC:  3 0 0 268435456 8388608
// Threading:  0 0 8388608

// AfterAll
// Benchmark Process 4291 has exited with code 0.

Mean = 68.327 ns, StdErr = 0.082 ns (0.12%), N = 12, StdDev = 0.286 ns
Min = 67.966 ns, Q1 = 68.111 ns, Median = 68.351 ns, Q3 = 68.491 ns, Max = 68.918 ns
IQR = 0.381 ns, LowerFence = 67.539 ns, UpperFence = 69.063 ns
ConfidenceInterval = [67.961 ns; 68.692 ns] (CI 99.9%), Margin = 0.366 ns (0.54% of Mean)
Skewness = 0.41, Kurtosis = 2.15, MValue = 2

// ** Remained 13 (33.3 %) benchmark(s) to run. Estimated finish 2026-09-27 7:27 (0h 3m from now) **
// **************************
// Benchmark: SecurityBenchmarks.'AES-GCM 256-bit Encrypt (Span, Zero-Alloc)': .NET 9.0(Runtime=.NET 9.0, Toolchain=net9.0)
// *** Execute ***
// Launch: 1 / 1
// Execute: dotnet "EricksonLopez.Security.Benchmarks-.NET 9.0-3.dll" --anonymousPipes 171 172 --benchmarkName EricksonLopez.Security.Benchmarks.SecurityBenchmarks.AesGcm_Encrypt_Span --job ".NET 9.0" --benchmarkId 0 in /home/runner/work/dotnet-security/dotnet-security/benchmarks/EricksonLopez.Security.Benchmarks/bin/Release/net10.0/EricksonLopez.Security.Benchmarks-.NET 9.0-3/bin/Release/net9.0
// Failed to set up high priority (Permission denied). In order to run benchmarks with high priority, make sure you have the right permissions.
// BeforeAnythingElse

// Benchmark Process Environment Information:
// BenchmarkDotNet v0.15.8
// Runtime=.NET 9.0.20 (9.0.20, 9.0.2026.41315), X64 RyuJIT x86-64-v4
// GC=Concurrent Workstation
// HardwareIntrinsics=AVX512 IFMA+VBMI,AVX512 F+BW+CD+DQ+VL,AVX2+BMI1+BMI2+F16C+FMA+LZCNT+MOVBE,AVX,SSE3+SSSE3+SSE4.1+SSE4.2+POPCNT,X86Base+SSE+SSE2,AES+PCLMUL,AvxVnni,SERIALIZE VectorSize=256
// Job: .NET 9.0

OverheadJitting  1: 1 op, 159503.00 ns, 159.5030 us/op
WorkloadJitting  1: 1 op, 345439.00 ns, 345.4390 us/op

OverheadJitting  2: 16 op, 182631.00 ns, 11.4144 us/op
WorkloadJitting  2: 16 op, 263892.00 ns, 16.4933 us/op

WorkloadPilot    1: 16 op, 95854.00 ns, 5.9909 us/op
WorkloadPilot    2: 32 op, 137603.00 ns, 4.3001 us/op
WorkloadPilot    3: 64 op, 214756.00 ns, 3.3556 us/op
WorkloadPilot    4: 128 op, 408319.00 ns, 3.1900 us/op
WorkloadPilot    5: 256 op, 815979.00 ns, 3.1874 us/op
WorkloadPilot    6: 512 op, 1578368.00 ns, 3.0828 us/op
WorkloadPilot    7: 1024 op, 3163322.00 ns, 3.0892 us/op
WorkloadPilot    8: 2048 op, 6334158.00 ns, 3.0929 us/op
WorkloadPilot    9: 4096 op, 14729290.00 ns, 3.5960 us/op
WorkloadPilot   10: 8192 op, 29632752.00 ns, 3.6173 us/op
WorkloadPilot   11: 16384 op, 50193425.00 ns, 3.0636 us/op
WorkloadPilot   12: 32768 op, 100881884.00 ns, 3.0787 us/op
WorkloadPilot   13: 65536 op, 194327281.00 ns, 2.9652 us/op
WorkloadPilot   14: 131072 op, 376305721.00 ns, 2.8710 us/op
WorkloadPilot   15: 262144 op, 736178613.00 ns, 2.8083 us/op

OverheadWarmup   1: 262144 op, 761773.00 ns, 2.9059 ns/op
OverheadWarmup   2: 262144 op, 755350.00 ns, 2.8814 ns/op
OverheadWarmup   3: 262144 op, 755785.00 ns, 2.8831 ns/op
OverheadWarmup   4: 262144 op, 756227.00 ns, 2.8848 ns/op
OverheadWarmup   5: 262144 op, 756337.00 ns, 2.8852 ns/op
OverheadWarmup   6: 262144 op, 754615.00 ns, 2.8786 ns/op
OverheadWarmup   7: 262144 op, 754826.00 ns, 2.8794 ns/op
OverheadWarmup   8: 262144 op, 755203.00 ns, 2.8809 ns/op
OverheadWarmup   9: 262144 op, 754243.00 ns, 2.8772 ns/op

OverheadActual   1: 262144 op, 749078.00 ns, 2.8575 ns/op
OverheadActual   2: 262144 op, 748979.00 ns, 2.8571 ns/op
OverheadActual   3: 262144 op, 761309.00 ns, 2.9042 ns/op
OverheadActual   4: 262144 op, 758027.00 ns, 2.8916 ns/op
OverheadActual   5: 262144 op, 777680.00 ns, 2.9666 ns/op
OverheadActual   6: 262144 op, 763763.00 ns, 2.9135 ns/op
OverheadActual   7: 262144 op, 763960.00 ns, 2.9143 ns/op
OverheadActual   8: 262144 op, 752319.00 ns, 2.8699 ns/op
OverheadActual   9: 262144 op, 748298.00 ns, 2.8545 ns/op
OverheadActual  10: 262144 op, 756618.00 ns, 2.8863 ns/op
OverheadActual  11: 262144 op, 756853.00 ns, 2.8872 ns/op
OverheadActual  12: 262144 op, 783715.00 ns, 2.9896 ns/op
OverheadActual  13: 262144 op, 781433.00 ns, 2.9809 ns/op
OverheadActual  14: 262144 op, 748542.00 ns, 2.8555 ns/op
OverheadActual  15: 262144 op, 750958.00 ns, 2.8647 ns/op

WorkloadWarmup   1: 262144 op, 752108700.00 ns, 2.8691 us/op
WorkloadWarmup   2: 262144 op, 733763758.00 ns, 2.7991 us/op
WorkloadWarmup   3: 262144 op, 728977106.00 ns, 2.7808 us/op
WorkloadWarmup   4: 262144 op, 725955566.00 ns, 2.7693 us/op
WorkloadWarmup   5: 262144 op, 730837900.00 ns, 2.7879 us/op
WorkloadWarmup   6: 262144 op, 726441080.00 ns, 2.7712 us/op
WorkloadWarmup   7: 262144 op, 729180772.00 ns, 2.7816 us/op
WorkloadWarmup   8: 262144 op, 727460739.00 ns, 2.7750 us/op

// BeforeActualRun
WorkloadActual   1: 262144 op, 732111994.00 ns, 2.7928 us/op
WorkloadActual   2: 262144 op, 728573514.00 ns, 2.7793 us/op
WorkloadActual   3: 262144 op, 726819524.00 ns, 2.7726 us/op
WorkloadActual   4: 262144 op, 728551972.00 ns, 2.7792 us/op
WorkloadActual   5: 262144 op, 726365266.00 ns, 2.7709 us/op
WorkloadActual   6: 262144 op, 728508307.00 ns, 2.7790 us/op
WorkloadActual   7: 262144 op, 725785880.00 ns, 2.7687 us/op
WorkloadActual   8: 262144 op, 729210713.00 ns, 2.7817 us/op
WorkloadActual   9: 262144 op, 728159971.00 ns, 2.7777 us/op
WorkloadActual  10: 262144 op, 726944775.00 ns, 2.7731 us/op
WorkloadActual  11: 262144 op, 727324288.00 ns, 2.7745 us/op
WorkloadActual  12: 262144 op, 725820284.00 ns, 2.7688 us/op
WorkloadActual  13: 262144 op, 759303649.00 ns, 2.8965 us/op
WorkloadActual  14: 262144 op, 727029491.00 ns, 2.7734 us/op
WorkloadActual  15: 262144 op, 726663181.00 ns, 2.7720 us/op

// AfterActualRun
WorkloadResult   1: 262144 op, 727816661.00 ns, 2.7764 us/op
WorkloadResult   2: 262144 op, 726062671.00 ns, 2.7697 us/op
WorkloadResult   3: 262144 op, 727795119.00 ns, 2.7763 us/op
WorkloadResult   4: 262144 op, 725608413.00 ns, 2.7680 us/op
WorkloadResult   5: 262144 op, 727751454.00 ns, 2.7762 us/op
WorkloadResult   6: 262144 op, 725029027.00 ns, 2.7658 us/op
WorkloadResult   7: 262144 op, 728453860.00 ns, 2.7788 us/op
WorkloadResult   8: 262144 op, 727403118.00 ns, 2.7748 us/op
WorkloadResult   9: 262144 op, 726187922.00 ns, 2.7702 us/op
WorkloadResult  10: 262144 op, 726567435.00 ns, 2.7716 us/op
WorkloadResult  11: 262144 op, 725063431.00 ns, 2.7659 us/op
WorkloadResult  12: 262144 op, 726272638.00 ns, 2.7705 us/op
WorkloadResult  13: 262144 op, 725906328.00 ns, 2.7691 us/op
// GC:  0 0 0 16777432 262144
// Threading:  0 0 262144

// AfterAll
// Benchmark Process 4303 has exited with code 0.

Mean = 2.772 μs, StdErr = 0.001 μs (0.04%), N = 13, StdDev = 0.004 μs
Min = 2.766 μs, Q1 = 2.769 μs, Median = 2.771 μs, Q3 = 2.776 μs, Max = 2.779 μs
IQR = 0.007 μs, LowerFence = 2.759 μs, UpperFence = 2.787 μs
ConfidenceInterval = [2.767 μs; 2.777 μs] (CI 99.9%), Margin = 0.005 μs (0.19% of Mean)
Skewness = 0.13, Kurtosis = 1.5, MValue = 2

// ** Remained 12 (30.8 %) benchmark(s) to run. Estimated finish 2026-09-27 7:27 (0h 3m from now) **
// **************************
// Benchmark: SecurityBenchmarks.'AES-GCM 256-bit Decrypt (Span, Zero-Alloc)': .NET 9.0(Runtime=.NET 9.0, Toolchain=net9.0)
// *** Execute ***
// Launch: 1 / 1
// Execute: dotnet "EricksonLopez.Security.Benchmarks-.NET 9.0-3.dll" --anonymousPipes 171 172 --benchmarkName EricksonLopez.Security.Benchmarks.SecurityBenchmarks.AesGcm_Decrypt_Span --job ".NET 9.0" --benchmarkId 1 in /home/runner/work/dotnet-security/dotnet-security/benchmarks/EricksonLopez.Security.Benchmarks/bin/Release/net10.0/EricksonLopez.Security.Benchmarks-.NET 9.0-3/bin/Release/net9.0
// Failed to set up high priority (Permission denied). In order to run benchmarks with high priority, make sure you have the right permissions.
// BeforeAnythingElse

// Benchmark Process Environment Information:
// BenchmarkDotNet v0.15.8
// Runtime=.NET 9.0.20 (9.0.20, 9.0.2026.41315), X64 RyuJIT x86-64-v4
// GC=Concurrent Workstation
// HardwareIntrinsics=AVX512 IFMA+VBMI,AVX512 F+BW+CD+DQ+VL,AVX2+BMI1+BMI2+F16C+FMA+LZCNT+MOVBE,AVX,SSE3+SSSE3+SSE4.1+SSE4.2+POPCNT,X86Base+SSE+SSE2,AES+PCLMUL,AvxVnni,SERIALIZE VectorSize=256
// Job: .NET 9.0

OverheadJitting  1: 1 op, 141315.00 ns, 141.3150 us/op
WorkloadJitting  1: 1 op, 894450.00 ns, 894.4500 us/op

OverheadJitting  2: 16 op, 184256.00 ns, 11.5160 us/op
WorkloadJitting  2: 16 op, 253085.00 ns, 15.8178 us/op

WorkloadPilot    1: 16 op, 79395.00 ns, 4.9622 us/op
WorkloadPilot    2: 32 op, 94095.00 ns, 2.9405 us/op
WorkloadPilot    3: 64 op, 193955.00 ns, 3.0305 us/op
WorkloadPilot    4: 128 op, 311648.00 ns, 2.4348 us/op
WorkloadPilot    5: 256 op, 587089.00 ns, 2.2933 us/op
WorkloadPilot    6: 512 op, 1151918.00 ns, 2.2498 us/op
WorkloadPilot    7: 1024 op, 2285138.00 ns, 2.2316 us/op
WorkloadPilot    8: 2048 op, 4507506.00 ns, 2.2009 us/op
WorkloadPilot    9: 4096 op, 8873449.00 ns, 2.1664 us/op
WorkloadPilot   10: 8192 op, 17732074.00 ns, 2.1646 us/op
WorkloadPilot   11: 16384 op, 35395035.00 ns, 2.1603 us/op
WorkloadPilot   12: 32768 op, 69970207.00 ns, 2.1353 us/op
WorkloadPilot   13: 65536 op, 135699734.00 ns, 2.0706 us/op
WorkloadPilot   14: 131072 op, 268697682.00 ns, 2.0500 us/op
WorkloadPilot   15: 262144 op, 506887204.00 ns, 1.9336 us/op

OverheadWarmup   1: 262144 op, 763073.00 ns, 2.9109 ns/op
OverheadWarmup   2: 262144 op, 775515.00 ns, 2.9584 ns/op
OverheadWarmup   3: 262144 op, 780791.00 ns, 2.9785 ns/op
OverheadWarmup   4: 262144 op, 772753.00 ns, 2.9478 ns/op
OverheadWarmup   5: 262144 op, 769547.00 ns, 2.9356 ns/op
OverheadWarmup   6: 262144 op, 767625.00 ns, 2.9283 ns/op
OverheadWarmup   7: 262144 op, 782482.00 ns, 2.9849 ns/op
OverheadWarmup   8: 262144 op, 760833.00 ns, 2.9023 ns/op

OverheadActual   1: 262144 op, 781782.00 ns, 2.9823 ns/op
OverheadActual   2: 262144 op, 772081.00 ns, 2.9453 ns/op
OverheadActual   3: 262144 op, 786161.00 ns, 2.9990 ns/op
OverheadActual   4: 262144 op, 764967.00 ns, 2.9181 ns/op
OverheadActual   5: 262144 op, 772879.00 ns, 2.9483 ns/op
OverheadActual   6: 262144 op, 781857.00 ns, 2.9825 ns/op
OverheadActual   7: 262144 op, 773108.00 ns, 2.9492 ns/op
OverheadActual   8: 262144 op, 760526.00 ns, 2.9012 ns/op
OverheadActual   9: 262144 op, 785975.00 ns, 2.9983 ns/op
OverheadActual  10: 262144 op, 792226.00 ns, 3.0221 ns/op
OverheadActual  11: 262144 op, 791262.00 ns, 3.0184 ns/op
OverheadActual  12: 262144 op, 790693.00 ns, 3.0163 ns/op
OverheadActual  13: 262144 op, 784371.00 ns, 2.9921 ns/op
OverheadActual  14: 262144 op, 775471.00 ns, 2.9582 ns/op
OverheadActual  15: 262144 op, 770678.00 ns, 2.9399 ns/op

WorkloadWarmup   1: 262144 op, 504230739.00 ns, 1.9235 us/op
WorkloadWarmup   2: 262144 op, 502736930.00 ns, 1.9178 us/op
WorkloadWarmup   3: 262144 op, 503942226.00 ns, 1.9224 us/op
WorkloadWarmup   4: 262144 op, 501129240.00 ns, 1.9117 us/op
WorkloadWarmup   5: 262144 op, 503615880.00 ns, 1.9211 us/op
WorkloadWarmup   6: 262144 op, 503080545.00 ns, 1.9191 us/op

// BeforeActualRun
WorkloadActual   1: 262144 op, 503433881.00 ns, 1.9204 us/op
WorkloadActual   2: 262144 op, 501698842.00 ns, 1.9138 us/op
WorkloadActual   3: 262144 op, 504614903.00 ns, 1.9250 us/op
WorkloadActual   4: 262144 op, 501672563.00 ns, 1.9137 us/op
WorkloadActual   5: 262144 op, 499961572.00 ns, 1.9072 us/op
WorkloadActual   6: 262144 op, 500439925.00 ns, 1.9090 us/op
WorkloadActual   7: 262144 op, 502203804.00 ns, 1.9158 us/op
WorkloadActual   8: 262144 op, 500110020.00 ns, 1.9078 us/op
WorkloadActual   9: 262144 op, 499511832.00 ns, 1.9055 us/op
WorkloadActual  10: 262144 op, 507970673.00 ns, 1.9378 us/op
WorkloadActual  11: 262144 op, 500829933.00 ns, 1.9105 us/op
WorkloadActual  12: 262144 op, 501900867.00 ns, 1.9146 us/op
WorkloadActual  13: 262144 op, 500818297.00 ns, 1.9105 us/op
WorkloadActual  14: 262144 op, 499819517.00 ns, 1.9067 us/op
WorkloadActual  15: 262144 op, 504328348.00 ns, 1.9239 us/op

// AfterActualRun
WorkloadResult   1: 262144 op, 502652099.00 ns, 1.9175 us/op
WorkloadResult   2: 262144 op, 500917060.00 ns, 1.9108 us/op
WorkloadResult   3: 262144 op, 503833121.00 ns, 1.9220 us/op
WorkloadResult   4: 262144 op, 500890781.00 ns, 1.9107 us/op
WorkloadResult   5: 262144 op, 499179790.00 ns, 1.9042 us/op
WorkloadResult   6: 262144 op, 499658143.00 ns, 1.9060 us/op
WorkloadResult   7: 262144 op, 501422022.00 ns, 1.9128 us/op
WorkloadResult   8: 262144 op, 499328238.00 ns, 1.9048 us/op
WorkloadResult   9: 262144 op, 498730050.00 ns, 1.9025 us/op
WorkloadResult  10: 262144 op, 500048151.00 ns, 1.9075 us/op
WorkloadResult  11: 262144 op, 501119085.00 ns, 1.9116 us/op
WorkloadResult  12: 262144 op, 500036515.00 ns, 1.9075 us/op
WorkloadResult  13: 262144 op, 499037735.00 ns, 1.9037 us/op
WorkloadResult  14: 262144 op, 503546566.00 ns, 1.9209 us/op
// GC:  0 0 0 16777432 262144
// Threading:  0 0 262144

// AfterAll
// Benchmark Process 4318 has exited with code 0.

Mean = 1.910 μs, StdErr = 0.002 μs (0.09%), N = 14, StdDev = 0.006 μs
Min = 1.903 μs, Q1 = 1.905 μs, Median = 1.909 μs, Q3 = 1.912 μs, Max = 1.922 μs
IQR = 0.007 μs, LowerFence = 1.894 μs, UpperFence = 1.924 μs
ConfidenceInterval = [1.903 μs; 1.917 μs] (CI 99.9%), Margin = 0.007 μs (0.37% of Mean)
Skewness = 0.59, Kurtosis = 1.97, MValue = 2

// ** Remained 11 (28.2 %) benchmark(s) to run. Estimated finish 2026-09-27 7:27 (0h 3m from now) **
// **************************
// Benchmark: SecurityBenchmarks.'AES-GCM Parallel Concurrent Throughput (100 ops)': .NET 9.0(Runtime=.NET 9.0, Toolchain=net9.0)
// *** Execute ***
// Launch: 1 / 1
// Execute: dotnet "EricksonLopez.Security.Benchmarks-.NET 9.0-3.dll" --anonymousPipes 171 172 --benchmarkName EricksonLopez.Security.Benchmarks.SecurityBenchmarks.AesGcm_Concurrent_Throughput --job ".NET 9.0" --benchmarkId 2 in /home/runner/work/dotnet-security/dotnet-security/benchmarks/EricksonLopez.Security.Benchmarks/bin/Release/net10.0/EricksonLopez.Security.Benchmarks-.NET 9.0-3/bin/Release/net9.0
// Failed to set up high priority (Permission denied). In order to run benchmarks with high priority, make sure you have the right permissions.
// BeforeAnythingElse

// Benchmark Process Environment Information:
// BenchmarkDotNet v0.15.8
// Runtime=.NET 9.0.20 (9.0.20, 9.0.2026.41315), X64 RyuJIT x86-64-v4
// GC=Concurrent Workstation
// HardwareIntrinsics=AVX512 IFMA+VBMI,AVX512 F+BW+CD+DQ+VL,AVX2+BMI1+BMI2+F16C+FMA+LZCNT+MOVBE,AVX,SSE3+SSSE3+SSE4.1+SSE4.2+POPCNT,X86Base+SSE+SSE2,AES+PCLMUL,AvxVnni,SERIALIZE VectorSize=256
// Job: .NET 9.0

OverheadJitting  1: 1 op, 118638.00 ns, 118.6380 us/op
WorkloadJitting  1: 1 op, 57961324.00 ns, 57.9613 ms/op

WorkloadPilot    1: 2 op, 537955.00 ns, 268.9775 us/op
WorkloadPilot    2: 3 op, 941192.00 ns, 313.7307 us/op
WorkloadPilot    3: 4 op, 964332.00 ns, 241.0830 us/op
WorkloadPilot    4: 5 op, 980072.00 ns, 196.0144 us/op
WorkloadPilot    5: 6 op, 1382913.00 ns, 230.4855 us/op
WorkloadPilot    6: 7 op, 1384986.00 ns, 197.8551 us/op
WorkloadPilot    7: 8 op, 1580571.00 ns, 197.5714 us/op
WorkloadPilot    8: 9 op, 1891621.00 ns, 210.1801 us/op
WorkloadPilot    9: 10 op, 2023638.00 ns, 202.3638 us/op
WorkloadPilot   10: 11 op, 2263964.00 ns, 205.8149 us/op
WorkloadPilot   11: 12 op, 2619454.00 ns, 218.2878 us/op
WorkloadPilot   12: 13 op, 2333484.00 ns, 179.4988 us/op
WorkloadPilot   13: 14 op, 2775868.00 ns, 198.2763 us/op
WorkloadPilot   14: 15 op, 3345200.00 ns, 223.0133 us/op
WorkloadPilot   15: 16 op, 3151488.00 ns, 196.9680 us/op
WorkloadPilot   16: 32 op, 6186831.00 ns, 193.3385 us/op
WorkloadPilot   17: 64 op, 11681724.00 ns, 182.5269 us/op
WorkloadPilot   18: 128 op, 23247679.00 ns, 181.6225 us/op
WorkloadPilot   19: 256 op, 45161850.00 ns, 176.4135 us/op
WorkloadPilot   20: 512 op, 90715369.00 ns, 177.1785 us/op
WorkloadPilot   21: 1024 op, 207140030.00 ns, 202.2852 us/op
WorkloadPilot   22: 2048 op, 375841113.00 ns, 183.5162 us/op
WorkloadPilot   23: 4096 op, 652473849.00 ns, 159.2954 us/op

WorkloadWarmup   1: 4096 op, 618930222.00 ns, 151.1060 us/op
WorkloadWarmup   2: 4096 op, 613237668.00 ns, 149.7162 us/op
WorkloadWarmup   3: 4096 op, 611467179.00 ns, 149.2840 us/op
WorkloadWarmup   4: 4096 op, 610032255.00 ns, 148.9337 us/op
WorkloadWarmup   5: 4096 op, 614191927.00 ns, 149.9492 us/op
WorkloadWarmup   6: 4096 op, 618936823.00 ns, 151.1076 us/op
WorkloadWarmup   7: 4096 op, 603951013.00 ns, 147.4490 us/op
WorkloadWarmup   8: 4096 op, 610778189.00 ns, 149.1158 us/op
WorkloadWarmup   9: 4096 op, 618963392.00 ns, 151.1141 us/op
WorkloadWarmup  10: 4096 op, 618535483.00 ns, 151.0096 us/op

// BeforeActualRun
WorkloadActual   1: 4096 op, 617304452.00 ns, 150.7091 us/op
WorkloadActual   2: 4096 op, 610876915.00 ns, 149.1399 us/op
WorkloadActual   3: 4096 op, 631199886.00 ns, 154.1015 us/op
WorkloadActual   4: 4096 op, 615371301.00 ns, 150.2371 us/op
WorkloadActual   5: 4096 op, 621345312.00 ns, 151.6956 us/op
WorkloadActual   6: 4096 op, 620466244.00 ns, 151.4810 us/op
WorkloadActual   7: 4096 op, 631027928.00 ns, 154.0596 us/op
WorkloadActual   8: 4096 op, 614558620.00 ns, 150.0387 us/op
WorkloadActual   9: 4096 op, 611907407.00 ns, 149.3915 us/op
WorkloadActual  10: 4096 op, 621666580.00 ns, 151.7741 us/op
WorkloadActual  11: 4096 op, 616822150.00 ns, 150.5913 us/op
WorkloadActual  12: 4096 op, 613782979.00 ns, 149.8494 us/op
WorkloadActual  13: 4096 op, 613875179.00 ns, 149.8719 us/op
WorkloadActual  14: 4096 op, 611077949.00 ns, 149.1890 us/op
WorkloadActual  15: 4096 op, 614707446.00 ns, 150.0751 us/op

// AfterActualRun
WorkloadResult   1: 4096 op, 617304452.00 ns, 150.7091 us/op
WorkloadResult   2: 4096 op, 610876915.00 ns, 149.1399 us/op
WorkloadResult   3: 4096 op, 631199886.00 ns, 154.1015 us/op
WorkloadResult   4: 4096 op, 615371301.00 ns, 150.2371 us/op
WorkloadResult   5: 4096 op, 621345312.00 ns, 151.6956 us/op
WorkloadResult   6: 4096 op, 620466244.00 ns, 151.4810 us/op
WorkloadResult   7: 4096 op, 631027928.00 ns, 154.0596 us/op
WorkloadResult   8: 4096 op, 614558620.00 ns, 150.0387 us/op
WorkloadResult   9: 4096 op, 611907407.00 ns, 149.3915 us/op
WorkloadResult  10: 4096 op, 621666580.00 ns, 151.7741 us/op
WorkloadResult  11: 4096 op, 616822150.00 ns, 150.5913 us/op
WorkloadResult  12: 4096 op, 613782979.00 ns, 149.8494 us/op
WorkloadResult  13: 4096 op, 613875179.00 ns, 149.8719 us/op
WorkloadResult  14: 4096 op, 611077949.00 ns, 149.1890 us/op
WorkloadResult  15: 4096 op, 614707446.00 ns, 150.0751 us/op
// GC:  0 0 0 35332576 4096
// Threading:  16603 1 4096

// AfterAll
// Benchmark Process 4334 has exited with code 0.

Mean = 150.814 μs, StdErr = 0.404 μs (0.27%), N = 15, StdDev = 1.566 μs
Min = 149.140 μs, Q1 = 149.861 μs, Median = 150.237 μs, Q3 = 151.588 μs, Max = 154.102 μs
IQR = 1.728 μs, LowerFence = 147.269 μs, UpperFence = 154.180 μs
ConfidenceInterval = [149.140 μs; 152.487 μs] (CI 99.9%), Margin = 1.674 μs (1.11% of Mean)
Skewness = 0.99, Kurtosis = 2.78, MValue = 2

// ** Remained 10 (25.6 %) benchmark(s) to run. Estimated finish 2026-09-27 7:27 (0h 3m from now) **
// **************************
// Benchmark: SecurityBenchmarks.'PBKDF2-SHA512 Password Hash (10k iters)': .NET 9.0(Runtime=.NET 9.0, Toolchain=net9.0)
// *** Execute ***
// Launch: 1 / 1
// Execute: dotnet "EricksonLopez.Security.Benchmarks-.NET 9.0-3.dll" --anonymousPipes 171 172 --benchmarkName EricksonLopez.Security.Benchmarks.SecurityBenchmarks.Pbkdf2_HashPassword --job ".NET 9.0" --benchmarkId 3 in /home/runner/work/dotnet-security/dotnet-security/benchmarks/EricksonLopez.Security.Benchmarks/bin/Release/net10.0/EricksonLopez.Security.Benchmarks-.NET 9.0-3/bin/Release/net9.0
// Failed to set up high priority (Permission denied). In order to run benchmarks with high priority, make sure you have the right permissions.
// BeforeAnythingElse

// Benchmark Process Environment Information:
// BenchmarkDotNet v0.15.8
// Runtime=.NET 9.0.20 (9.0.20, 9.0.2026.41315), X64 RyuJIT x86-64-v4
// GC=Concurrent Workstation
// HardwareIntrinsics=AVX512 IFMA+VBMI,AVX512 F+BW+CD+DQ+VL,AVX2+BMI1+BMI2+F16C+FMA+LZCNT+MOVBE,AVX,SSE3+SSSE3+SSE4.1+SSE4.2+POPCNT,X86Base+SSE+SSE2,AES+PCLMUL,AvxVnni,SERIALIZE VectorSize=256
// Job: .NET 9.0

OverheadJitting  1: 1 op, 154618.00 ns, 154.6180 us/op
WorkloadJitting  1: 1 op, 6020283.00 ns, 6.0203 ms/op

OverheadJitting  2: 16 op, 379132.00 ns, 23.6958 us/op
WorkloadJitting  2: 16 op, 92468564.00 ns, 5.7793 ms/op

WorkloadPilot    1: 16 op, 91669463.00 ns, 5.7293 ms/op
WorkloadPilot    2: 32 op, 183486840.00 ns, 5.7340 ms/op
WorkloadPilot    3: 64 op, 367436089.00 ns, 5.7412 ms/op
WorkloadPilot    4: 128 op, 733756704.00 ns, 5.7325 ms/op

OverheadWarmup   1: 128 op, 3248.00 ns, 25.3750 ns/op
OverheadWarmup   2: 128 op, 1256.00 ns, 9.8125 ns/op
OverheadWarmup   3: 128 op, 1010.00 ns, 7.8906 ns/op
OverheadWarmup   4: 128 op, 1145.00 ns, 8.9453 ns/op
OverheadWarmup   5: 128 op, 1115.00 ns, 8.7109 ns/op
OverheadWarmup   6: 128 op, 1109.00 ns, 8.6641 ns/op
OverheadWarmup   7: 128 op, 1461.00 ns, 11.4141 ns/op
OverheadWarmup   8: 128 op, 1296.00 ns, 10.1250 ns/op

OverheadActual   1: 128 op, 1293.00 ns, 10.1016 ns/op
OverheadActual   2: 128 op, 1372.00 ns, 10.7188 ns/op
OverheadActual   3: 128 op, 1365.00 ns, 10.6641 ns/op
OverheadActual   4: 128 op, 1299.00 ns, 10.1484 ns/op
OverheadActual   5: 128 op, 1301.00 ns, 10.1641 ns/op
OverheadActual   6: 128 op, 1035.00 ns, 8.0859 ns/op
OverheadActual   7: 128 op, 1165.00 ns, 9.1016 ns/op
OverheadActual   8: 128 op, 1059.00 ns, 8.2734 ns/op
OverheadActual   9: 128 op, 1093.00 ns, 8.5391 ns/op
OverheadActual  10: 128 op, 1061.00 ns, 8.2891 ns/op
OverheadActual  11: 128 op, 1053.00 ns, 8.2266 ns/op
OverheadActual  12: 128 op, 1062.00 ns, 8.2969 ns/op
OverheadActual  13: 128 op, 1016.00 ns, 7.9375 ns/op
OverheadActual  14: 128 op, 1047.00 ns, 8.1797 ns/op
OverheadActual  15: 128 op, 1052.00 ns, 8.2188 ns/op
OverheadActual  16: 128 op, 1037.00 ns, 8.1016 ns/op
OverheadActual  17: 128 op, 1145.00 ns, 8.9453 ns/op
OverheadActual  18: 128 op, 1344.00 ns, 10.5000 ns/op
OverheadActual  19: 128 op, 1147.00 ns, 8.9609 ns/op
OverheadActual  20: 128 op, 1040.00 ns, 8.1250 ns/op

WorkloadWarmup   1: 128 op, 733513295.00 ns, 5.7306 ms/op
WorkloadWarmup   2: 128 op, 731730018.00 ns, 5.7166 ms/op
WorkloadWarmup   3: 128 op, 733092806.00 ns, 5.7273 ms/op
WorkloadWarmup   4: 128 op, 734419362.00 ns, 5.7377 ms/op
WorkloadWarmup   5: 128 op, 731929572.00 ns, 5.7182 ms/op
WorkloadWarmup   6: 128 op, 733492985.00 ns, 5.7304 ms/op
WorkloadWarmup   7: 128 op, 731342036.00 ns, 5.7136 ms/op

// BeforeActualRun
WorkloadActual   1: 128 op, 731981873.00 ns, 5.7186 ms/op
WorkloadActual   2: 128 op, 731570626.00 ns, 5.7154 ms/op
WorkloadActual   3: 128 op, 733060795.00 ns, 5.7270 ms/op
WorkloadActual   4: 128 op, 735856749.00 ns, 5.7489 ms/op
WorkloadActual   5: 128 op, 732353029.00 ns, 5.7215 ms/op
WorkloadActual   6: 128 op, 737358153.00 ns, 5.7606 ms/op
WorkloadActual   7: 128 op, 730882750.00 ns, 5.7100 ms/op
WorkloadActual   8: 128 op, 733435387.00 ns, 5.7300 ms/op
WorkloadActual   9: 128 op, 732293566.00 ns, 5.7210 ms/op
WorkloadActual  10: 128 op, 732694568.00 ns, 5.7242 ms/op
WorkloadActual  11: 128 op, 732131075.00 ns, 5.7198 ms/op
WorkloadActual  12: 128 op, 733051697.00 ns, 5.7270 ms/op
WorkloadActual  13: 128 op, 732591847.00 ns, 5.7234 ms/op
WorkloadActual  14: 128 op, 733892943.00 ns, 5.7335 ms/op
WorkloadActual  15: 128 op, 734189159.00 ns, 5.7359 ms/op

// AfterActualRun
WorkloadResult   1: 128 op, 731980795.50 ns, 5.7186 ms/op
WorkloadResult   2: 128 op, 731569548.50 ns, 5.7154 ms/op
WorkloadResult   3: 128 op, 733059717.50 ns, 5.7270 ms/op
WorkloadResult   4: 128 op, 732351951.50 ns, 5.7215 ms/op
WorkloadResult   5: 128 op, 730881672.50 ns, 5.7100 ms/op
WorkloadResult   6: 128 op, 733434309.50 ns, 5.7300 ms/op
WorkloadResult   7: 128 op, 732292488.50 ns, 5.7210 ms/op
WorkloadResult   8: 128 op, 732693490.50 ns, 5.7242 ms/op
WorkloadResult   9: 128 op, 732129997.50 ns, 5.7198 ms/op
WorkloadResult  10: 128 op, 733050619.50 ns, 5.7270 ms/op
WorkloadResult  11: 128 op, 732590769.50 ns, 5.7234 ms/op
WorkloadResult  12: 128 op, 733891865.50 ns, 5.7335 ms/op
WorkloadResult  13: 128 op, 734188081.50 ns, 5.7358 ms/op
// GC:  0 0 0 59392 128
// Threading:  0 0 128

// AfterAll
// Benchmark Process 4349 has exited with code 0.

Mean = 5.724 ms, StdErr = 0.002 ms (0.03%), N = 13, StdDev = 0.007 ms
Min = 5.710 ms, Q1 = 5.720 ms, Median = 5.723 ms, Q3 = 5.727 ms, Max = 5.736 ms
IQR = 0.007 ms, LowerFence = 5.709 ms, UpperFence = 5.738 ms
ConfidenceInterval = [5.715 ms; 5.732 ms] (CI 99.9%), Margin = 0.009 ms (0.15% of Mean)
Skewness = -0.04, Kurtosis = 2.16, MValue = 2

// ** Remained 9 (23.1 %) benchmark(s) to run. Estimated finish 2026-09-27 7:27 (0h 2m from now) **
// **************************
// Benchmark: SecurityBenchmarks.'PBKDF2-SHA512 Password Hash (600K iters — PRODUCTION COST)': .NET 9.0(Runtime=.NET 9.0, Toolchain=net9.0)
// *** Execute ***
// Launch: 1 / 1
// Execute: dotnet "EricksonLopez.Security.Benchmarks-.NET 9.0-3.dll" --anonymousPipes 171 172 --benchmarkName EricksonLopez.Security.Benchmarks.SecurityBenchmarks.Pbkdf2_HashPassword_Production --job ".NET 9.0" --benchmarkId 4 in /home/runner/work/dotnet-security/dotnet-security/benchmarks/EricksonLopez.Security.Benchmarks/bin/Release/net10.0/EricksonLopez.Security.Benchmarks-.NET 9.0-3/bin/Release/net9.0
// Failed to set up high priority (Permission denied). In order to run benchmarks with high priority, make sure you have the right permissions.
// BeforeAnythingElse

// Benchmark Process Environment Information:
// BenchmarkDotNet v0.15.8
// Runtime=.NET 9.0.20 (9.0.20, 9.0.2026.41315), X64 RyuJIT x86-64-v4
// GC=Concurrent Workstation
// HardwareIntrinsics=AVX512 IFMA+VBMI,AVX512 F+BW+CD+DQ+VL,AVX2+BMI1+BMI2+F16C+FMA+LZCNT+MOVBE,AVX,SSE3+SSSE3+SSE4.1+SSE4.2+POPCNT,X86Base+SSE+SSE2,AES+PCLMUL,AvxVnni,SERIALIZE VectorSize=256
// Job: .NET 9.0

OverheadJitting  1: 1 op, 157755.00 ns, 157.7550 us/op
WorkloadJitting  1: 1 op, 342412116.00 ns, 342.4121 ms/op

OverheadJitting  2: 1 op, 378.00 ns, 378.0000 ns/op
WorkloadJitting  2: 1 op, 342644777.00 ns, 342.6448 ms/op

WorkloadWarmup   1: 1 op, 342957150.00 ns, 342.9572 ms/op
WorkloadWarmup   2: 1 op, 342571166.00 ns, 342.5712 ms/op
WorkloadWarmup   3: 1 op, 344344289.00 ns, 344.3443 ms/op
WorkloadWarmup   4: 1 op, 343130414.00 ns, 343.1304 ms/op
WorkloadWarmup   5: 1 op, 343254759.00 ns, 343.2548 ms/op
WorkloadWarmup   6: 1 op, 343221515.00 ns, 343.2215 ms/op

// BeforeActualRun
WorkloadActual   1: 1 op, 341853304.00 ns, 341.8533 ms/op
WorkloadActual   2: 1 op, 342250374.00 ns, 342.2504 ms/op
WorkloadActual   3: 1 op, 341576299.00 ns, 341.5763 ms/op
WorkloadActual   4: 1 op, 342983468.00 ns, 342.9835 ms/op
WorkloadActual   5: 1 op, 342159637.00 ns, 342.1596 ms/op
WorkloadActual   6: 1 op, 342651465.00 ns, 342.6515 ms/op
WorkloadActual   7: 1 op, 342309291.00 ns, 342.3093 ms/op
WorkloadActual   8: 1 op, 343498102.00 ns, 343.4981 ms/op
WorkloadActual   9: 1 op, 342240928.00 ns, 342.2409 ms/op
WorkloadActual  10: 1 op, 342088912.00 ns, 342.0889 ms/op
WorkloadActual  11: 1 op, 342091237.00 ns, 342.0912 ms/op
WorkloadActual  12: 1 op, 342261482.00 ns, 342.2615 ms/op
WorkloadActual  13: 1 op, 342174200.00 ns, 342.1742 ms/op
WorkloadActual  14: 1 op, 342655505.00 ns, 342.6555 ms/op
WorkloadActual  15: 1 op, 342179799.00 ns, 342.1798 ms/op

// AfterActualRun
WorkloadResult   1: 1 op, 341853304.00 ns, 341.8533 ms/op
WorkloadResult   2: 1 op, 342250374.00 ns, 342.2504 ms/op
WorkloadResult   3: 1 op, 341576299.00 ns, 341.5763 ms/op
WorkloadResult   4: 1 op, 342983468.00 ns, 342.9835 ms/op
WorkloadResult   5: 1 op, 342159637.00 ns, 342.1596 ms/op
WorkloadResult   6: 1 op, 342651465.00 ns, 342.6515 ms/op
WorkloadResult   7: 1 op, 342309291.00 ns, 342.3093 ms/op
WorkloadResult   8: 1 op, 342240928.00 ns, 342.2409 ms/op
WorkloadResult   9: 1 op, 342088912.00 ns, 342.0889 ms/op
WorkloadResult  10: 1 op, 342091237.00 ns, 342.0912 ms/op
WorkloadResult  11: 1 op, 342261482.00 ns, 342.2615 ms/op
WorkloadResult  12: 1 op, 342174200.00 ns, 342.1742 ms/op
WorkloadResult  13: 1 op, 342655505.00 ns, 342.6555 ms/op
WorkloadResult  14: 1 op, 342179799.00 ns, 342.1798 ms/op
// GC:  0 0 0 504 1
// Threading:  0 0 1

// AfterAll
// Benchmark Process 4360 has exited with code 0.

Mean = 342.248 ms, StdErr = 0.092 ms (0.03%), N = 14, StdDev = 0.345 ms
Min = 341.576 ms, Q1 = 342.108 ms, Median = 342.210 ms, Q3 = 342.297 ms, Max = 342.983 ms
IQR = 0.189 ms, LowerFence = 341.825 ms, UpperFence = 342.581 ms
ConfidenceInterval = [341.859 ms; 342.638 ms] (CI 99.9%), Margin = 0.389 ms (0.11% of Mean)
Skewness = 0.27, Kurtosis = 2.9, MValue = 2

// ** Remained 8 (20.5 %) benchmark(s) to run. Estimated finish 2026-09-27 7:26 (0h 2m from now) **
// **************************
// Benchmark: SecurityBenchmarks.'LegacyPbkdf2 Password Hash (Fast Config)': .NET 9.0(Runtime=.NET 9.0, Toolchain=net9.0)
// *** Execute ***
// Launch: 1 / 1
// Execute: dotnet "EricksonLopez.Security.Benchmarks-.NET 9.0-3.dll" --anonymousPipes 171 172 --benchmarkName EricksonLopez.Security.Benchmarks.SecurityBenchmarks.LegacyPbkdf2_HashPassword --job ".NET 9.0" --benchmarkId 5 in /home/runner/work/dotnet-security/dotnet-security/benchmarks/EricksonLopez.Security.Benchmarks/bin/Release/net10.0/EricksonLopez.Security.Benchmarks-.NET 9.0-3/bin/Release/net9.0
// Failed to set up high priority (Permission denied). In order to run benchmarks with high priority, make sure you have the right permissions.
// BeforeAnythingElse

// Benchmark Process Environment Information:
// BenchmarkDotNet v0.15.8
// Runtime=.NET 9.0.20 (9.0.20, 9.0.2026.41315), X64 RyuJIT x86-64-v4
// GC=Concurrent Workstation
// HardwareIntrinsics=AVX512 IFMA+VBMI,AVX512 F+BW+CD+DQ+VL,AVX2+BMI1+BMI2+F16C+FMA+LZCNT+MOVBE,AVX,SSE3+SSSE3+SSE4.1+SSE4.2+POPCNT,X86Base+SSE+SSE2,AES+PCLMUL,AvxVnni,SERIALIZE VectorSize=256
// Job: .NET 9.0

OverheadJitting  1: 1 op, 150641.00 ns, 150.6410 us/op
WorkloadJitting  1: 1 op, 40615306.00 ns, 40.6153 ms/op

WorkloadPilot    1: 2 op, 80308534.00 ns, 40.1543 ms/op
WorkloadPilot    2: 3 op, 121439293.00 ns, 40.4798 ms/op
WorkloadPilot    3: 4 op, 160195806.00 ns, 40.0490 ms/op
WorkloadPilot    4: 5 op, 200546468.00 ns, 40.1093 ms/op
WorkloadPilot    5: 6 op, 240064382.00 ns, 40.0107 ms/op
WorkloadPilot    6: 7 op, 280379332.00 ns, 40.0542 ms/op
WorkloadPilot    7: 8 op, 320562842.00 ns, 40.0704 ms/op
WorkloadPilot    8: 9 op, 359232897.00 ns, 39.9148 ms/op
WorkloadPilot    9: 10 op, 399614612.00 ns, 39.9615 ms/op
WorkloadPilot   10: 11 op, 441866854.00 ns, 40.1697 ms/op
WorkloadPilot   11: 12 op, 487419078.00 ns, 40.6183 ms/op
WorkloadPilot   12: 13 op, 519762416.00 ns, 39.9817 ms/op

WorkloadWarmup   1: 13 op, 520723954.00 ns, 40.0557 ms/op
WorkloadWarmup   2: 13 op, 520934470.00 ns, 40.0719 ms/op
WorkloadWarmup   3: 13 op, 522004589.00 ns, 40.1542 ms/op
WorkloadWarmup   4: 13 op, 520299049.00 ns, 40.0230 ms/op
WorkloadWarmup   5: 13 op, 521868927.00 ns, 40.1438 ms/op
WorkloadWarmup   6: 13 op, 519763771.00 ns, 39.9818 ms/op

// BeforeActualRun
WorkloadActual   1: 13 op, 520916611.00 ns, 40.0705 ms/op
WorkloadActual   2: 13 op, 519703906.00 ns, 39.9772 ms/op
WorkloadActual   3: 13 op, 519702636.00 ns, 39.9771 ms/op
WorkloadActual   4: 13 op, 523409644.00 ns, 40.2623 ms/op
WorkloadActual   5: 13 op, 523687351.00 ns, 40.2836 ms/op
WorkloadActual   6: 13 op, 522666485.00 ns, 40.2051 ms/op
WorkloadActual   7: 13 op, 522628099.00 ns, 40.2022 ms/op
WorkloadActual   8: 13 op, 522613554.00 ns, 40.2010 ms/op
WorkloadActual   9: 13 op, 522276242.00 ns, 40.1751 ms/op
WorkloadActual  10: 13 op, 523100211.00 ns, 40.2385 ms/op
WorkloadActual  11: 13 op, 523374090.00 ns, 40.2595 ms/op
WorkloadActual  12: 13 op, 521858874.00 ns, 40.1430 ms/op
WorkloadActual  13: 13 op, 519786762.00 ns, 39.9836 ms/op
WorkloadActual  14: 13 op, 538100278.00 ns, 41.3923 ms/op
WorkloadActual  15: 13 op, 526246799.00 ns, 40.4805 ms/op

// AfterActualRun
WorkloadResult   1: 13 op, 520916611.00 ns, 40.0705 ms/op
WorkloadResult   2: 13 op, 519703906.00 ns, 39.9772 ms/op
WorkloadResult   3: 13 op, 519702636.00 ns, 39.9771 ms/op
WorkloadResult   4: 13 op, 523409644.00 ns, 40.2623 ms/op
WorkloadResult   5: 13 op, 523687351.00 ns, 40.2836 ms/op
WorkloadResult   6: 13 op, 522666485.00 ns, 40.2051 ms/op
WorkloadResult   7: 13 op, 522628099.00 ns, 40.2022 ms/op
WorkloadResult   8: 13 op, 522613554.00 ns, 40.2010 ms/op
WorkloadResult   9: 13 op, 522276242.00 ns, 40.1751 ms/op
WorkloadResult  10: 13 op, 523100211.00 ns, 40.2385 ms/op
WorkloadResult  11: 13 op, 523374090.00 ns, 40.2595 ms/op
WorkloadResult  12: 13 op, 521858874.00 ns, 40.1430 ms/op
WorkloadResult  13: 13 op, 519786762.00 ns, 39.9836 ms/op
WorkloadResult  14: 13 op, 526246799.00 ns, 40.4805 ms/op
// GC:  0 0 0 5408 13
// Threading:  0 0 13

// AfterAll
// Benchmark Process 4369 has exited with code 0.

Mean = 40.176 ms, StdErr = 0.037 ms (0.09%), N = 14, StdDev = 0.140 ms
Min = 39.977 ms, Q1 = 40.089 ms, Median = 40.202 ms, Q3 = 40.254 ms, Max = 40.481 ms
IQR = 0.166 ms, LowerFence = 39.840 ms, UpperFence = 40.503 ms
ConfidenceInterval = [40.018 ms; 40.333 ms] (CI 99.9%), Margin = 0.157 ms (0.39% of Mean)
Skewness = 0.19, Kurtosis = 2.54, MValue = 2

// ** Remained 7 (17.9 %) benchmark(s) to run. Estimated finish 2026-09-27 7:26 (0h 2m from now) **
// **************************
// Benchmark: SecurityBenchmarks.'CompositePasswordHasher Verify & Rehash Check': .NET 9.0(Runtime=.NET 9.0, Toolchain=net9.0)
// *** Execute ***
// Launch: 1 / 1
// Execute: dotnet "EricksonLopez.Security.Benchmarks-.NET 9.0-3.dll" --anonymousPipes 171 172 --benchmarkName EricksonLopez.Security.Benchmarks.SecurityBenchmarks.Composite_VerifyPassword --job ".NET 9.0" --benchmarkId 6 in /home/runner/work/dotnet-security/dotnet-security/benchmarks/EricksonLopez.Security.Benchmarks/bin/Release/net10.0/EricksonLopez.Security.Benchmarks-.NET 9.0-3/bin/Release/net9.0
// Failed to set up high priority (Permission denied). In order to run benchmarks with high priority, make sure you have the right permissions.
// BeforeAnythingElse

// Benchmark Process Environment Information:
// BenchmarkDotNet v0.15.8
// Runtime=.NET 9.0.20 (9.0.20, 9.0.2026.41315), X64 RyuJIT x86-64-v4
// GC=Concurrent Workstation
// HardwareIntrinsics=AVX512 IFMA+VBMI,AVX512 F+BW+CD+DQ+VL,AVX2+BMI1+BMI2+F16C+FMA+LZCNT+MOVBE,AVX,SSE3+SSSE3+SSE4.1+SSE4.2+POPCNT,X86Base+SSE+SSE2,AES+PCLMUL,AvxVnni,SERIALIZE VectorSize=256
// Job: .NET 9.0

OverheadJitting  1: 1 op, 160364.00 ns, 160.3640 us/op
WorkloadJitting  1: 1 op, 11985747.00 ns, 11.9857 ms/op

OverheadJitting  2: 16 op, 206626.00 ns, 12.9141 us/op
WorkloadJitting  2: 16 op, 91893202.00 ns, 5.7433 ms/op

WorkloadPilot    1: 16 op, 91711869.00 ns, 5.7320 ms/op
WorkloadPilot    2: 32 op, 191298039.00 ns, 5.9781 ms/op
WorkloadPilot    3: 64 op, 366586373.00 ns, 5.7279 ms/op
WorkloadPilot    4: 128 op, 730464738.00 ns, 5.7068 ms/op

OverheadWarmup   1: 128 op, 2383.00 ns, 18.6172 ns/op
OverheadWarmup   2: 128 op, 730.00 ns, 5.7031 ns/op
OverheadWarmup   3: 128 op, 699.00 ns, 5.4609 ns/op
OverheadWarmup   4: 128 op, 697.00 ns, 5.4453 ns/op
OverheadWarmup   5: 128 op, 711.00 ns, 5.5547 ns/op
OverheadWarmup   6: 128 op, 693.00 ns, 5.4141 ns/op
OverheadWarmup   7: 128 op, 674.00 ns, 5.2656 ns/op
OverheadWarmup   8: 128 op, 680.00 ns, 5.3125 ns/op
OverheadWarmup   9: 128 op, 683.00 ns, 5.3359 ns/op
OverheadWarmup  10: 128 op, 678.00 ns, 5.2969 ns/op

OverheadActual   1: 128 op, 1184.00 ns, 9.2500 ns/op
OverheadActual   2: 128 op, 1020.00 ns, 7.9688 ns/op
OverheadActual   3: 128 op, 1020.00 ns, 7.9688 ns/op
OverheadActual   4: 128 op, 866.00 ns, 6.7656 ns/op
OverheadActual   5: 128 op, 1010.00 ns, 7.8906 ns/op
OverheadActual   6: 128 op, 700.00 ns, 5.4688 ns/op
OverheadActual   7: 128 op, 719.00 ns, 5.6172 ns/op
OverheadActual   8: 128 op, 693.00 ns, 5.4141 ns/op
OverheadActual   9: 128 op, 673.00 ns, 5.2578 ns/op
OverheadActual  10: 128 op, 675.00 ns, 5.2734 ns/op
OverheadActual  11: 128 op, 689.00 ns, 5.3828 ns/op
OverheadActual  12: 128 op, 650.00 ns, 5.0781 ns/op
OverheadActual  13: 128 op, 658.00 ns, 5.1406 ns/op
OverheadActual  14: 128 op, 693.00 ns, 5.4141 ns/op
OverheadActual  15: 128 op, 744.00 ns, 5.8125 ns/op
OverheadActual  16: 128 op, 2097.00 ns, 16.3828 ns/op
OverheadActual  17: 128 op, 747.00 ns, 5.8359 ns/op
OverheadActual  18: 128 op, 2422.00 ns, 18.9219 ns/op
OverheadActual  19: 128 op, 863.00 ns, 6.7422 ns/op
OverheadActual  20: 128 op, 3524.00 ns, 27.5313 ns/op

WorkloadWarmup   1: 128 op, 741183287.00 ns, 5.7905 ms/op
WorkloadWarmup   2: 128 op, 732551266.00 ns, 5.7231 ms/op
WorkloadWarmup   3: 128 op, 731101266.00 ns, 5.7117 ms/op
WorkloadWarmup   4: 128 op, 733924326.00 ns, 5.7338 ms/op
WorkloadWarmup   5: 128 op, 735504053.00 ns, 5.7461 ms/op
WorkloadWarmup   6: 128 op, 734609082.00 ns, 5.7391 ms/op
WorkloadWarmup   7: 128 op, 732654658.00 ns, 5.7239 ms/op
WorkloadWarmup   8: 128 op, 733171003.00 ns, 5.7279 ms/op
WorkloadWarmup   9: 128 op, 732040945.00 ns, 5.7191 ms/op

// BeforeActualRun
WorkloadActual   1: 128 op, 734381212.00 ns, 5.7374 ms/op
WorkloadActual   2: 128 op, 731863221.00 ns, 5.7177 ms/op
WorkloadActual   3: 128 op, 733370884.00 ns, 5.7295 ms/op
WorkloadActual   4: 128 op, 732554740.00 ns, 5.7231 ms/op
WorkloadActual   5: 128 op, 733060358.00 ns, 5.7270 ms/op
WorkloadActual   6: 128 op, 733557049.00 ns, 5.7309 ms/op
WorkloadActual   7: 128 op, 731624216.00 ns, 5.7158 ms/op
WorkloadActual   8: 128 op, 732266746.00 ns, 5.7208 ms/op
WorkloadActual   9: 128 op, 732795314.00 ns, 5.7250 ms/op
WorkloadActual  10: 128 op, 733436093.00 ns, 5.7300 ms/op
WorkloadActual  11: 128 op, 733415939.00 ns, 5.7298 ms/op
WorkloadActual  12: 128 op, 731019869.00 ns, 5.7111 ms/op
WorkloadActual  13: 128 op, 732129574.00 ns, 5.7198 ms/op
WorkloadActual  14: 128 op, 733973380.00 ns, 5.7342 ms/op
WorkloadActual  15: 128 op, 734201549.00 ns, 5.7359 ms/op

// AfterActualRun
WorkloadResult   1: 128 op, 734380466.50 ns, 5.7373 ms/op
WorkloadResult   2: 128 op, 731862475.50 ns, 5.7177 ms/op
WorkloadResult   3: 128 op, 733370138.50 ns, 5.7295 ms/op
WorkloadResult   4: 128 op, 732553994.50 ns, 5.7231 ms/op
WorkloadResult   5: 128 op, 733059612.50 ns, 5.7270 ms/op
WorkloadResult   6: 128 op, 733556303.50 ns, 5.7309 ms/op
WorkloadResult   7: 128 op, 731623470.50 ns, 5.7158 ms/op
WorkloadResult   8: 128 op, 732266000.50 ns, 5.7208 ms/op
WorkloadResult   9: 128 op, 732794568.50 ns, 5.7250 ms/op
WorkloadResult  10: 128 op, 733435347.50 ns, 5.7300 ms/op
WorkloadResult  11: 128 op, 733415193.50 ns, 5.7298 ms/op
WorkloadResult  12: 128 op, 731019123.50 ns, 5.7111 ms/op
WorkloadResult  13: 128 op, 732128828.50 ns, 5.7198 ms/op
WorkloadResult  14: 128 op, 733972634.50 ns, 5.7342 ms/op
WorkloadResult  15: 128 op, 734200803.50 ns, 5.7359 ms/op
// GC:  0 0 0 59392 128
// Threading:  0 0 128

// AfterAll
// Benchmark Process 4383 has exited with code 0.

Mean = 5.726 ms, StdErr = 0.002 ms (0.03%), N = 15, StdDev = 0.008 ms
Min = 5.711 ms, Q1 = 5.720 ms, Median = 5.727 ms, Q3 = 5.730 ms, Max = 5.737 ms
IQR = 0.010 ms, LowerFence = 5.705 ms, UpperFence = 5.746 ms
ConfidenceInterval = [5.718 ms; 5.734 ms] (CI 99.9%), Margin = 0.008 ms (0.14% of Mean)
Skewness = -0.25, Kurtosis = 1.85, MValue = 2

// ** Remained 6 (15.4 %) benchmark(s) to run. Estimated finish 2026-09-27 7:26 (0h 1m from now) **
// **************************
// Benchmark: SecurityBenchmarks.'SecurityEnvelope Serialize (Span, Zero-Alloc)': .NET 9.0(Runtime=.NET 9.0, Toolchain=net9.0)
// *** Execute ***
// Launch: 1 / 1
// Execute: dotnet "EricksonLopez.Security.Benchmarks-.NET 9.0-3.dll" --anonymousPipes 171 172 --benchmarkName EricksonLopez.Security.Benchmarks.SecurityBenchmarks.Envelope_Serialize_Span --job ".NET 9.0" --benchmarkId 7 in /home/runner/work/dotnet-security/dotnet-security/benchmarks/EricksonLopez.Security.Benchmarks/bin/Release/net10.0/EricksonLopez.Security.Benchmarks-.NET 9.0-3/bin/Release/net9.0
// Failed to set up high priority (Permission denied). In order to run benchmarks with high priority, make sure you have the right permissions.
// BeforeAnythingElse

// Benchmark Process Environment Information:
// BenchmarkDotNet v0.15.8
// Runtime=.NET 9.0.20 (9.0.20, 9.0.2026.41315), X64 RyuJIT x86-64-v4
// GC=Concurrent Workstation
// HardwareIntrinsics=AVX512 IFMA+VBMI,AVX512 F+BW+CD+DQ+VL,AVX2+BMI1+BMI2+F16C+FMA+LZCNT+MOVBE,AVX,SSE3+SSSE3+SSE4.1+SSE4.2+POPCNT,X86Base+SSE+SSE2,AES+PCLMUL,AvxVnni,SERIALIZE VectorSize=256
// Job: .NET 9.0

OverheadJitting  1: 1 op, 200986.00 ns, 200.9860 us/op
WorkloadJitting  1: 1 op, 222684.00 ns, 222.6840 us/op

OverheadJitting  2: 16 op, 337847.00 ns, 21.1154 us/op
WorkloadJitting  2: 16 op, 353298.00 ns, 22.0811 us/op

WorkloadPilot    1: 16 op, 7217.00 ns, 451.0625 ns/op
WorkloadPilot    2: 32 op, 9412.00 ns, 294.1250 ns/op
WorkloadPilot    3: 64 op, 14622.00 ns, 228.4688 ns/op
WorkloadPilot    4: 128 op, 27054.00 ns, 211.3594 ns/op
WorkloadPilot    5: 256 op, 51987.00 ns, 203.0742 ns/op
WorkloadPilot    6: 512 op, 102595.00 ns, 200.3809 ns/op
WorkloadPilot    7: 1024 op, 202802.00 ns, 198.0488 ns/op
WorkloadPilot    8: 2048 op, 417380.00 ns, 203.7988 ns/op
WorkloadPilot    9: 4096 op, 813246.00 ns, 198.5464 ns/op
WorkloadPilot   10: 8192 op, 1684663.00 ns, 205.6473 ns/op
WorkloadPilot   11: 16384 op, 3264264.00 ns, 199.2349 ns/op
WorkloadPilot   12: 32768 op, 6577105.00 ns, 200.7173 ns/op
WorkloadPilot   13: 65536 op, 13205673.00 ns, 201.5026 ns/op
WorkloadPilot   14: 131072 op, 26059711.00 ns, 198.8198 ns/op
WorkloadPilot   15: 262144 op, 51811363.00 ns, 197.6447 ns/op
WorkloadPilot   16: 524288 op, 114458642.00 ns, 218.3125 ns/op
WorkloadPilot   17: 1048576 op, 107543151.00 ns, 102.5611 ns/op
WorkloadPilot   18: 2097152 op, 60950654.00 ns, 29.0635 ns/op
WorkloadPilot   19: 4194304 op, 121933324.00 ns, 29.0712 ns/op
WorkloadPilot   20: 8388608 op, 243634021.00 ns, 29.0434 ns/op
WorkloadPilot   21: 16777216 op, 486385615.00 ns, 28.9908 ns/op
WorkloadPilot   22: 33554432 op, 974170460.00 ns, 29.0325 ns/op

OverheadWarmup   1: 33554432 op, 99211085.00 ns, 2.9567 ns/op
OverheadWarmup   2: 33554432 op, 99320903.00 ns, 2.9600 ns/op
OverheadWarmup   3: 33554432 op, 71149192.00 ns, 2.1204 ns/op
OverheadWarmup   4: 33554432 op, 70959760.00 ns, 2.1148 ns/op
OverheadWarmup   5: 33554432 op, 70957626.00 ns, 2.1147 ns/op
OverheadWarmup   6: 33554432 op, 71059363.00 ns, 2.1177 ns/op
OverheadWarmup   7: 33554432 op, 71043469.00 ns, 2.1173 ns/op

OverheadActual   1: 33554432 op, 70970928.00 ns, 2.1151 ns/op
OverheadActual   2: 33554432 op, 71207288.00 ns, 2.1221 ns/op
OverheadActual   3: 33554432 op, 71029707.00 ns, 2.1169 ns/op
OverheadActual   4: 33554432 op, 70972469.00 ns, 2.1151 ns/op
OverheadActual   5: 33554432 op, 70994408.00 ns, 2.1158 ns/op
OverheadActual   6: 33554432 op, 71140428.00 ns, 2.1201 ns/op
OverheadActual   7: 33554432 op, 71003620.00 ns, 2.1161 ns/op
OverheadActual   8: 33554432 op, 70971409.00 ns, 2.1151 ns/op
OverheadActual   9: 33554432 op, 71248001.00 ns, 2.1234 ns/op
OverheadActual  10: 33554432 op, 71014062.00 ns, 2.1164 ns/op
OverheadActual  11: 33554432 op, 70979756.00 ns, 2.1154 ns/op
OverheadActual  12: 33554432 op, 71036319.00 ns, 2.1170 ns/op
OverheadActual  13: 33554432 op, 70959852.00 ns, 2.1148 ns/op
OverheadActual  14: 33554432 op, 71016162.00 ns, 2.1164 ns/op
OverheadActual  15: 33554432 op, 71000149.00 ns, 2.1160 ns/op

WorkloadWarmup   1: 33554432 op, 975296069.00 ns, 29.0661 ns/op
WorkloadWarmup   2: 33554432 op, 973635375.00 ns, 29.0166 ns/op
WorkloadWarmup   3: 33554432 op, 973097627.00 ns, 29.0006 ns/op
WorkloadWarmup   4: 33554432 op, 1009287851.00 ns, 30.0791 ns/op
WorkloadWarmup   5: 33554432 op, 971714959.00 ns, 28.9594 ns/op
WorkloadWarmup   6: 33554432 op, 988009851.00 ns, 29.4450 ns/op
WorkloadWarmup   7: 33554432 op, 975061165.00 ns, 29.0591 ns/op

// BeforeActualRun
WorkloadActual   1: 33554432 op, 974471594.00 ns, 29.0415 ns/op
WorkloadActual   2: 33554432 op, 1001101913.00 ns, 29.8352 ns/op
WorkloadActual   3: 33554432 op, 974687494.00 ns, 29.0480 ns/op
WorkloadActual   4: 33554432 op, 974950212.00 ns, 29.0558 ns/op
WorkloadActual   5: 33554432 op, 985289746.00 ns, 29.3639 ns/op
WorkloadActual   6: 33554432 op, 974845956.00 ns, 29.0527 ns/op
WorkloadActual   7: 33554432 op, 974500523.00 ns, 29.0424 ns/op
WorkloadActual   8: 33554432 op, 987177326.00 ns, 29.4202 ns/op
WorkloadActual   9: 33554432 op, 974395480.00 ns, 29.0392 ns/op
WorkloadActual  10: 33554432 op, 975384633.00 ns, 29.0687 ns/op
WorkloadActual  11: 33554432 op, 972322752.00 ns, 28.9775 ns/op
WorkloadActual  12: 33554432 op, 972716390.00 ns, 28.9892 ns/op
WorkloadActual  13: 33554432 op, 973824939.00 ns, 29.0222 ns/op
WorkloadActual  14: 33554432 op, 972352211.00 ns, 28.9784 ns/op
WorkloadActual  15: 33554432 op, 977058789.00 ns, 29.1186 ns/op

// AfterActualRun
WorkloadResult   1: 33554432 op, 903467974.00 ns, 26.9254 ns/op
WorkloadResult   2: 33554432 op, 903683874.00 ns, 26.9319 ns/op
WorkloadResult   3: 33554432 op, 903946592.00 ns, 26.9397 ns/op
WorkloadResult   4: 33554432 op, 903842336.00 ns, 26.9366 ns/op
WorkloadResult   5: 33554432 op, 903496903.00 ns, 26.9263 ns/op
WorkloadResult   6: 33554432 op, 903391860.00 ns, 26.9232 ns/op
WorkloadResult   7: 33554432 op, 904381013.00 ns, 26.9527 ns/op
WorkloadResult   8: 33554432 op, 901319132.00 ns, 26.8614 ns/op
WorkloadResult   9: 33554432 op, 901712770.00 ns, 26.8731 ns/op
WorkloadResult  10: 33554432 op, 902821319.00 ns, 26.9062 ns/op
WorkloadResult  11: 33554432 op, 901348591.00 ns, 26.8623 ns/op
WorkloadResult  12: 33554432 op, 906055169.00 ns, 27.0025 ns/op
// GC:  0 0 0 0 33554432
// Threading:  0 0 33554432

// AfterAll
// Benchmark Process 4397 has exited with code 0.

Mean = 26.920 ns, StdErr = 0.012 ns (0.04%), N = 12, StdDev = 0.040 ns
Min = 26.861 ns, Q1 = 26.898 ns, Median = 26.926 ns, Q3 = 26.937 ns, Max = 27.003 ns
IQR = 0.039 ns, LowerFence = 26.839 ns, UpperFence = 26.997 ns
ConfidenceInterval = [26.868 ns; 26.972 ns] (CI 99.9%), Margin = 0.052 ns (0.19% of Mean)
Skewness = 0.14, Kurtosis = 2.37, MValue = 2

// ** Remained 5 (12.8 %) benchmark(s) to run. Estimated finish 2026-09-27 7:27 (0h 1m from now) **
// **************************
// Benchmark: SecurityBenchmarks.'SecurityEnvelope Deserialize (Span)': .NET 9.0(Runtime=.NET 9.0, Toolchain=net9.0)
// *** Execute ***
// Launch: 1 / 1
// Execute: dotnet "EricksonLopez.Security.Benchmarks-.NET 9.0-3.dll" --anonymousPipes 171 172 --benchmarkName EricksonLopez.Security.Benchmarks.SecurityBenchmarks.Envelope_Deserialize_Span --job ".NET 9.0" --benchmarkId 8 in /home/runner/work/dotnet-security/dotnet-security/benchmarks/EricksonLopez.Security.Benchmarks/bin/Release/net10.0/EricksonLopez.Security.Benchmarks-.NET 9.0-3/bin/Release/net9.0
// Failed to set up high priority (Permission denied). In order to run benchmarks with high priority, make sure you have the right permissions.
// BeforeAnythingElse

// Benchmark Process Environment Information:
// BenchmarkDotNet v0.15.8
// Runtime=.NET 9.0.20 (9.0.20, 9.0.2026.41315), X64 RyuJIT x86-64-v4
// GC=Concurrent Workstation
// HardwareIntrinsics=AVX512 IFMA+VBMI,AVX512 F+BW+CD+DQ+VL,AVX2+BMI1+BMI2+F16C+FMA+LZCNT+MOVBE,AVX,SSE3+SSSE3+SSE4.1+SSE4.2+POPCNT,X86Base+SSE+SSE2,AES+PCLMUL,AvxVnni,SERIALIZE VectorSize=256
// Job: .NET 9.0

OverheadJitting  1: 1 op, 159276.00 ns, 159.2760 us/op
WorkloadJitting  1: 1 op, 1441117.00 ns, 1.4411 ms/op

OverheadJitting  2: 16 op, 185085.00 ns, 11.5678 us/op
WorkloadJitting  2: 16 op, 300699.00 ns, 18.7937 us/op

WorkloadPilot    1: 16 op, 30580.00 ns, 1.9113 us/op
WorkloadPilot    2: 32 op, 40938.00 ns, 1.2793 us/op
WorkloadPilot    3: 64 op, 47831.00 ns, 747.3594 ns/op
WorkloadPilot    4: 128 op, 77724.00 ns, 607.2188 ns/op
WorkloadPilot    5: 256 op, 128899.00 ns, 503.5117 ns/op
WorkloadPilot    6: 512 op, 229188.00 ns, 447.6328 ns/op
WorkloadPilot    7: 1024 op, 378567.00 ns, 369.6943 ns/op
WorkloadPilot    8: 2048 op, 777221.00 ns, 379.5024 ns/op
WorkloadPilot    9: 4096 op, 1529128.00 ns, 373.3223 ns/op
WorkloadPilot   10: 8192 op, 3031266.00 ns, 370.0276 ns/op
WorkloadPilot   11: 16384 op, 6071213.00 ns, 370.5574 ns/op
WorkloadPilot   12: 32768 op, 12207557.00 ns, 372.5451 ns/op
WorkloadPilot   13: 65536 op, 21282119.00 ns, 324.7394 ns/op
WorkloadPilot   14: 131072 op, 41456803.00 ns, 316.2903 ns/op
WorkloadPilot   15: 262144 op, 68987068.00 ns, 263.1648 ns/op
WorkloadPilot   16: 524288 op, 194585078.00 ns, 371.1416 ns/op
WorkloadPilot   17: 1048576 op, 171711137.00 ns, 163.7565 ns/op
WorkloadPilot   18: 2097152 op, 187034052.00 ns, 89.1848 ns/op
WorkloadPilot   19: 4194304 op, 370046247.00 ns, 88.2259 ns/op
WorkloadPilot   20: 8388608 op, 746208238.00 ns, 88.9550 ns/op

OverheadWarmup   1: 8388608 op, 24273618.00 ns, 2.8936 ns/op
OverheadWarmup   2: 8388608 op, 24286336.00 ns, 2.8952 ns/op
OverheadWarmup   3: 8388608 op, 24246969.00 ns, 2.8905 ns/op
OverheadWarmup   4: 8388608 op, 24248404.00 ns, 2.8906 ns/op
OverheadWarmup   5: 8388608 op, 24254813.00 ns, 2.8914 ns/op
OverheadWarmup   6: 8388608 op, 24254592.00 ns, 2.8914 ns/op

OverheadActual   1: 8388608 op, 24337068.00 ns, 2.9012 ns/op
OverheadActual   2: 8388608 op, 24331441.00 ns, 2.9005 ns/op
OverheadActual   3: 8388608 op, 24371271.00 ns, 2.9053 ns/op
OverheadActual   4: 8388608 op, 24294659.00 ns, 2.8961 ns/op
OverheadActual   5: 8388608 op, 24262910.00 ns, 2.8924 ns/op
OverheadActual   6: 8388608 op, 24264284.00 ns, 2.8925 ns/op
OverheadActual   7: 8388608 op, 24336388.00 ns, 2.9011 ns/op
OverheadActual   8: 8388608 op, 24207815.00 ns, 2.8858 ns/op
OverheadActual   9: 8388608 op, 24283690.00 ns, 2.8948 ns/op
OverheadActual  10: 8388608 op, 23649683.00 ns, 2.8193 ns/op
OverheadActual  11: 8388608 op, 19535675.00 ns, 2.3288 ns/op
OverheadActual  12: 8388608 op, 19504653.00 ns, 2.3251 ns/op
OverheadActual  13: 8388608 op, 19490158.00 ns, 2.3234 ns/op
OverheadActual  14: 8388608 op, 19485787.00 ns, 2.3229 ns/op
OverheadActual  15: 8388608 op, 19519432.00 ns, 2.3269 ns/op
OverheadActual  16: 8388608 op, 19582501.00 ns, 2.3344 ns/op
OverheadActual  17: 8388608 op, 17857931.00 ns, 2.1288 ns/op
OverheadActual  18: 8388608 op, 17197458.00 ns, 2.0501 ns/op
OverheadActual  19: 8388608 op, 17155046.00 ns, 2.0450 ns/op
OverheadActual  20: 8388608 op, 17147953.00 ns, 2.0442 ns/op

WorkloadWarmup   1: 8388608 op, 778438451.00 ns, 92.7971 ns/op
WorkloadWarmup   2: 8388608 op, 734114790.00 ns, 87.5133 ns/op
WorkloadWarmup   3: 8388608 op, 734678083.00 ns, 87.5805 ns/op
WorkloadWarmup   4: 8388608 op, 732007658.00 ns, 87.2621 ns/op
WorkloadWarmup   5: 8388608 op, 737912599.00 ns, 87.9660 ns/op
WorkloadWarmup   6: 8388608 op, 731233721.00 ns, 87.1699 ns/op

// BeforeActualRun
WorkloadActual   1: 8388608 op, 732101770.00 ns, 87.2733 ns/op
WorkloadActual   2: 8388608 op, 732165608.00 ns, 87.2809 ns/op
WorkloadActual   3: 8388608 op, 731759663.00 ns, 87.2325 ns/op
WorkloadActual   4: 8388608 op, 733283932.00 ns, 87.4143 ns/op
WorkloadActual   5: 8388608 op, 738780173.00 ns, 88.0695 ns/op
WorkloadActual   6: 8388608 op, 735117650.00 ns, 87.6329 ns/op
WorkloadActual   7: 8388608 op, 734415727.00 ns, 87.5492 ns/op
WorkloadActual   8: 8388608 op, 736764643.00 ns, 87.8292 ns/op
WorkloadActual   9: 8388608 op, 740069642.00 ns, 88.2232 ns/op
WorkloadActual  10: 8388608 op, 739118386.00 ns, 88.1098 ns/op
WorkloadActual  11: 8388608 op, 738426416.00 ns, 88.0273 ns/op
WorkloadActual  12: 8388608 op, 739571868.00 ns, 88.1638 ns/op
WorkloadActual  13: 8388608 op, 738877795.00 ns, 88.0811 ns/op
WorkloadActual  14: 8388608 op, 743071070.00 ns, 88.5810 ns/op
WorkloadActual  15: 8388608 op, 750850833.00 ns, 89.5084 ns/op

// AfterActualRun
WorkloadResult   1: 8388608 op, 710485678.00 ns, 84.6965 ns/op
WorkloadResult   2: 8388608 op, 710549516.00 ns, 84.7041 ns/op
WorkloadResult   3: 8388608 op, 710143571.00 ns, 84.6557 ns/op
WorkloadResult   4: 8388608 op, 711667840.00 ns, 84.8374 ns/op
WorkloadResult   5: 8388608 op, 717164081.00 ns, 85.4926 ns/op
WorkloadResult   6: 8388608 op, 713501558.00 ns, 85.0560 ns/op
WorkloadResult   7: 8388608 op, 712799635.00 ns, 84.9723 ns/op
WorkloadResult   8: 8388608 op, 715148551.00 ns, 85.2524 ns/op
WorkloadResult   9: 8388608 op, 718453550.00 ns, 85.6463 ns/op
WorkloadResult  10: 8388608 op, 717502294.00 ns, 85.5329 ns/op
WorkloadResult  11: 8388608 op, 716810324.00 ns, 85.4504 ns/op
WorkloadResult  12: 8388608 op, 717955776.00 ns, 85.5870 ns/op
WorkloadResult  13: 8388608 op, 717261703.00 ns, 85.5043 ns/op
WorkloadResult  14: 8388608 op, 721454978.00 ns, 86.0041 ns/op
// GC:  47 0 0 3959441792 8388608
// Threading:  0 0 8388608

// AfterAll
// Benchmark Process 4413 has exited with code 0.

Mean = 85.242 ns, StdErr = 0.113 ns (0.13%), N = 14, StdDev = 0.423 ns
Min = 84.656 ns, Q1 = 84.871 ns, Median = 85.351 ns, Q3 = 85.526 ns, Max = 86.004 ns
IQR = 0.655 ns, LowerFence = 83.889 ns, UpperFence = 86.508 ns
ConfidenceInterval = [84.765 ns; 85.719 ns] (CI 99.9%), Margin = 0.477 ns (0.56% of Mean)
Skewness = 0, Kurtosis = 1.61, MValue = 2

// ** Remained 4 (10.3 %) benchmark(s) to run. Estimated finish 2026-09-27 7:27 (0h 1m from now) **
// **************************
// Benchmark: SecurityBenchmarks.'ConstantTime FixedTimeEquals (32 bytes)': .NET 9.0(Runtime=.NET 9.0, Toolchain=net9.0)
// *** Execute ***
// Launch: 1 / 1
// Execute: dotnet "EricksonLopez.Security.Benchmarks-.NET 9.0-3.dll" --anonymousPipes 171 172 --benchmarkName EricksonLopez.Security.Benchmarks.SecurityBenchmarks.ConstantTime_Compare --job ".NET 9.0" --benchmarkId 9 in /home/runner/work/dotnet-security/dotnet-security/benchmarks/EricksonLopez.Security.Benchmarks/bin/Release/net10.0/EricksonLopez.Security.Benchmarks-.NET 9.0-3/bin/Release/net9.0
// Failed to set up high priority (Permission denied). In order to run benchmarks with high priority, make sure you have the right permissions.
// BeforeAnythingElse

// Benchmark Process Environment Information:
// BenchmarkDotNet v0.15.8
// Runtime=.NET 9.0.20 (9.0.20, 9.0.2026.41315), X64 RyuJIT x86-64-v4
// GC=Concurrent Workstation
// HardwareIntrinsics=AVX512 IFMA+VBMI,AVX512 F+BW+CD+DQ+VL,AVX2+BMI1+BMI2+F16C+FMA+LZCNT+MOVBE,AVX,SSE3+SSSE3+SSE4.1+SSE4.2+POPCNT,X86Base+SSE+SSE2,AES+PCLMUL,AvxVnni,SERIALIZE VectorSize=256
// Job: .NET 9.0

OverheadJitting  1: 1 op, 150041.00 ns, 150.0410 us/op
WorkloadJitting  1: 1 op, 347945.00 ns, 347.9450 us/op

OverheadJitting  2: 16 op, 294357.00 ns, 18.3973 us/op
WorkloadJitting  2: 16 op, 340910.00 ns, 21.3069 us/op

WorkloadPilot    1: 16 op, 3657.00 ns, 228.5625 ns/op
WorkloadPilot    2: 32 op, 5829.00 ns, 182.1563 ns/op
WorkloadPilot    3: 64 op, 10147.00 ns, 158.5469 ns/op
WorkloadPilot    4: 128 op, 19555.00 ns, 152.7734 ns/op
WorkloadPilot    5: 256 op, 38241.00 ns, 149.3789 ns/op
WorkloadPilot    6: 512 op, 75468.00 ns, 147.3984 ns/op
WorkloadPilot    7: 1024 op, 151151.00 ns, 147.6084 ns/op
WorkloadPilot    8: 2048 op, 300468.00 ns, 146.7129 ns/op
WorkloadPilot    9: 4096 op, 606299.00 ns, 148.0222 ns/op
WorkloadPilot   10: 8192 op, 1252368.00 ns, 152.8770 ns/op
WorkloadPilot   11: 16384 op, 2473319.00 ns, 150.9594 ns/op
WorkloadPilot   12: 32768 op, 5039134.00 ns, 153.7822 ns/op
WorkloadPilot   13: 65536 op, 9754459.00 ns, 148.8412 ns/op
WorkloadPilot   14: 131072 op, 19430800.00 ns, 148.2452 ns/op
WorkloadPilot   15: 262144 op, 38836854.00 ns, 148.1508 ns/op
WorkloadPilot   16: 524288 op, 77890015.00 ns, 148.5634 ns/op
WorkloadPilot   17: 1048576 op, 152173476.00 ns, 145.1239 ns/op
WorkloadPilot   18: 2097152 op, 303739920.00 ns, 144.8345 ns/op
WorkloadPilot   19: 4194304 op, 605624689.00 ns, 144.3922 ns/op

OverheadWarmup   1: 4194304 op, 12598084.00 ns, 3.0036 ns/op
OverheadWarmup   2: 4194304 op, 12505175.00 ns, 2.9815 ns/op
OverheadWarmup   3: 4194304 op, 12413513.00 ns, 2.9596 ns/op
OverheadWarmup   4: 4194304 op, 12422990.00 ns, 2.9619 ns/op
OverheadWarmup   5: 4194304 op, 12413155.00 ns, 2.9595 ns/op
OverheadWarmup   6: 4194304 op, 12413613.00 ns, 2.9596 ns/op
OverheadWarmup   7: 4194304 op, 12414390.00 ns, 2.9598 ns/op
OverheadWarmup   8: 4194304 op, 12446914.00 ns, 2.9676 ns/op
OverheadWarmup   9: 4194304 op, 12424801.00 ns, 2.9623 ns/op

OverheadActual   1: 4194304 op, 12465280.00 ns, 2.9720 ns/op
OverheadActual   2: 4194304 op, 12467321.00 ns, 2.9724 ns/op
OverheadActual   3: 4194304 op, 12463972.00 ns, 2.9716 ns/op
OverheadActual   4: 4194304 op, 12430135.00 ns, 2.9636 ns/op
OverheadActual   5: 4194304 op, 12428962.00 ns, 2.9633 ns/op
OverheadActual   6: 4194304 op, 12398337.00 ns, 2.9560 ns/op
OverheadActual   7: 4194304 op, 12455253.00 ns, 2.9696 ns/op
OverheadActual   8: 4194304 op, 12469478.00 ns, 2.9730 ns/op
OverheadActual   9: 4194304 op, 12411674.00 ns, 2.9592 ns/op
OverheadActual  10: 4194304 op, 12428672.00 ns, 2.9632 ns/op
OverheadActual  11: 4194304 op, 12400772.00 ns, 2.9566 ns/op
OverheadActual  12: 4194304 op, 12406119.00 ns, 2.9578 ns/op
OverheadActual  13: 4194304 op, 12582422.00 ns, 2.9999 ns/op
OverheadActual  14: 4194304 op, 12094615.00 ns, 2.8836 ns/op
OverheadActual  15: 4194304 op, 10091544.00 ns, 2.4060 ns/op
OverheadActual  16: 4194304 op, 8917943.00 ns, 2.1262 ns/op
OverheadActual  17: 4194304 op, 8870999.00 ns, 2.1150 ns/op
OverheadActual  18: 4194304 op, 8875875.00 ns, 2.1162 ns/op
OverheadActual  19: 4194304 op, 8874256.00 ns, 2.1158 ns/op
OverheadActual  20: 4194304 op, 8869958.00 ns, 2.1148 ns/op

WorkloadWarmup   1: 4194304 op, 604339664.00 ns, 144.0858 ns/op
WorkloadWarmup   2: 4194304 op, 603876459.00 ns, 143.9754 ns/op
WorkloadWarmup   3: 4194304 op, 604463101.00 ns, 144.1152 ns/op
WorkloadWarmup   4: 4194304 op, 604550857.00 ns, 144.1362 ns/op
WorkloadWarmup   5: 4194304 op, 605874049.00 ns, 144.4516 ns/op
WorkloadWarmup   6: 4194304 op, 605561821.00 ns, 144.3772 ns/op
WorkloadWarmup   7: 4194304 op, 605949413.00 ns, 144.4696 ns/op
WorkloadWarmup   8: 4194304 op, 603796496.00 ns, 143.9563 ns/op

// BeforeActualRun
WorkloadActual   1: 4194304 op, 605012746.00 ns, 144.2463 ns/op
WorkloadActual   2: 4194304 op, 606424127.00 ns, 144.5828 ns/op
WorkloadActual   3: 4194304 op, 605688148.00 ns, 144.4073 ns/op
WorkloadActual   4: 4194304 op, 604332131.00 ns, 144.0840 ns/op
WorkloadActual   5: 4194304 op, 606112524.00 ns, 144.5085 ns/op
WorkloadActual   6: 4194304 op, 604725130.00 ns, 144.1777 ns/op
WorkloadActual   7: 4194304 op, 604811541.00 ns, 144.1983 ns/op
WorkloadActual   8: 4194304 op, 605260787.00 ns, 144.3054 ns/op
WorkloadActual   9: 4194304 op, 604658991.00 ns, 144.1619 ns/op
WorkloadActual  10: 4194304 op, 602808639.00 ns, 143.7208 ns/op
WorkloadActual  11: 4194304 op, 603786596.00 ns, 143.9539 ns/op
WorkloadActual  12: 4194304 op, 603228591.00 ns, 143.8209 ns/op
WorkloadActual  13: 4194304 op, 603557602.00 ns, 143.8993 ns/op
WorkloadActual  14: 4194304 op, 601364109.00 ns, 143.3764 ns/op
WorkloadActual  15: 4194304 op, 604869464.00 ns, 144.2121 ns/op

// AfterActualRun
WorkloadResult   1: 4194304 op, 592603849.50 ns, 141.2878 ns/op
WorkloadResult   2: 4194304 op, 594015230.50 ns, 141.6243 ns/op
WorkloadResult   3: 4194304 op, 593279251.50 ns, 141.4488 ns/op
WorkloadResult   4: 4194304 op, 591923234.50 ns, 141.1255 ns/op
WorkloadResult   5: 4194304 op, 593703627.50 ns, 141.5500 ns/op
WorkloadResult   6: 4194304 op, 592316233.50 ns, 141.2192 ns/op
WorkloadResult   7: 4194304 op, 592402644.50 ns, 141.2398 ns/op
WorkloadResult   8: 4194304 op, 592851890.50 ns, 141.3469 ns/op
WorkloadResult   9: 4194304 op, 592250094.50 ns, 141.2034 ns/op
WorkloadResult  10: 4194304 op, 590399742.50 ns, 140.7623 ns/op
WorkloadResult  11: 4194304 op, 591377699.50 ns, 140.9954 ns/op
WorkloadResult  12: 4194304 op, 590819694.50 ns, 140.8624 ns/op
WorkloadResult  13: 4194304 op, 591148705.50 ns, 140.9408 ns/op
WorkloadResult  14: 4194304 op, 588955212.50 ns, 140.4179 ns/op
WorkloadResult  15: 4194304 op, 592460567.50 ns, 141.2536 ns/op
// GC:  0 0 0 0 4194304
// Threading:  0 0 4194304

// AfterAll
// Benchmark Process 4428 has exited with code 0.

Mean = 141.152 ns, StdErr = 0.082 ns (0.06%), N = 15, StdDev = 0.316 ns
Min = 140.418 ns, Q1 = 140.968 ns, Median = 141.219 ns, Q3 = 141.317 ns, Max = 141.624 ns
IQR = 0.349 ns, LowerFence = 140.444 ns, UpperFence = 141.841 ns
ConfidenceInterval = [140.814 ns; 141.489 ns] (CI 99.9%), Margin = 0.338 ns (0.24% of Mean)
Skewness = -0.6, Kurtosis = 2.73, MValue = 2

// ** Remained 3 (7.7 %) benchmark(s) to run. Estimated finish 2026-09-27 7:27 (0h 0m from now) **
// **************************
// Benchmark: SecurityBenchmarks.'Token Generation (URL-Safe 32 bytes)': .NET 9.0(Runtime=.NET 9.0, Toolchain=net9.0)
// *** Execute ***
// Launch: 1 / 1
// Execute: dotnet "EricksonLopez.Security.Benchmarks-.NET 9.0-3.dll" --anonymousPipes 171 172 --benchmarkName EricksonLopez.Security.Benchmarks.SecurityBenchmarks.Token_Generate --job ".NET 9.0" --benchmarkId 10 in /home/runner/work/dotnet-security/dotnet-security/benchmarks/EricksonLopez.Security.Benchmarks/bin/Release/net10.0/EricksonLopez.Security.Benchmarks-.NET 9.0-3/bin/Release/net9.0
// Failed to set up high priority (Permission denied). In order to run benchmarks with high priority, make sure you have the right permissions.
// BeforeAnythingElse

// Benchmark Process Environment Information:
// BenchmarkDotNet v0.15.8
// Runtime=.NET 9.0.20 (9.0.20, 9.0.2026.41315), X64 RyuJIT x86-64-v4
// GC=Concurrent Workstation
// HardwareIntrinsics=AVX512 IFMA+VBMI,AVX512 F+BW+CD+DQ+VL,AVX2+BMI1+BMI2+F16C+FMA+LZCNT+MOVBE,AVX,SSE3+SSSE3+SSE4.1+SSE4.2+POPCNT,X86Base+SSE+SSE2,AES+PCLMUL,AvxVnni,SERIALIZE VectorSize=256
// Job: .NET 9.0

OverheadJitting  1: 1 op, 157459.00 ns, 157.4590 us/op
WorkloadJitting  1: 1 op, 561781.00 ns, 561.7810 us/op

OverheadJitting  2: 16 op, 386134.00 ns, 24.1334 us/op
WorkloadJitting  2: 16 op, 416780.00 ns, 26.0488 us/op

WorkloadPilot    1: 16 op, 38976.00 ns, 2.4360 us/op
WorkloadPilot    2: 32 op, 56795.00 ns, 1.7748 us/op
WorkloadPilot    3: 64 op, 85506.00 ns, 1.3360 us/op
WorkloadPilot    4: 128 op, 162609.00 ns, 1.2704 us/op
WorkloadPilot    5: 256 op, 314730.00 ns, 1.2294 us/op
WorkloadPilot    6: 512 op, 619884.00 ns, 1.2107 us/op
WorkloadPilot    7: 1024 op, 1177827.00 ns, 1.1502 us/op
WorkloadPilot    8: 2048 op, 2394466.00 ns, 1.1692 us/op
WorkloadPilot    9: 4096 op, 4774852.00 ns, 1.1657 us/op
WorkloadPilot   10: 8192 op, 9769475.00 ns, 1.1926 us/op
WorkloadPilot   11: 16384 op, 19005425.00 ns, 1.1600 us/op
WorkloadPilot   12: 32768 op, 37840710.00 ns, 1.1548 us/op
WorkloadPilot   13: 65536 op, 73630297.00 ns, 1.1235 us/op
WorkloadPilot   14: 131072 op, 163852766.00 ns, 1.2501 us/op
WorkloadPilot   15: 262144 op, 260479469.00 ns, 993.6503 ns/op
WorkloadPilot   16: 524288 op, 493776863.00 ns, 941.8046 ns/op
WorkloadPilot   17: 1048576 op, 993960142.00 ns, 947.9143 ns/op

OverheadWarmup   1: 1048576 op, 5186202.00 ns, 4.9459 ns/op
OverheadWarmup   2: 1048576 op, 5217693.00 ns, 4.9760 ns/op
OverheadWarmup   3: 1048576 op, 5172180.00 ns, 4.9326 ns/op
OverheadWarmup   4: 1048576 op, 5165760.00 ns, 4.9265 ns/op
OverheadWarmup   5: 1048576 op, 5175838.00 ns, 4.9361 ns/op
OverheadWarmup   6: 1048576 op, 5192358.00 ns, 4.9518 ns/op
OverheadWarmup   7: 1048576 op, 5195146.00 ns, 4.9545 ns/op
OverheadWarmup   8: 1048576 op, 5188550.00 ns, 4.9482 ns/op

OverheadActual   1: 1048576 op, 5170670.00 ns, 4.9311 ns/op
OverheadActual   2: 1048576 op, 5167134.00 ns, 4.9278 ns/op
OverheadActual   3: 1048576 op, 5186285.00 ns, 4.9460 ns/op
OverheadActual   4: 1048576 op, 5179265.00 ns, 4.9393 ns/op
OverheadActual   5: 1048576 op, 5181237.00 ns, 4.9412 ns/op
OverheadActual   6: 1048576 op, 5146798.00 ns, 4.9084 ns/op
OverheadActual   7: 1048576 op, 5174816.00 ns, 4.9351 ns/op
OverheadActual   8: 1048576 op, 5168572.00 ns, 4.9291 ns/op
OverheadActual   9: 1048576 op, 5186553.00 ns, 4.9463 ns/op
OverheadActual  10: 1048576 op, 5175694.00 ns, 4.9359 ns/op
OverheadActual  11: 1048576 op, 5176335.00 ns, 4.9365 ns/op
OverheadActual  12: 1048576 op, 5156414.00 ns, 4.9175 ns/op
OverheadActual  13: 1048576 op, 5167068.00 ns, 4.9277 ns/op
OverheadActual  14: 1048576 op, 5168370.00 ns, 4.9289 ns/op
OverheadActual  15: 1048576 op, 5167897.00 ns, 4.9285 ns/op

WorkloadWarmup   1: 1048576 op, 1045289503.00 ns, 996.8658 ns/op
WorkloadWarmup   2: 1048576 op, 999046176.00 ns, 952.7647 ns/op
WorkloadWarmup   3: 1048576 op, 1004523018.00 ns, 957.9878 ns/op
WorkloadWarmup   4: 1048576 op, 1003862839.00 ns, 957.3582 ns/op
WorkloadWarmup   5: 1048576 op, 995236985.00 ns, 949.1320 ns/op
WorkloadWarmup   6: 1048576 op, 990298972.00 ns, 944.4227 ns/op
WorkloadWarmup   7: 1048576 op, 992092483.00 ns, 946.1331 ns/op
WorkloadWarmup   8: 1048576 op, 995159339.00 ns, 949.0579 ns/op
WorkloadWarmup   9: 1048576 op, 988468375.00 ns, 942.6769 ns/op

// BeforeActualRun
WorkloadActual   1: 1048576 op, 996434465.00 ns, 950.2740 ns/op
WorkloadActual   2: 1048576 op, 995631076.00 ns, 949.5078 ns/op
WorkloadActual   3: 1048576 op, 993932814.00 ns, 947.8882 ns/op
WorkloadActual   4: 1048576 op, 993708394.00 ns, 947.6742 ns/op
WorkloadActual   5: 1048576 op, 992038071.00 ns, 946.0812 ns/op
WorkloadActual   6: 1048576 op, 994736557.00 ns, 948.6547 ns/op
WorkloadActual   7: 1048576 op, 995886112.00 ns, 949.7510 ns/op
WorkloadActual   8: 1048576 op, 994624064.00 ns, 948.5474 ns/op
WorkloadActual   9: 1048576 op, 996111947.00 ns, 949.9664 ns/op
WorkloadActual  10: 1048576 op, 997456770.00 ns, 951.2489 ns/op
WorkloadActual  11: 1048576 op, 993662119.00 ns, 947.6300 ns/op
WorkloadActual  12: 1048576 op, 996235940.00 ns, 950.0846 ns/op
WorkloadActual  13: 1048576 op, 991108337.00 ns, 945.1946 ns/op
WorkloadActual  14: 1048576 op, 993771126.00 ns, 947.7340 ns/op
WorkloadActual  15: 1048576 op, 989961488.00 ns, 944.1008 ns/op

// AfterActualRun
WorkloadResult   1: 1048576 op, 991263795.00 ns, 945.3428 ns/op
WorkloadResult   2: 1048576 op, 990460406.00 ns, 944.5767 ns/op
WorkloadResult   3: 1048576 op, 988762144.00 ns, 942.9571 ns/op
WorkloadResult   4: 1048576 op, 988537724.00 ns, 942.7430 ns/op
WorkloadResult   5: 1048576 op, 986867401.00 ns, 941.1501 ns/op
WorkloadResult   6: 1048576 op, 989565887.00 ns, 943.7236 ns/op
WorkloadResult   7: 1048576 op, 990715442.00 ns, 944.8199 ns/op
WorkloadResult   8: 1048576 op, 989453394.00 ns, 943.6163 ns/op
WorkloadResult   9: 1048576 op, 990941277.00 ns, 945.0352 ns/op
WorkloadResult  10: 1048576 op, 992286100.00 ns, 946.3178 ns/op
WorkloadResult  11: 1048576 op, 988491449.00 ns, 942.6989 ns/op
WorkloadResult  12: 1048576 op, 991065270.00 ns, 945.1535 ns/op
WorkloadResult  13: 1048576 op, 985937667.00 ns, 940.2634 ns/op
WorkloadResult  14: 1048576 op, 988600456.00 ns, 942.8029 ns/op
WorkloadResult  15: 1048576 op, 984790818.00 ns, 939.1697 ns/op
// GC:  4 0 0 407318240 1048576
// Threading:  0 0 1048576

// AfterAll
// Benchmark Process 4437 has exited with code 0.

Mean = 943.358 ns, StdErr = 0.516 ns (0.05%), N = 15, StdDev = 1.997 ns
Min = 939.170 ns, Q1 = 942.721 ns, Median = 943.616 ns, Q3 = 944.928 ns, Max = 946.318 ns
IQR = 2.207 ns, LowerFence = 939.411 ns, UpperFence = 948.237 ns
ConfidenceInterval = [941.223 ns; 945.493 ns] (CI 99.9%), Margin = 2.135 ns (0.23% of Mean)
Skewness = -0.55, Kurtosis = 2.27, MValue = 2

// ** Remained 2 (5.1 %) benchmark(s) to run. Estimated finish 2026-09-27 7:27 (0h 0m from now) **
// **************************
// Benchmark: SecurityBenchmarks.'Token Hash (SHA-256)': .NET 9.0(Runtime=.NET 9.0, Toolchain=net9.0)
// *** Execute ***
// Launch: 1 / 1
// Execute: dotnet "EricksonLopez.Security.Benchmarks-.NET 9.0-3.dll" --anonymousPipes 171 172 --benchmarkName EricksonLopez.Security.Benchmarks.SecurityBenchmarks.Token_Hash --job ".NET 9.0" --benchmarkId 11 in /home/runner/work/dotnet-security/dotnet-security/benchmarks/EricksonLopez.Security.Benchmarks/bin/Release/net10.0/EricksonLopez.Security.Benchmarks-.NET 9.0-3/bin/Release/net9.0
// Failed to set up high priority (Permission denied). In order to run benchmarks with high priority, make sure you have the right permissions.
// BeforeAnythingElse

// Benchmark Process Environment Information:
// BenchmarkDotNet v0.15.8
// Runtime=.NET 9.0.20 (9.0.20, 9.0.2026.41315), X64 RyuJIT x86-64-v4
// GC=Concurrent Workstation
// HardwareIntrinsics=AVX512 IFMA+VBMI,AVX512 F+BW+CD+DQ+VL,AVX2+BMI1+BMI2+F16C+FMA+LZCNT+MOVBE,AVX,SSE3+SSSE3+SSE4.1+SSE4.2+POPCNT,X86Base+SSE+SSE2,AES+PCLMUL,AvxVnni,SERIALIZE VectorSize=256
// Job: .NET 9.0

OverheadJitting  1: 1 op, 153932.00 ns, 153.9320 us/op
WorkloadJitting  1: 1 op, 978160.00 ns, 978.1600 us/op

OverheadJitting  2: 16 op, 361599.00 ns, 22.5999 us/op
WorkloadJitting  2: 16 op, 432882.00 ns, 27.0551 us/op

WorkloadPilot    1: 16 op, 71841.00 ns, 4.4901 us/op
WorkloadPilot    2: 32 op, 80330.00 ns, 2.5103 us/op
WorkloadPilot    3: 64 op, 129140.00 ns, 2.0178 us/op
WorkloadPilot    4: 128 op, 217091.00 ns, 1.6960 us/op
WorkloadPilot    5: 256 op, 459148.00 ns, 1.7935 us/op
WorkloadPilot    6: 512 op, 849806.00 ns, 1.6598 us/op
WorkloadPilot    7: 1024 op, 1625469.00 ns, 1.5874 us/op
WorkloadPilot    8: 2048 op, 3183209.00 ns, 1.5543 us/op
WorkloadPilot    9: 4096 op, 6166397.00 ns, 1.5055 us/op
WorkloadPilot   10: 8192 op, 12227152.00 ns, 1.4926 us/op
WorkloadPilot   11: 16384 op, 23932015.00 ns, 1.4607 us/op
WorkloadPilot   12: 32768 op, 47754615.00 ns, 1.4574 us/op
WorkloadPilot   13: 65536 op, 100208441.00 ns, 1.5291 us/op
WorkloadPilot   14: 131072 op, 129467485.00 ns, 987.7585 ns/op
WorkloadPilot   15: 262144 op, 247747413.00 ns, 945.0814 ns/op
WorkloadPilot   16: 524288 op, 493185504.00 ns, 940.6767 ns/op
WorkloadPilot   17: 1048576 op, 957239778.00 ns, 912.8950 ns/op

OverheadWarmup   1: 1048576 op, 5181118.00 ns, 4.9411 ns/op
OverheadWarmup   2: 1048576 op, 5193002.00 ns, 4.9524 ns/op
OverheadWarmup   3: 1048576 op, 5190468.00 ns, 4.9500 ns/op
OverheadWarmup   4: 1048576 op, 5172740.00 ns, 4.9331 ns/op
OverheadWarmup   5: 1048576 op, 5207343.00 ns, 4.9661 ns/op
OverheadWarmup   6: 1048576 op, 5184949.00 ns, 4.9448 ns/op

OverheadActual   1: 1048576 op, 5227329.00 ns, 4.9852 ns/op
OverheadActual   2: 1048576 op, 5200115.00 ns, 4.9592 ns/op
OverheadActual   3: 1048576 op, 5200478.00 ns, 4.9596 ns/op
OverheadActual   4: 1048576 op, 5220658.00 ns, 4.9788 ns/op
OverheadActual   5: 1048576 op, 5258752.00 ns, 5.0151 ns/op
OverheadActual   6: 1048576 op, 5169970.00 ns, 4.9305 ns/op
OverheadActual   7: 1048576 op, 5179021.00 ns, 4.9391 ns/op
OverheadActual   8: 1048576 op, 5198200.00 ns, 4.9574 ns/op
OverheadActual   9: 1048576 op, 5178109.00 ns, 4.9382 ns/op
OverheadActual  10: 1048576 op, 5185911.00 ns, 4.9457 ns/op
OverheadActual  11: 1048576 op, 5177892.00 ns, 4.9380 ns/op
OverheadActual  12: 1048576 op, 5172901.00 ns, 4.9333 ns/op
OverheadActual  13: 1048576 op, 5180223.00 ns, 4.9402 ns/op
OverheadActual  14: 1048576 op, 5183508.00 ns, 4.9434 ns/op
OverheadActual  15: 1048576 op, 5173507.00 ns, 4.9338 ns/op

WorkloadWarmup   1: 1048576 op, 971747610.00 ns, 926.7307 ns/op
WorkloadWarmup   2: 1048576 op, 961351253.00 ns, 916.8160 ns/op
WorkloadWarmup   3: 1048576 op, 957865713.00 ns, 913.4919 ns/op
WorkloadWarmup   4: 1048576 op, 959300770.00 ns, 914.8605 ns/op
WorkloadWarmup   5: 1048576 op, 957584758.00 ns, 913.2240 ns/op
WorkloadWarmup   6: 1048576 op, 958086686.00 ns, 913.7027 ns/op
WorkloadWarmup   7: 1048576 op, 958269229.00 ns, 913.8768 ns/op
WorkloadWarmup   8: 1048576 op, 988305301.00 ns, 942.5214 ns/op
WorkloadWarmup   9: 1048576 op, 957427029.00 ns, 913.0736 ns/op

// BeforeActualRun
WorkloadActual   1: 1048576 op, 959871346.00 ns, 915.4046 ns/op
WorkloadActual   2: 1048576 op, 970737581.00 ns, 925.7675 ns/op
WorkloadActual   3: 1048576 op, 958891529.00 ns, 914.4702 ns/op
WorkloadActual   4: 1048576 op, 961348278.00 ns, 916.8132 ns/op
WorkloadActual   5: 1048576 op, 967417619.00 ns, 922.6013 ns/op
WorkloadActual   6: 1048576 op, 960982366.00 ns, 916.4642 ns/op
WorkloadActual   7: 1048576 op, 961048905.00 ns, 916.5277 ns/op
WorkloadActual   8: 1048576 op, 960223057.00 ns, 915.7401 ns/op
WorkloadActual   9: 1048576 op, 958116596.00 ns, 913.7312 ns/op
WorkloadActual  10: 1048576 op, 958396839.00 ns, 913.9985 ns/op
WorkloadActual  11: 1048576 op, 958852327.00 ns, 914.4328 ns/op
WorkloadActual  12: 1048576 op, 957457677.00 ns, 913.1028 ns/op
WorkloadActual  13: 1048576 op, 958103404.00 ns, 913.7186 ns/op
WorkloadActual  14: 1048576 op, 958327786.00 ns, 913.9326 ns/op
WorkloadActual  15: 1048576 op, 958359603.00 ns, 913.9629 ns/op

// AfterActualRun
WorkloadResult   1: 1048576 op, 954687838.00 ns, 910.4613 ns/op
WorkloadResult   2: 1048576 op, 953708021.00 ns, 909.5268 ns/op
WorkloadResult   3: 1048576 op, 956164770.00 ns, 911.8698 ns/op
WorkloadResult   4: 1048576 op, 955798858.00 ns, 911.5208 ns/op
WorkloadResult   5: 1048576 op, 955865397.00 ns, 911.5843 ns/op
WorkloadResult   6: 1048576 op, 955039549.00 ns, 910.7967 ns/op
WorkloadResult   7: 1048576 op, 952933088.00 ns, 908.7878 ns/op
WorkloadResult   8: 1048576 op, 953213331.00 ns, 909.0551 ns/op
WorkloadResult   9: 1048576 op, 953668819.00 ns, 909.4895 ns/op
WorkloadResult  10: 1048576 op, 952274169.00 ns, 908.1594 ns/op
WorkloadResult  11: 1048576 op, 952919896.00 ns, 908.7752 ns/op
WorkloadResult  12: 1048576 op, 953144278.00 ns, 908.9892 ns/op
WorkloadResult  13: 1048576 op, 953176095.00 ns, 909.0196 ns/op
// GC:  2 0 0 192937984 1048576
// Threading:  0 0 1048576

// AfterAll
// Benchmark Process 4450 has exited with code 0.

Mean = 909.849 ns, StdErr = 0.345 ns (0.04%), N = 13, StdDev = 1.245 ns
Min = 908.159 ns, Q1 = 908.989 ns, Median = 909.489 ns, Q3 = 910.797 ns, Max = 911.870 ns
IQR = 1.807 ns, LowerFence = 906.278 ns, UpperFence = 913.508 ns
ConfidenceInterval = [908.358 ns; 911.339 ns] (CI 99.9%), Margin = 1.490 ns (0.16% of Mean)
Skewness = 0.41, Kurtosis = 1.5, MValue = 2

// ** Remained 1 (2.6 %) benchmark(s) to run. Estimated finish 2026-09-27 7:27 (0h 0m from now) **
// **************************
// Benchmark: SecurityBenchmarks.'SecretBuffer Allocate & Dispose (ZeroMemory)': .NET 9.0(Runtime=.NET 9.0, Toolchain=net9.0)
// *** Execute ***
// Launch: 1 / 1
// Execute: dotnet "EricksonLopez.Security.Benchmarks-.NET 9.0-3.dll" --anonymousPipes 171 172 --benchmarkName EricksonLopez.Security.Benchmarks.SecurityBenchmarks.SecretBuffer_RentAndScrub --job ".NET 9.0" --benchmarkId 12 in /home/runner/work/dotnet-security/dotnet-security/benchmarks/EricksonLopez.Security.Benchmarks/bin/Release/net10.0/EricksonLopez.Security.Benchmarks-.NET 9.0-3/bin/Release/net9.0
// Failed to set up high priority (Permission denied). In order to run benchmarks with high priority, make sure you have the right permissions.
// BeforeAnythingElse

// Benchmark Process Environment Information:
// BenchmarkDotNet v0.15.8
// Runtime=.NET 9.0.20 (9.0.20, 9.0.2026.41315), X64 RyuJIT x86-64-v4
// GC=Concurrent Workstation
// HardwareIntrinsics=AVX512 IFMA+VBMI,AVX512 F+BW+CD+DQ+VL,AVX2+BMI1+BMI2+F16C+FMA+LZCNT+MOVBE,AVX,SSE3+SSSE3+SSE4.1+SSE4.2+POPCNT,X86Base+SSE+SSE2,AES+PCLMUL,AvxVnni,SERIALIZE VectorSize=256
// Job: .NET 9.0

OverheadJitting  1: 1 op, 114972.00 ns, 114.9720 us/op
WorkloadJitting  1: 1 op, 562138.00 ns, 562.1380 us/op

OverheadJitting  2: 16 op, 198451.00 ns, 12.4032 us/op
WorkloadJitting  2: 16 op, 240173.00 ns, 15.0108 us/op

WorkloadPilot    1: 16 op, 7622.00 ns, 476.3750 ns/op
WorkloadPilot    2: 32 op, 8169.00 ns, 255.2813 ns/op
WorkloadPilot    3: 64 op, 10856.00 ns, 169.6250 ns/op
WorkloadPilot    4: 128 op, 24671.00 ns, 192.7422 ns/op
WorkloadPilot    5: 256 op, 46845.00 ns, 182.9883 ns/op
WorkloadPilot    6: 512 op, 64873.00 ns, 126.7051 ns/op
WorkloadPilot    7: 1024 op, 115702.00 ns, 112.9902 ns/op
WorkloadPilot    8: 2048 op, 200954.00 ns, 98.1221 ns/op
WorkloadPilot    9: 4096 op, 388251.00 ns, 94.7878 ns/op
WorkloadPilot   10: 8192 op, 790062.00 ns, 96.4431 ns/op
WorkloadPilot   11: 16384 op, 1501861.00 ns, 91.6663 ns/op
WorkloadPilot   12: 32768 op, 2992866.00 ns, 91.3350 ns/op
WorkloadPilot   13: 65536 op, 5977281.00 ns, 91.2061 ns/op
WorkloadPilot   14: 131072 op, 12310471.00 ns, 93.9214 ns/op
WorkloadPilot   15: 262144 op, 25151827.00 ns, 95.9466 ns/op
WorkloadPilot   16: 524288 op, 49676137.00 ns, 94.7497 ns/op
WorkloadPilot   17: 1048576 op, 90583534.00 ns, 86.3872 ns/op
WorkloadPilot   18: 2097152 op, 135971135.00 ns, 64.8361 ns/op
WorkloadPilot   19: 4194304 op, 265534146.00 ns, 63.3083 ns/op
WorkloadPilot   20: 8388608 op, 533111409.00 ns, 63.5518 ns/op

OverheadWarmup   1: 8388608 op, 24213593.00 ns, 2.8865 ns/op
OverheadWarmup   2: 8388608 op, 24201634.00 ns, 2.8851 ns/op
OverheadWarmup   3: 8388608 op, 24221721.00 ns, 2.8875 ns/op
OverheadWarmup   4: 8388608 op, 24246472.00 ns, 2.8904 ns/op
OverheadWarmup   5: 8388608 op, 24209051.00 ns, 2.8859 ns/op
OverheadWarmup   6: 8388608 op, 24209251.00 ns, 2.8860 ns/op
OverheadWarmup   7: 8388608 op, 24250671.00 ns, 2.8909 ns/op
OverheadWarmup   8: 8388608 op, 24255193.00 ns, 2.8914 ns/op
OverheadWarmup   9: 8388608 op, 17815446.00 ns, 2.1238 ns/op

OverheadActual   1: 8388608 op, 17055071.00 ns, 2.0331 ns/op
OverheadActual   2: 8388608 op, 17052209.00 ns, 2.0328 ns/op
OverheadActual   3: 8388608 op, 17014983.00 ns, 2.0283 ns/op
OverheadActual   4: 8388608 op, 17052220.00 ns, 2.0328 ns/op
OverheadActual   5: 8388608 op, 17035719.00 ns, 2.0308 ns/op
OverheadActual   6: 8388608 op, 17028183.00 ns, 2.0299 ns/op
OverheadActual   7: 8388608 op, 17007638.00 ns, 2.0275 ns/op
OverheadActual   8: 8388608 op, 17203233.00 ns, 2.0508 ns/op
OverheadActual   9: 8388608 op, 17024415.00 ns, 2.0295 ns/op
OverheadActual  10: 8388608 op, 17030862.00 ns, 2.0302 ns/op
OverheadActual  11: 8388608 op, 17047367.00 ns, 2.0322 ns/op
OverheadActual  12: 8388608 op, 18942725.00 ns, 2.2581 ns/op
OverheadActual  13: 8388608 op, 17141765.00 ns, 2.0435 ns/op
OverheadActual  14: 8388608 op, 17025366.00 ns, 2.0296 ns/op
OverheadActual  15: 8388608 op, 17026923.00 ns, 2.0298 ns/op

WorkloadWarmup   1: 8388608 op, 559678760.00 ns, 66.7189 ns/op
WorkloadWarmup   2: 8388608 op, 533337812.00 ns, 63.5788 ns/op
WorkloadWarmup   3: 8388608 op, 530959573.00 ns, 63.2953 ns/op
WorkloadWarmup   4: 8388608 op, 528820883.00 ns, 63.0404 ns/op
WorkloadWarmup   5: 8388608 op, 524318567.00 ns, 62.5036 ns/op
WorkloadWarmup   6: 8388608 op, 524078492.00 ns, 62.4750 ns/op
WorkloadWarmup   7: 8388608 op, 535946552.00 ns, 63.8898 ns/op
WorkloadWarmup   8: 8388608 op, 525083964.00 ns, 62.5949 ns/op
WorkloadWarmup   9: 8388608 op, 524730869.00 ns, 62.5528 ns/op
WorkloadWarmup  10: 8388608 op, 525447473.00 ns, 62.6382 ns/op
WorkloadWarmup  11: 8388608 op, 523138576.00 ns, 62.3630 ns/op

// BeforeActualRun
WorkloadActual   1: 8388608 op, 526238804.00 ns, 62.7326 ns/op
WorkloadActual   2: 8388608 op, 525601000.00 ns, 62.6565 ns/op
WorkloadActual   3: 8388608 op, 532559129.00 ns, 63.4860 ns/op
WorkloadActual   4: 8388608 op, 532253440.00 ns, 63.4496 ns/op
WorkloadActual   5: 8388608 op, 529409440.00 ns, 63.1105 ns/op
WorkloadActual   6: 8388608 op, 529288240.00 ns, 63.0961 ns/op
WorkloadActual   7: 8388608 op, 527359834.00 ns, 62.8662 ns/op
WorkloadActual   8: 8388608 op, 526464318.00 ns, 62.7594 ns/op
WorkloadActual   9: 8388608 op, 530257533.00 ns, 63.2116 ns/op
WorkloadActual  10: 8388608 op, 528204936.00 ns, 62.9669 ns/op
WorkloadActual  11: 8388608 op, 528289377.00 ns, 62.9770 ns/op
WorkloadActual  12: 8388608 op, 529570979.00 ns, 63.1298 ns/op
WorkloadActual  13: 8388608 op, 526650224.00 ns, 62.7816 ns/op
WorkloadActual  14: 8388608 op, 528387566.00 ns, 62.9887 ns/op
WorkloadActual  15: 8388608 op, 527405525.00 ns, 62.8716 ns/op

// AfterActualRun
WorkloadResult   1: 8388608 op, 509203085.00 ns, 60.7017 ns/op
WorkloadResult   2: 8388608 op, 508565281.00 ns, 60.6257 ns/op
WorkloadResult   3: 8388608 op, 515523410.00 ns, 61.4552 ns/op
WorkloadResult   4: 8388608 op, 515217721.00 ns, 61.4187 ns/op
WorkloadResult   5: 8388608 op, 512373721.00 ns, 61.0797 ns/op
WorkloadResult   6: 8388608 op, 512252521.00 ns, 61.0653 ns/op
WorkloadResult   7: 8388608 op, 510324115.00 ns, 60.8354 ns/op
WorkloadResult   8: 8388608 op, 509428599.00 ns, 60.7286 ns/op
WorkloadResult   9: 8388608 op, 513221814.00 ns, 61.1808 ns/op
WorkloadResult  10: 8388608 op, 511169217.00 ns, 60.9361 ns/op
WorkloadResult  11: 8388608 op, 511253658.00 ns, 60.9462 ns/op
WorkloadResult  12: 8388608 op, 512535260.00 ns, 61.0990 ns/op
WorkloadResult  13: 8388608 op, 509614505.00 ns, 60.7508 ns/op
WorkloadResult  14: 8388608 op, 511351847.00 ns, 60.9579 ns/op
WorkloadResult  15: 8388608 op, 510369806.00 ns, 60.8408 ns/op
// GC:  3 0 0 268435456 8388608
// Threading:  0 0 8388608

// AfterAll
// Benchmark Process 4461 has exited with code 0.

Mean = 60.975 ns, StdErr = 0.064 ns (0.10%), N = 15, StdDev = 0.247 ns
Min = 60.626 ns, Q1 = 60.793 ns, Median = 60.946 ns, Q3 = 61.089 ns, Max = 61.455 ns
IQR = 0.296 ns, LowerFence = 60.349 ns, UpperFence = 61.534 ns
ConfidenceInterval = [60.711 ns; 61.239 ns] (CI 99.9%), Margin = 0.264 ns (0.43% of Mean)
Skewness = 0.52, Kurtosis = 2.19, MValue = 2

// ** Remained 0 (0.0 %) benchmark(s) to run. Estimated finish 2026-09-27 7:27 (0h 0m from now) **
// ***** BenchmarkRunner: Finish  *****

// * Export *
  benchmarks/results/results/EricksonLopez.Security.Benchmarks.SecurityBenchmarks-report.csv
  benchmarks/results/results/EricksonLopez.Security.Benchmarks.SecurityBenchmarks-report-github.md
  benchmarks/results/results/EricksonLopez.Security.Benchmarks.SecurityBenchmarks-report.html
  benchmarks/results/results/EricksonLopez.Security.Benchmarks.SecurityBenchmarks-report-full-compressed.json
  benchmarks/results/results/EricksonLopez.Security.Benchmarks.SecurityBenchmarks-report-default.md

// * Detailed results *
SecurityBenchmarks.'AES-GCM 256-bit Encrypt (Span, Zero-Alloc)': .NET 10.0(Runtime=.NET 10.0, Toolchain=net10.0)
Runtime = .NET 10.0.12 (10.0.12, 10.0.1226.42308), X64 RyuJIT x86-64-v4; GC = Concurrent Workstation
Mean = 2.758 μs, StdErr = 0.002 μs (0.06%), N = 14, StdDev = 0.006 μs
Min = 2.747 μs, Q1 = 2.754 μs, Median = 2.756 μs, Q3 = 2.761 μs, Max = 2.770 μs
IQR = 0.007 μs, LowerFence = 2.743 μs, UpperFence = 2.772 μs
ConfidenceInterval = [2.750 μs; 2.765 μs] (CI 99.9%), Margin = 0.007 μs (0.26% of Mean)
Skewness = 0.18, Kurtosis = 2.19, MValue = 2
-------------------- Histogram --------------------
[2.744 μs ; 2.774 μs) | @@@@@@@@@@@@@@
---------------------------------------------------

SecurityBenchmarks.'AES-GCM 256-bit Encrypt (Span, Zero-Alloc)': .NET 8.0(Runtime=.NET 8.0, Toolchain=net8.0)
Runtime = .NET 8.0.31 (8.0.31, 8.0.3126.42015), X64 RyuJIT x86-64-v4; GC = Concurrent Workstation
Mean = 2.773 μs, StdErr = 0.001 μs (0.05%), N = 14, StdDev = 0.005 μs
Min = 2.767 μs, Q1 = 2.769 μs, Median = 2.772 μs, Q3 = 2.775 μs, Max = 2.786 μs
IQR = 0.007 μs, LowerFence = 2.759 μs, UpperFence = 2.785 μs
ConfidenceInterval = [2.767 μs; 2.779 μs] (CI 99.9%), Margin = 0.006 μs (0.22% of Mean)
Skewness = 0.86, Kurtosis = 2.8, MValue = 2
-------------------- Histogram --------------------
[2.764 μs ; 2.789 μs) | @@@@@@@@@@@@@@
---------------------------------------------------

SecurityBenchmarks.'AES-GCM 256-bit Encrypt (Span, Zero-Alloc)': .NET 9.0(Runtime=.NET 9.0, Toolchain=net9.0)
Runtime = .NET 9.0.20 (9.0.20, 9.0.2026.41315), X64 RyuJIT x86-64-v4; GC = Concurrent Workstation
Mean = 2.772 μs, StdErr = 0.001 μs (0.04%), N = 13, StdDev = 0.004 μs
Min = 2.766 μs, Q1 = 2.769 μs, Median = 2.771 μs, Q3 = 2.776 μs, Max = 2.779 μs
IQR = 0.007 μs, LowerFence = 2.759 μs, UpperFence = 2.787 μs
ConfidenceInterval = [2.767 μs; 2.777 μs] (CI 99.9%), Margin = 0.005 μs (0.19% of Mean)
Skewness = 0.13, Kurtosis = 1.5, MValue = 2
-------------------- Histogram --------------------
[2.763 μs ; 2.781 μs) | @@@@@@@@@@@@@
---------------------------------------------------

SecurityBenchmarks.'AES-GCM 256-bit Decrypt (Span, Zero-Alloc)': .NET 10.0(Runtime=.NET 10.0, Toolchain=net10.0)
Runtime = .NET 10.0.12 (10.0.12, 10.0.1226.42308), X64 RyuJIT x86-64-v4; GC = Concurrent Workstation
Mean = 1.895 μs, StdErr = 0.001 μs (0.05%), N = 13, StdDev = 0.003 μs
Min = 1.888 μs, Q1 = 1.893 μs, Median = 1.895 μs, Q3 = 1.897 μs, Max = 1.900 μs
IQR = 0.004 μs, LowerFence = 1.887 μs, UpperFence = 1.904 μs
ConfidenceInterval = [1.891 μs; 1.899 μs] (CI 99.9%), Margin = 0.004 μs (0.21% of Mean)
Skewness = -0.27, Kurtosis = 2.33, MValue = 2
-------------------- Histogram --------------------
[1.886 μs ; 1.902 μs) | @@@@@@@@@@@@@
---------------------------------------------------

SecurityBenchmarks.'AES-GCM 256-bit Decrypt (Span, Zero-Alloc)': .NET 8.0(Runtime=.NET 8.0, Toolchain=net8.0)
Runtime = .NET 8.0.31 (8.0.31, 8.0.3126.42015), X64 RyuJIT x86-64-v4; GC = Concurrent Workstation
Mean = 1.894 μs, StdErr = 0.001 μs (0.05%), N = 13, StdDev = 0.004 μs
Min = 1.888 μs, Q1 = 1.891 μs, Median = 1.894 μs, Q3 = 1.897 μs, Max = 1.902 μs
IQR = 0.006 μs, LowerFence = 1.883 μs, UpperFence = 1.905 μs
ConfidenceInterval = [1.890 μs; 1.899 μs] (CI 99.9%), Margin = 0.004 μs (0.23% of Mean)
Skewness = 0.39, Kurtosis = 2.52, MValue = 2
-------------------- Histogram --------------------
[1.886 μs ; 1.904 μs) | @@@@@@@@@@@@@
---------------------------------------------------

SecurityBenchmarks.'AES-GCM 256-bit Decrypt (Span, Zero-Alloc)': .NET 9.0(Runtime=.NET 9.0, Toolchain=net9.0)
Runtime = .NET 9.0.20 (9.0.20, 9.0.2026.41315), X64 RyuJIT x86-64-v4; GC = Concurrent Workstation
Mean = 1.910 μs, StdErr = 0.002 μs (0.09%), N = 14, StdDev = 0.006 μs
Min = 1.903 μs, Q1 = 1.905 μs, Median = 1.909 μs, Q3 = 1.912 μs, Max = 1.922 μs
IQR = 0.007 μs, LowerFence = 1.894 μs, UpperFence = 1.924 μs
ConfidenceInterval = [1.903 μs; 1.917 μs] (CI 99.9%), Margin = 0.007 μs (0.37% of Mean)
Skewness = 0.59, Kurtosis = 1.97, MValue = 2
-------------------- Histogram --------------------
[1.899 μs ; 1.925 μs) | @@@@@@@@@@@@@@
---------------------------------------------------

SecurityBenchmarks.'AES-GCM Parallel Concurrent Throughput (100 ops)': .NET 10.0(Runtime=.NET 10.0, Toolchain=net10.0)
Runtime = .NET 10.0.12 (10.0.12, 10.0.1226.42308), X64 RyuJIT x86-64-v4; GC = Concurrent Workstation
Mean = 153.163 μs, StdErr = 0.347 μs (0.23%), N = 15, StdDev = 1.343 μs
Min = 150.890 μs, Q1 = 152.319 μs, Median = 152.978 μs, Q3 = 154.026 μs, Max = 155.533 μs
IQR = 1.707 μs, LowerFence = 149.758 μs, UpperFence = 156.587 μs
ConfidenceInterval = [151.727 μs; 154.598 μs] (CI 99.9%), Margin = 1.435 μs (0.94% of Mean)
Skewness = 0.13, Kurtosis = 1.96, MValue = 2
-------------------- Histogram --------------------
[150.176 μs ; 156.248 μs) | @@@@@@@@@@@@@@@
---------------------------------------------------

SecurityBenchmarks.'AES-GCM Parallel Concurrent Throughput (100 ops)': .NET 8.0(Runtime=.NET 8.0, Toolchain=net8.0)
Runtime = .NET 8.0.31 (8.0.31, 8.0.3126.42015), X64 RyuJIT x86-64-v4; GC = Concurrent Workstation
Mean = 149.945 μs, StdErr = 0.409 μs (0.27%), N = 15, StdDev = 1.583 μs
Min = 147.586 μs, Q1 = 148.706 μs, Median = 150.028 μs, Q3 = 150.779 μs, Max = 153.593 μs
IQR = 2.073 μs, LowerFence = 145.596 μs, UpperFence = 153.888 μs
ConfidenceInterval = [148.252 μs; 151.637 μs] (CI 99.9%), Margin = 1.692 μs (1.13% of Mean)
Skewness = 0.58, Kurtosis = 2.55, MValue = 2
-------------------- Histogram --------------------
[146.744 μs ; 150.732 μs) | @@@@@@@@@@@
[150.732 μs ; 154.436 μs) | @@@@
---------------------------------------------------

SecurityBenchmarks.'AES-GCM Parallel Concurrent Throughput (100 ops)': .NET 9.0(Runtime=.NET 9.0, Toolchain=net9.0)
Runtime = .NET 9.0.20 (9.0.20, 9.0.2026.41315), X64 RyuJIT x86-64-v4; GC = Concurrent Workstation
Mean = 150.814 μs, StdErr = 0.404 μs (0.27%), N = 15, StdDev = 1.566 μs
Min = 149.140 μs, Q1 = 149.861 μs, Median = 150.237 μs, Q3 = 151.588 μs, Max = 154.102 μs
IQR = 1.728 μs, LowerFence = 147.269 μs, UpperFence = 154.180 μs
ConfidenceInterval = [149.140 μs; 152.487 μs] (CI 99.9%), Margin = 1.674 μs (1.11% of Mean)
Skewness = 0.99, Kurtosis = 2.78, MValue = 2
-------------------- Histogram --------------------
[148.307 μs ; 151.424 μs) | @@@@@@@@@@
[151.424 μs ; 154.935 μs) | @@@@@
---------------------------------------------------

SecurityBenchmarks.'PBKDF2-SHA512 Password Hash (10k iters)': .NET 10.0(Runtime=.NET 10.0, Toolchain=net10.0)
Runtime = .NET 10.0.12 (10.0.12, 10.0.1226.42308), X64 RyuJIT x86-64-v4; GC = Concurrent Workstation
Mean = 5.728 ms, StdErr = 0.003 ms (0.05%), N = 15, StdDev = 0.011 ms
Min = 5.709 ms, Q1 = 5.722 ms, Median = 5.727 ms, Q3 = 5.736 ms, Max = 5.743 ms
IQR = 0.013 ms, LowerFence = 5.702 ms, UpperFence = 5.756 ms
ConfidenceInterval = [5.716 ms; 5.739 ms] (CI 99.9%), Margin = 0.011 ms (0.20% of Mean)
Skewness = -0.34, Kurtosis = 1.88, MValue = 2
-------------------- Histogram --------------------
[5.703 ms ; 5.749 ms) | @@@@@@@@@@@@@@@
---------------------------------------------------

SecurityBenchmarks.'PBKDF2-SHA512 Password Hash (10k iters)': .NET 8.0(Runtime=.NET 8.0, Toolchain=net8.0)
Runtime = .NET 8.0.31 (8.0.31, 8.0.3126.42015), X64 RyuJIT x86-64-v4; GC = Concurrent Workstation
Mean = 5.719 ms, StdErr = 0.001 ms (0.03%), N = 12, StdDev = 0.005 ms
Min = 5.711 ms, Q1 = 5.714 ms, Median = 5.720 ms, Q3 = 5.723 ms, Max = 5.728 ms
IQR = 0.009 ms, LowerFence = 5.701 ms, UpperFence = 5.736 ms
ConfidenceInterval = [5.712 ms; 5.726 ms] (CI 99.9%), Margin = 0.007 ms (0.12% of Mean)
Skewness = -0.02, Kurtosis = 1.56, MValue = 2
-------------------- Histogram --------------------
[5.708 ms ; 5.731 ms) | @@@@@@@@@@@@
---------------------------------------------------

SecurityBenchmarks.'PBKDF2-SHA512 Password Hash (10k iters)': .NET 9.0(Runtime=.NET 9.0, Toolchain=net9.0)
Runtime = .NET 9.0.20 (9.0.20, 9.0.2026.41315), X64 RyuJIT x86-64-v4; GC = Concurrent Workstation
Mean = 5.724 ms, StdErr = 0.002 ms (0.03%), N = 13, StdDev = 0.007 ms
Min = 5.710 ms, Q1 = 5.720 ms, Median = 5.723 ms, Q3 = 5.727 ms, Max = 5.736 ms
IQR = 0.007 ms, LowerFence = 5.709 ms, UpperFence = 5.738 ms
ConfidenceInterval = [5.715 ms; 5.732 ms] (CI 99.9%), Margin = 0.009 ms (0.15% of Mean)
Skewness = -0.04, Kurtosis = 2.16, MValue = 2
-------------------- Histogram --------------------
[5.706 ms ; 5.740 ms) | @@@@@@@@@@@@@
---------------------------------------------------

SecurityBenchmarks.'PBKDF2-SHA512 Password Hash (600K iters — PRODUCTION COST)': .NET 10.0(Runtime=.NET 10.0, Toolchain=net10.0)
Runtime = .NET 10.0.12 (10.0.12, 10.0.1226.42308), X64 RyuJIT x86-64-v4; GC = Concurrent Workstation
Mean = 342.721 ms, StdErr = 0.150 ms (0.04%), N = 13, StdDev = 0.539 ms
Min = 342.027 ms, Q1 = 342.188 ms, Median = 342.780 ms, Q3 = 343.084 ms, Max = 343.851 ms
IQR = 0.897 ms, LowerFence = 340.843 ms, UpperFence = 344.429 ms
ConfidenceInterval = [342.075 ms; 343.366 ms] (CI 99.9%), Margin = 0.646 ms (0.19% of Mean)
Skewness = 0.3, Kurtosis = 2.15, MValue = 2
-------------------- Histogram --------------------
[341.726 ms ; 344.152 ms) | @@@@@@@@@@@@@
---------------------------------------------------

SecurityBenchmarks.'PBKDF2-SHA512 Password Hash (600K iters — PRODUCTION COST)': .NET 8.0(Runtime=.NET 8.0, Toolchain=net8.0)
Runtime = .NET 8.0.31 (8.0.31, 8.0.3126.42015), X64 RyuJIT x86-64-v4; GC = Concurrent Workstation
Mean = 342.615 ms, StdErr = 0.147 ms (0.04%), N = 13, StdDev = 0.530 ms
Min = 341.626 ms, Q1 = 342.310 ms, Median = 342.605 ms, Q3 = 343.043 ms, Max = 343.475 ms
IQR = 0.733 ms, LowerFence = 341.210 ms, UpperFence = 344.142 ms
ConfidenceInterval = [341.981 ms; 343.249 ms] (CI 99.9%), Margin = 0.634 ms (0.19% of Mean)
Skewness = -0.17, Kurtosis = 1.9, MValue = 2
-------------------- Histogram --------------------
[341.331 ms ; 343.771 ms) | @@@@@@@@@@@@@
---------------------------------------------------

SecurityBenchmarks.'PBKDF2-SHA512 Password Hash (600K iters — PRODUCTION COST)': .NET 9.0(Runtime=.NET 9.0, Toolchain=net9.0)
Runtime = .NET 9.0.20 (9.0.20, 9.0.2026.41315), X64 RyuJIT x86-64-v4; GC = Concurrent Workstation
Mean = 342.248 ms, StdErr = 0.092 ms (0.03%), N = 14, StdDev = 0.345 ms
Min = 341.576 ms, Q1 = 342.108 ms, Median = 342.210 ms, Q3 = 342.297 ms, Max = 342.983 ms
IQR = 0.189 ms, LowerFence = 341.825 ms, UpperFence = 342.581 ms
ConfidenceInterval = [341.859 ms; 342.638 ms] (CI 99.9%), Margin = 0.389 ms (0.11% of Mean)
Skewness = 0.27, Kurtosis = 2.9, MValue = 2
-------------------- Histogram --------------------
[341.388 ms ; 343.171 ms) | @@@@@@@@@@@@@@
---------------------------------------------------

SecurityBenchmarks.'LegacyPbkdf2 Password Hash (Fast Config)': .NET 10.0(Runtime=.NET 10.0, Toolchain=net10.0)
Runtime = .NET 10.0.12 (10.0.12, 10.0.1226.42308), X64 RyuJIT x86-64-v4; GC = Concurrent Workstation
Mean = 40.205 ms, StdErr = 0.067 ms (0.17%), N = 13, StdDev = 0.242 ms
Min = 39.941 ms, Q1 = 40.052 ms, Median = 40.147 ms, Q3 = 40.308 ms, Max = 40.845 ms
IQR = 0.256 ms, LowerFence = 39.669 ms, UpperFence = 40.691 ms
ConfidenceInterval = [39.915 ms; 40.494 ms] (CI 99.9%), Margin = 0.290 ms (0.72% of Mean)
Skewness = 1.26, Kurtosis = 4.05, MValue = 2
-------------------- Histogram --------------------
[39.806 ms ; 40.980 ms) | @@@@@@@@@@@@@
---------------------------------------------------

SecurityBenchmarks.'LegacyPbkdf2 Password Hash (Fast Config)': .NET 8.0(Runtime=.NET 8.0, Toolchain=net8.0)
Runtime = .NET 8.0.31 (8.0.31, 8.0.3126.42015), X64 RyuJIT x86-64-v4; GC = Concurrent Workstation
Mean = 40.065 ms, StdErr = 0.027 ms (0.07%), N = 12, StdDev = 0.095 ms
Min = 39.940 ms, Q1 = 39.980 ms, Median = 40.082 ms, Q3 = 40.109 ms, Max = 40.272 ms
IQR = 0.128 ms, LowerFence = 39.788 ms, UpperFence = 40.301 ms
ConfidenceInterval = [39.944 ms; 40.186 ms] (CI 99.9%), Margin = 0.121 ms (0.30% of Mean)
Skewness = 0.44, Kurtosis = 2.53, MValue = 2
-------------------- Histogram --------------------
[39.886 ms ; 40.326 ms) | @@@@@@@@@@@@
---------------------------------------------------

SecurityBenchmarks.'LegacyPbkdf2 Password Hash (Fast Config)': .NET 9.0(Runtime=.NET 9.0, Toolchain=net9.0)
Runtime = .NET 9.0.20 (9.0.20, 9.0.2026.41315), X64 RyuJIT x86-64-v4; GC = Concurrent Workstation
Mean = 40.176 ms, StdErr = 0.037 ms (0.09%), N = 14, StdDev = 0.140 ms
Min = 39.977 ms, Q1 = 40.089 ms, Median = 40.202 ms, Q3 = 40.254 ms, Max = 40.481 ms
IQR = 0.166 ms, LowerFence = 39.840 ms, UpperFence = 40.503 ms
ConfidenceInterval = [40.018 ms; 40.333 ms] (CI 99.9%), Margin = 0.157 ms (0.39% of Mean)
Skewness = 0.19, Kurtosis = 2.54, MValue = 2
-------------------- Histogram --------------------
[39.901 ms ; 40.557 ms) | @@@@@@@@@@@@@@
---------------------------------------------------

SecurityBenchmarks.'CompositePasswordHasher Verify & Rehash Check': .NET 10.0(Runtime=.NET 10.0, Toolchain=net10.0)
Runtime = .NET 10.0.12 (10.0.12, 10.0.1226.42308), X64 RyuJIT x86-64-v4; GC = Concurrent Workstation
Mean = 5.722 ms, StdErr = 0.002 ms (0.03%), N = 14, StdDev = 0.007 ms
Min = 5.711 ms, Q1 = 5.718 ms, Median = 5.723 ms, Q3 = 5.726 ms, Max = 5.733 ms
IQR = 0.009 ms, LowerFence = 5.705 ms, UpperFence = 5.739 ms
ConfidenceInterval = [5.714 ms; 5.729 ms] (CI 99.9%), Margin = 0.008 ms (0.13% of Mean)
Skewness = -0.04, Kurtosis = 1.76, MValue = 2
-------------------- Histogram --------------------
[5.707 ms ; 5.737 ms) | @@@@@@@@@@@@@@
---------------------------------------------------

SecurityBenchmarks.'CompositePasswordHasher Verify & Rehash Check': .NET 8.0(Runtime=.NET 8.0, Toolchain=net8.0)
Runtime = .NET 8.0.31 (8.0.31, 8.0.3126.42015), X64 RyuJIT x86-64-v4; GC = Concurrent Workstation
Mean = 5.721 ms, StdErr = 0.003 ms (0.05%), N = 15, StdDev = 0.012 ms
Min = 5.708 ms, Q1 = 5.712 ms, Median = 5.715 ms, Q3 = 5.731 ms, Max = 5.744 ms
IQR = 0.020 ms, LowerFence = 5.682 ms, UpperFence = 5.761 ms
ConfidenceInterval = [5.709 ms; 5.734 ms] (CI 99.9%), Margin = 0.013 ms (0.22% of Mean)
Skewness = 0.49, Kurtosis = 1.58, MValue = 2
-------------------- Histogram --------------------
[5.702 ms ; 5.750 ms) | @@@@@@@@@@@@@@@
---------------------------------------------------

SecurityBenchmarks.'CompositePasswordHasher Verify & Rehash Check': .NET 9.0(Runtime=.NET 9.0, Toolchain=net9.0)
Runtime = .NET 9.0.20 (9.0.20, 9.0.2026.41315), X64 RyuJIT x86-64-v4; GC = Concurrent Workstation
Mean = 5.726 ms, StdErr = 0.002 ms (0.03%), N = 15, StdDev = 0.008 ms
Min = 5.711 ms, Q1 = 5.720 ms, Median = 5.727 ms, Q3 = 5.730 ms, Max = 5.737 ms
IQR = 0.010 ms, LowerFence = 5.705 ms, UpperFence = 5.746 ms
ConfidenceInterval = [5.718 ms; 5.734 ms] (CI 99.9%), Margin = 0.008 ms (0.14% of Mean)
Skewness = -0.25, Kurtosis = 1.85, MValue = 2
-------------------- Histogram --------------------
[5.707 ms ; 5.741 ms) | @@@@@@@@@@@@@@@
---------------------------------------------------

SecurityBenchmarks.'SecurityEnvelope Serialize (Span, Zero-Alloc)': .NET 10.0(Runtime=.NET 10.0, Toolchain=net10.0)
Runtime = .NET 10.0.12 (10.0.12, 10.0.1226.42308), X64 RyuJIT x86-64-v4; GC = Concurrent Workstation
Mean = 25.783 ns, StdErr = 0.007 ns (0.03%), N = 13, StdDev = 0.024 ns
Min = 25.751 ns, Q1 = 25.767 ns, Median = 25.780 ns, Q3 = 25.795 ns, Max = 25.836 ns
IQR = 0.028 ns, LowerFence = 25.726 ns, UpperFence = 25.836 ns
ConfidenceInterval = [25.755 ns; 25.812 ns] (CI 99.9%), Margin = 0.029 ns (0.11% of Mean)
Skewness = 0.59, Kurtosis = 2.48, MValue = 2
-------------------- Histogram --------------------
[25.737 ns ; 25.850 ns) | @@@@@@@@@@@@@
---------------------------------------------------

SecurityBenchmarks.'SecurityEnvelope Serialize (Span, Zero-Alloc)': .NET 8.0(Runtime=.NET 8.0, Toolchain=net8.0)
Runtime = .NET 8.0.31 (8.0.31, 8.0.3126.42015), X64 RyuJIT x86-64-v4; GC = Concurrent Workstation
Mean = 28.686 ns, StdErr = 0.007 ns (0.03%), N = 13, StdDev = 0.026 ns
Min = 28.661 ns, Q1 = 28.669 ns, Median = 28.678 ns, Q3 = 28.693 ns, Max = 28.756 ns
IQR = 0.024 ns, LowerFence = 28.633 ns, UpperFence = 28.729 ns
ConfidenceInterval = [28.654 ns; 28.717 ns] (CI 99.9%), Margin = 0.031 ns (0.11% of Mean)
Skewness = 1.45, Kurtosis = 4.24, MValue = 2
-------------------- Histogram --------------------
[28.646 ns ; 28.771 ns) | @@@@@@@@@@@@@
---------------------------------------------------

SecurityBenchmarks.'SecurityEnvelope Serialize (Span, Zero-Alloc)': .NET 9.0(Runtime=.NET 9.0, Toolchain=net9.0)
Runtime = .NET 9.0.20 (9.0.20, 9.0.2026.41315), X64 RyuJIT x86-64-v4; GC = Concurrent Workstation
Mean = 26.920 ns, StdErr = 0.012 ns (0.04%), N = 12, StdDev = 0.040 ns
Min = 26.861 ns, Q1 = 26.898 ns, Median = 26.926 ns, Q3 = 26.937 ns, Max = 27.003 ns
IQR = 0.039 ns, LowerFence = 26.839 ns, UpperFence = 26.997 ns
ConfidenceInterval = [26.868 ns; 26.972 ns] (CI 99.9%), Margin = 0.052 ns (0.19% of Mean)
Skewness = 0.14, Kurtosis = 2.37, MValue = 2
-------------------- Histogram --------------------
[26.838 ns ; 27.026 ns) | @@@@@@@@@@@@
---------------------------------------------------

SecurityBenchmarks.'SecurityEnvelope Deserialize (Span)': .NET 10.0(Runtime=.NET 10.0, Toolchain=net10.0)
Runtime = .NET 10.0.12 (10.0.12, 10.0.1226.42308), X64 RyuJIT x86-64-v4; GC = Concurrent Workstation
Mean = 75.355 ns, StdErr = 0.055 ns (0.07%), N = 15, StdDev = 0.211 ns
Min = 75.041 ns, Q1 = 75.172 ns, Median = 75.346 ns, Q3 = 75.463 ns, Max = 75.786 ns
IQR = 0.291 ns, LowerFence = 74.735 ns, UpperFence = 75.900 ns
ConfidenceInterval = [75.130 ns; 75.581 ns] (CI 99.9%), Margin = 0.226 ns (0.30% of Mean)
Skewness = 0.3, Kurtosis = 2.08, MValue = 2
-------------------- Histogram --------------------
[74.928 ns ; 75.899 ns) | @@@@@@@@@@@@@@@
---------------------------------------------------

SecurityBenchmarks.'SecurityEnvelope Deserialize (Span)': .NET 8.0(Runtime=.NET 8.0, Toolchain=net8.0)
Runtime = .NET 8.0.31 (8.0.31, 8.0.3126.42015), X64 RyuJIT x86-64-v4; GC = Concurrent Workstation
Mean = 86.309 ns, StdErr = 0.192 ns (0.22%), N = 13, StdDev = 0.693 ns
Min = 85.261 ns, Q1 = 85.728 ns, Median = 86.220 ns, Q3 = 86.947 ns, Max = 87.250 ns
IQR = 1.220 ns, LowerFence = 83.898 ns, UpperFence = 88.777 ns
ConfidenceInterval = [85.479 ns; 87.139 ns] (CI 99.9%), Margin = 0.830 ns (0.96% of Mean)
Skewness = -0.05, Kurtosis = 1.49, MValue = 2
-------------------- Histogram --------------------
[84.874 ns ; 87.637 ns) | @@@@@@@@@@@@@
---------------------------------------------------

SecurityBenchmarks.'SecurityEnvelope Deserialize (Span)': .NET 9.0(Runtime=.NET 9.0, Toolchain=net9.0)
Runtime = .NET 9.0.20 (9.0.20, 9.0.2026.41315), X64 RyuJIT x86-64-v4; GC = Concurrent Workstation
Mean = 85.242 ns, StdErr = 0.113 ns (0.13%), N = 14, StdDev = 0.423 ns
Min = 84.656 ns, Q1 = 84.871 ns, Median = 85.351 ns, Q3 = 85.526 ns, Max = 86.004 ns
IQR = 0.655 ns, LowerFence = 83.889 ns, UpperFence = 86.508 ns
ConfidenceInterval = [84.765 ns; 85.719 ns] (CI 99.9%), Margin = 0.477 ns (0.56% of Mean)
Skewness = 0, Kurtosis = 1.61, MValue = 2
-------------------- Histogram --------------------
[84.595 ns ; 86.234 ns) | @@@@@@@@@@@@@@
---------------------------------------------------

SecurityBenchmarks.'ConstantTime FixedTimeEquals (32 bytes)': .NET 10.0(Runtime=.NET 10.0, Toolchain=net10.0)
Runtime = .NET 10.0.12 (10.0.12, 10.0.1226.42308), X64 RyuJIT x86-64-v4; GC = Concurrent Workstation
Mean = 151.329 ns, StdErr = 0.216 ns (0.14%), N = 15, StdDev = 0.835 ns
Min = 149.785 ns, Q1 = 150.629 ns, Median = 151.381 ns, Q3 = 151.931 ns, Max = 152.680 ns
IQR = 1.302 ns, LowerFence = 148.677 ns, UpperFence = 153.884 ns
ConfidenceInterval = [150.437 ns; 152.222 ns] (CI 99.9%), Margin = 0.892 ns (0.59% of Mean)
Skewness = -0.05, Kurtosis = 1.83, MValue = 2
-------------------- Histogram --------------------
[149.341 ns ; 152.903 ns) | @@@@@@@@@@@@@@@
---------------------------------------------------

SecurityBenchmarks.'ConstantTime FixedTimeEquals (32 bytes)': .NET 8.0(Runtime=.NET 8.0, Toolchain=net8.0)
Runtime = .NET 8.0.31 (8.0.31, 8.0.3126.42015), X64 RyuJIT x86-64-v4; GC = Concurrent Workstation
Mean = 171.367 ns, StdErr = 0.329 ns (0.19%), N = 14, StdDev = 1.230 ns
Min = 168.464 ns, Q1 = 171.009 ns, Median = 171.603 ns, Q3 = 172.074 ns, Max = 173.016 ns
IQR = 1.065 ns, LowerFence = 169.411 ns, UpperFence = 173.671 ns
ConfidenceInterval = [169.979 ns; 172.755 ns] (CI 99.9%), Margin = 1.388 ns (0.81% of Mean)
Skewness = -0.88, Kurtosis = 2.95, MValue = 2
-------------------- Histogram --------------------
[167.794 ns ; 173.266 ns) | @@@@@@@@@@@@@@
---------------------------------------------------

SecurityBenchmarks.'ConstantTime FixedTimeEquals (32 bytes)': .NET 9.0(Runtime=.NET 9.0, Toolchain=net9.0)
Runtime = .NET 9.0.20 (9.0.20, 9.0.2026.41315), X64 RyuJIT x86-64-v4; GC = Concurrent Workstation
Mean = 141.152 ns, StdErr = 0.082 ns (0.06%), N = 15, StdDev = 0.316 ns
Min = 140.418 ns, Q1 = 140.968 ns, Median = 141.219 ns, Q3 = 141.317 ns, Max = 141.624 ns
IQR = 0.349 ns, LowerFence = 140.444 ns, UpperFence = 141.841 ns
ConfidenceInterval = [140.814 ns; 141.489 ns] (CI 99.9%), Margin = 0.338 ns (0.24% of Mean)
Skewness = -0.6, Kurtosis = 2.73, MValue = 2
-------------------- Histogram --------------------
[140.250 ns ; 141.792 ns) | @@@@@@@@@@@@@@@
---------------------------------------------------

SecurityBenchmarks.'Token Generation (URL-Safe 32 bytes)': .NET 10.0(Runtime=.NET 10.0, Toolchain=net10.0)
Runtime = .NET 10.0.12 (10.0.12, 10.0.1226.42308), X64 RyuJIT x86-64-v4; GC = Concurrent Workstation
Mean = 945.976 ns, StdErr = 0.865 ns (0.09%), N = 15, StdDev = 3.349 ns
Min = 941.378 ns, Q1 = 943.429 ns, Median = 946.500 ns, Q3 = 948.020 ns, Max = 953.671 ns
IQR = 4.590 ns, LowerFence = 936.544 ns, UpperFence = 954.905 ns
ConfidenceInterval = [942.395 ns; 949.556 ns] (CI 99.9%), Margin = 3.580 ns (0.38% of Mean)
Skewness = 0.49, Kurtosis = 2.48, MValue = 2
-------------------- Histogram --------------------
[939.596 ns ; 955.453 ns) | @@@@@@@@@@@@@@@
---------------------------------------------------

SecurityBenchmarks.'Token Generation (URL-Safe 32 bytes)': .NET 8.0(Runtime=.NET 8.0, Toolchain=net8.0)
Runtime = .NET 8.0.31 (8.0.31, 8.0.3126.42015), X64 RyuJIT x86-64-v4; GC = Concurrent Workstation
Mean = 947.532 ns, StdErr = 1.218 ns (0.13%), N = 14, StdDev = 4.558 ns
Min = 940.113 ns, Q1 = 945.378 ns, Median = 946.576 ns, Q3 = 949.588 ns, Max = 957.506 ns
IQR = 4.209 ns, LowerFence = 939.064 ns, UpperFence = 955.902 ns
ConfidenceInterval = [942.391 ns; 952.673 ns] (CI 99.9%), Margin = 5.141 ns (0.54% of Mean)
Skewness = 0.43, Kurtosis = 2.58, MValue = 2
-------------------- Histogram --------------------
[937.631 ns ; 959.988 ns) | @@@@@@@@@@@@@@
---------------------------------------------------

SecurityBenchmarks.'Token Generation (URL-Safe 32 bytes)': .NET 9.0(Runtime=.NET 9.0, Toolchain=net9.0)
Runtime = .NET 9.0.20 (9.0.20, 9.0.2026.41315), X64 RyuJIT x86-64-v4; GC = Concurrent Workstation
Mean = 943.358 ns, StdErr = 0.516 ns (0.05%), N = 15, StdDev = 1.997 ns
Min = 939.170 ns, Q1 = 942.721 ns, Median = 943.616 ns, Q3 = 944.928 ns, Max = 946.318 ns
IQR = 2.207 ns, LowerFence = 939.411 ns, UpperFence = 948.237 ns
ConfidenceInterval = [941.223 ns; 945.493 ns] (CI 99.9%), Margin = 2.135 ns (0.23% of Mean)
Skewness = -0.55, Kurtosis = 2.27, MValue = 2
-------------------- Histogram --------------------
[938.107 ns ; 947.381 ns) | @@@@@@@@@@@@@@@
---------------------------------------------------

SecurityBenchmarks.'Token Hash (SHA-256)': .NET 10.0(Runtime=.NET 10.0, Toolchain=net10.0)
Runtime = .NET 10.0.12 (10.0.12, 10.0.1226.42308), X64 RyuJIT x86-64-v4; GC = Concurrent Workstation
Mean = 613.104 ns, StdErr = 0.420 ns (0.07%), N = 13, StdDev = 1.513 ns
Min = 610.118 ns, Q1 = 612.515 ns, Median = 613.044 ns, Q3 = 613.567 ns, Max = 615.612 ns
IQR = 1.052 ns, LowerFence = 610.937 ns, UpperFence = 615.146 ns
ConfidenceInterval = [611.292 ns; 614.915 ns] (CI 99.9%), Margin = 1.812 ns (0.30% of Mean)
Skewness = -0.12, Kurtosis = 2.21, MValue = 2
-------------------- Histogram --------------------
[609.274 ns ; 616.457 ns) | @@@@@@@@@@@@@
---------------------------------------------------

SecurityBenchmarks.'Token Hash (SHA-256)': .NET 8.0(Runtime=.NET 8.0, Toolchain=net8.0)
Runtime = .NET 8.0.31 (8.0.31, 8.0.3126.42015), X64 RyuJIT x86-64-v4; GC = Concurrent Workstation
Mean = 859.362 ns, StdErr = 0.271 ns (0.03%), N = 12, StdDev = 0.938 ns
Min = 857.890 ns, Q1 = 858.751 ns, Median = 859.290 ns, Q3 = 860.051 ns, Max = 860.854 ns
IQR = 1.300 ns, LowerFence = 856.801 ns, UpperFence = 862.001 ns
ConfidenceInterval = [858.160 ns; 860.564 ns] (CI 99.9%), Margin = 1.202 ns (0.14% of Mean)
Skewness = 0.04, Kurtosis = 1.47, MValue = 2
-------------------- Histogram --------------------
[857.352 ns ; 861.392 ns) | @@@@@@@@@@@@
---------------------------------------------------

SecurityBenchmarks.'Token Hash (SHA-256)': .NET 9.0(Runtime=.NET 9.0, Toolchain=net9.0)
Runtime = .NET 9.0.20 (9.0.20, 9.0.2026.41315), X64 RyuJIT x86-64-v4; GC = Concurrent Workstation
Mean = 909.849 ns, StdErr = 0.345 ns (0.04%), N = 13, StdDev = 1.245 ns
Min = 908.159 ns, Q1 = 908.989 ns, Median = 909.489 ns, Q3 = 910.797 ns, Max = 911.870 ns
IQR = 1.807 ns, LowerFence = 906.278 ns, UpperFence = 913.508 ns
ConfidenceInterval = [908.358 ns; 911.339 ns] (CI 99.9%), Margin = 1.490 ns (0.16% of Mean)
Skewness = 0.41, Kurtosis = 1.5, MValue = 2
-------------------- Histogram --------------------
[907.465 ns ; 912.565 ns) | @@@@@@@@@@@@@
---------------------------------------------------

SecurityBenchmarks.'SecretBuffer Allocate & Dispose (ZeroMemory)': .NET 10.0(Runtime=.NET 10.0, Toolchain=net10.0)
Runtime = .NET 10.0.12 (10.0.12, 10.0.1226.42308), X64 RyuJIT x86-64-v4; GC = Concurrent Workstation
Mean = 63.366 ns, StdErr = 0.054 ns (0.09%), N = 15, StdDev = 0.209 ns
Min = 63.076 ns, Q1 = 63.176 ns, Median = 63.420 ns, Q3 = 63.494 ns, Max = 63.697 ns
IQR = 0.318 ns, LowerFence = 62.700 ns, UpperFence = 63.970 ns
ConfidenceInterval = [63.142 ns; 63.590 ns] (CI 99.9%), Margin = 0.224 ns (0.35% of Mean)
Skewness = -0.13, Kurtosis = 1.52, MValue = 2
-------------------- Histogram --------------------
[62.965 ns ; 63.809 ns) | @@@@@@@@@@@@@@@
---------------------------------------------------

SecurityBenchmarks.'SecretBuffer Allocate & Dispose (ZeroMemory)': .NET 8.0(Runtime=.NET 8.0, Toolchain=net8.0)
Runtime = .NET 8.0.31 (8.0.31, 8.0.3126.42015), X64 RyuJIT x86-64-v4; GC = Concurrent Workstation
Mean = 68.327 ns, StdErr = 0.082 ns (0.12%), N = 12, StdDev = 0.286 ns
Min = 67.966 ns, Q1 = 68.111 ns, Median = 68.351 ns, Q3 = 68.491 ns, Max = 68.918 ns
IQR = 0.381 ns, LowerFence = 67.539 ns, UpperFence = 69.063 ns
ConfidenceInterval = [67.961 ns; 68.692 ns] (CI 99.9%), Margin = 0.366 ns (0.54% of Mean)
Skewness = 0.41, Kurtosis = 2.15, MValue = 2
-------------------- Histogram --------------------
[67.802 ns ; 69.081 ns) | @@@@@@@@@@@@
---------------------------------------------------

SecurityBenchmarks.'SecretBuffer Allocate & Dispose (ZeroMemory)': .NET 9.0(Runtime=.NET 9.0, Toolchain=net9.0)
Runtime = .NET 9.0.20 (9.0.20, 9.0.2026.41315), X64 RyuJIT x86-64-v4; GC = Concurrent Workstation
Mean = 60.975 ns, StdErr = 0.064 ns (0.10%), N = 15, StdDev = 0.247 ns
Min = 60.626 ns, Q1 = 60.793 ns, Median = 60.946 ns, Q3 = 61.089 ns, Max = 61.455 ns
IQR = 0.296 ns, LowerFence = 60.349 ns, UpperFence = 61.534 ns
ConfidenceInterval = [60.711 ns; 61.239 ns] (CI 99.9%), Margin = 0.264 ns (0.43% of Mean)
Skewness = 0.52, Kurtosis = 2.19, MValue = 2
-------------------- Histogram --------------------
[60.494 ns ; 61.587 ns) | @@@@@@@@@@@@@@@
---------------------------------------------------

// * Summary *

BenchmarkDotNet v0.15.8, Linux Ubuntu 24.04.5 LTS (Noble Numbat)
INTEL XEON PLATINUM 8573C 2.30GHz, 1 CPU, 4 logical and 2 physical cores
.NET SDK 10.0.401
  [Host]    : .NET 10.0.12 (10.0.12, 10.0.1226.42308), X64 RyuJIT x86-64-v4
  .NET 10.0 : .NET 10.0.12 (10.0.12, 10.0.1226.42308), X64 RyuJIT x86-64-v4
  .NET 8.0  : .NET 8.0.31 (8.0.31, 8.0.3126.42015), X64 RyuJIT x86-64-v4
  .NET 9.0  : .NET 9.0.20 (9.0.20, 9.0.2026.41315), X64 RyuJIT x86-64-v4


| Method                                                       | Job       | Runtime   | Mean              | Error          | StdDev         | Ratio | Gen0   | Allocated | Alloc Ratio |
|------------------------------------------------------------- |---------- |---------- |------------------:|---------------:|---------------:|------:|-------:|----------:|------------:|
| 'AES-GCM 256-bit Encrypt (Span, Zero-Alloc)'                 | .NET 10.0 | .NET 10.0 |       2,757.57 ns |       7.166 ns |       6.352 ns |  0.99 |      - |      64 B |        1.00 |
| 'AES-GCM 256-bit Encrypt (Span, Zero-Alloc)'                 | .NET 8.0  | .NET 8.0  |       2,772.88 ns |       6.097 ns |       5.405 ns |  1.00 |      - |      64 B |        1.00 |
| 'AES-GCM 256-bit Encrypt (Span, Zero-Alloc)'                 | .NET 9.0  | .NET 9.0  |       2,771.79 ns |       5.137 ns |       4.290 ns |  1.00 |      - |      64 B |        1.00 |
|                                                              |           |           |                   |                |                |       |        |           |             |
| 'AES-GCM 256-bit Decrypt (Span, Zero-Alloc)'                 | .NET 10.0 | .NET 10.0 |       1,894.96 ns |       3.979 ns |       3.323 ns |  1.00 |      - |      32 B |        0.50 |
| 'AES-GCM 256-bit Decrypt (Span, Zero-Alloc)'                 | .NET 8.0  | .NET 8.0  |       1,894.39 ns |       4.399 ns |       3.673 ns |  1.00 |      - |      64 B |        1.00 |
| 'AES-GCM 256-bit Decrypt (Span, Zero-Alloc)'                 | .NET 9.0  | .NET 9.0  |       1,910.18 ns |       7.088 ns |       6.284 ns |  1.01 |      - |      64 B |        1.00 |
|                                                              |           |           |                   |                |                |       |        |           |             |
| 'AES-GCM Parallel Concurrent Throughput (100 ops)'           | .NET 10.0 | .NET 10.0 |     153,162.65 ns |   1,435.283 ns |   1,342.564 ns |  1.02 |      - |    8630 B |        1.00 |
| 'AES-GCM Parallel Concurrent Throughput (100 ops)'           | .NET 8.0  | .NET 8.0  |     149,944.70 ns |   1,692.403 ns |   1,583.075 ns |  1.00 |      - |    8623 B |        1.00 |
| 'AES-GCM Parallel Concurrent Throughput (100 ops)'           | .NET 9.0  | .NET 9.0  |     150,813.64 ns |   1,673.615 ns |   1,565.501 ns |  1.01 |      - |    8626 B |        1.00 |
|                                                              |           |           |                   |                |                |       |        |           |             |
| 'PBKDF2-SHA512 Password Hash (10k iters)'                    | .NET 10.0 | .NET 10.0 |   5,727,896.91 ns |  11,409.037 ns |  10,672.020 ns |  1.00 |      - |     464 B |        0.92 |
| 'PBKDF2-SHA512 Password Hash (10k iters)'                    | .NET 8.0  | .NET 8.0  |   5,719,028.73 ns |   6,628.531 ns |   5,175.121 ns |  1.00 |      - |     504 B |        1.00 |
| 'PBKDF2-SHA512 Password Hash (10k iters)'                    | .NET 9.0  | .NET 9.0  |   5,723,626.99 ns |   8,573.632 ns |   7,159.371 ns |  1.00 |      - |     464 B |        0.92 |
|                                                              |           |           |                   |                |                |       |        |           |             |
| 'PBKDF2-SHA512 Password Hash (600K iters — PRODUCTION COST)' | .NET 10.0 | .NET 10.0 | 342,720,828.31 ns | 645,598.852 ns | 539,104.281 ns |  1.00 |      - |     504 B |        1.00 |
| 'PBKDF2-SHA512 Password Hash (600K iters — PRODUCTION COST)' | .NET 8.0  | .NET 8.0  | 342,614,953.46 ns | 634,448.802 ns | 529,793.484 ns |  1.00 |      - |     504 B |        1.00 |
| 'PBKDF2-SHA512 Password Hash (600K iters — PRODUCTION COST)' | .NET 9.0  | .NET 9.0  | 342,248,278.64 ns | 389,330.958 ns | 345,131.754 ns |  1.00 |      - |     504 B |        1.00 |
|                                                              |           |           |                   |                |                |       |        |           |             |
| 'LegacyPbkdf2 Password Hash (Fast Config)'                   | .NET 10.0 | .NET 10.0 |  40,204,747.47 ns | 289,743.058 ns | 241,948.576 ns |  1.00 |      - |     416 B |        0.91 |
| 'LegacyPbkdf2 Password Hash (Fast Config)'                   | .NET 8.0  | .NET 8.0  |  40,064,867.49 ns | 121,149.202 ns |  94,585.328 ns |  1.00 |      - |     456 B |        1.00 |
| 'LegacyPbkdf2 Password Hash (Fast Config)'                   | .NET 9.0  | .NET 9.0  |  40,175,666.29 ns | 157,403.567 ns | 139,534.162 ns |  1.00 |      - |     416 B |        0.91 |
|                                                              |           |           |                   |                |                |       |        |           |             |
| 'CompositePasswordHasher Verify & Rehash Check'              | .NET 10.0 | .NET 10.0 |   5,721,806.34 ns |   7,607.984 ns |   6,744.279 ns |  1.00 |      - |     464 B |        1.00 |
| 'CompositePasswordHasher Verify & Rehash Check'              | .NET 8.0  | .NET 8.0  |   5,721,481.61 ns |  12,819.822 ns |  11,991.669 ns |  1.00 |      - |     464 B |        1.00 |
| 'CompositePasswordHasher Verify & Rehash Check'              | .NET 9.0  | .NET 9.0  |   5,725,853.63 ns |   8,242.010 ns |   7,709.581 ns |  1.00 |      - |     464 B |        1.00 |
|                                                              |           |           |                   |                |                |       |        |           |             |
| 'SecurityEnvelope Serialize (Span, Zero-Alloc)'              | .NET 10.0 | .NET 10.0 |          25.78 ns |       0.029 ns |       0.024 ns |  0.90 |      - |         - |          NA |
| 'SecurityEnvelope Serialize (Span, Zero-Alloc)'              | .NET 8.0  | .NET 8.0  |          28.69 ns |       0.031 ns |       0.026 ns |  1.00 |      - |         - |          NA |
| 'SecurityEnvelope Serialize (Span, Zero-Alloc)'              | .NET 9.0  | .NET 9.0  |          26.92 ns |       0.052 ns |       0.040 ns |  0.94 |      - |         - |          NA |
|                                                              |           |           |                   |                |                |       |        |           |             |
| 'SecurityEnvelope Deserialize (Span)'                        | .NET 10.0 | .NET 10.0 |          75.36 ns |       0.226 ns |       0.211 ns |  0.87 | 0.0056 |     472 B |        1.00 |
| 'SecurityEnvelope Deserialize (Span)'                        | .NET 8.0  | .NET 8.0  |          86.31 ns |       0.830 ns |       0.693 ns |  1.00 | 0.0056 |     472 B |        1.00 |
| 'SecurityEnvelope Deserialize (Span)'                        | .NET 9.0  | .NET 9.0  |          85.24 ns |       0.477 ns |       0.423 ns |  0.99 | 0.0056 |     472 B |        1.00 |
|                                                              |           |           |                   |                |                |       |        |           |             |
| 'ConstantTime FixedTimeEquals (32 bytes)'                    | .NET 10.0 | .NET 10.0 |         151.33 ns |       0.892 ns |       0.835 ns |  0.88 |      - |         - |          NA |
| 'ConstantTime FixedTimeEquals (32 bytes)'                    | .NET 8.0  | .NET 8.0  |         171.37 ns |       1.388 ns |       1.230 ns |  1.00 |      - |         - |          NA |
| 'ConstantTime FixedTimeEquals (32 bytes)'                    | .NET 9.0  | .NET 9.0  |         141.15 ns |       0.338 ns |       0.316 ns |  0.82 |      - |         - |          NA |
|                                                              |           |           |                   |                |                |       |        |           |             |
| 'Token Generation (URL-Safe 32 bytes)'                       | .NET 10.0 | .NET 10.0 |         945.98 ns |       3.580 ns |       3.349 ns |  1.00 | 0.0038 |     388 B |        1.00 |
| 'Token Generation (URL-Safe 32 bytes)'                       | .NET 8.0  | .NET 8.0  |         947.53 ns |       5.141 ns |       4.558 ns |  1.00 | 0.0038 |     388 B |        1.00 |
| 'Token Generation (URL-Safe 32 bytes)'                       | .NET 9.0  | .NET 9.0  |         943.36 ns |       2.135 ns |       1.997 ns |  1.00 | 0.0038 |     388 B |        1.00 |
|                                                              |           |           |                   |                |                |       |        |           |             |
| 'Token Hash (SHA-256)'                                       | .NET 10.0 | .NET 10.0 |         613.10 ns |       1.812 ns |       1.513 ns |  0.71 | 0.0019 |     184 B |        1.00 |
| 'Token Hash (SHA-256)'                                       | .NET 8.0  | .NET 8.0  |         859.36 ns |       1.202 ns |       0.938 ns |  1.00 | 0.0019 |     184 B |        1.00 |
| 'Token Hash (SHA-256)'                                       | .NET 9.0  | .NET 9.0  |         909.85 ns |       1.490 ns |       1.245 ns |  1.06 | 0.0019 |     184 B |        1.00 |
|                                                              |           |           |                   |                |                |       |        |           |             |
| 'SecretBuffer Allocate & Dispose (ZeroMemory)'               | .NET 10.0 | .NET 10.0 |          63.37 ns |       0.224 ns |       0.209 ns |  0.93 | 0.0004 |      32 B |        1.00 |
| 'SecretBuffer Allocate & Dispose (ZeroMemory)'               | .NET 8.0  | .NET 8.0  |          68.33 ns |       0.366 ns |       0.286 ns |  1.00 | 0.0004 |      32 B |        1.00 |
| 'SecretBuffer Allocate & Dispose (ZeroMemory)'               | .NET 9.0  | .NET 9.0  |          60.97 ns |       0.264 ns |       0.247 ns |  0.89 | 0.0004 |      32 B |        1.00 |

// * Hints *
Outliers
  SecurityBenchmarks.'AES-GCM 256-bit Encrypt (Span, Zero-Alloc)': .NET 10.0                 -> 1 outlier  was  removed (2.86 μs)
  SecurityBenchmarks.'AES-GCM 256-bit Encrypt (Span, Zero-Alloc)': .NET 8.0                  -> 1 outlier  was  removed (2.79 μs)
  SecurityBenchmarks.'AES-GCM 256-bit Encrypt (Span, Zero-Alloc)': .NET 9.0                  -> 2 outliers were removed (2.79 μs, 2.90 μs)
  SecurityBenchmarks.'AES-GCM 256-bit Decrypt (Span, Zero-Alloc)': .NET 10.0                 -> 2 outliers were removed (1.92 μs, 1.92 μs)
  SecurityBenchmarks.'AES-GCM 256-bit Decrypt (Span, Zero-Alloc)': .NET 8.0                  -> 2 outliers were removed (1.91 μs, 1.93 μs)
  SecurityBenchmarks.'AES-GCM 256-bit Decrypt (Span, Zero-Alloc)': .NET 9.0                  -> 1 outlier  was  removed (1.94 μs)
  SecurityBenchmarks.'PBKDF2-SHA512 Password Hash (10k iters)': .NET 8.0                     -> 3 outliers were removed (5.74 ms..5.78 ms)
  SecurityBenchmarks.'PBKDF2-SHA512 Password Hash (10k iters)': .NET 9.0                     -> 2 outliers were removed (5.75 ms, 5.76 ms)
  SecurityBenchmarks.'PBKDF2-SHA512 Password Hash (600K iters — PRODUCTION COST)': .NET 10.0 -> 2 outliers were removed (345.30 ms, 354.14 ms)
  SecurityBenchmarks.'PBKDF2-SHA512 Password Hash (600K iters — PRODUCTION COST)': .NET 8.0  -> 2 outliers were removed (345.05 ms, 368.26 ms)
  SecurityBenchmarks.'PBKDF2-SHA512 Password Hash (600K iters — PRODUCTION COST)': .NET 9.0  -> 1 outlier  was  removed, 2 outliers were detected (341.58 ms, 343.50 ms)
  SecurityBenchmarks.'LegacyPbkdf2 Password Hash (Fast Config)': .NET 10.0                   -> 2 outliers were removed (41.62 ms, 42.29 ms)
  SecurityBenchmarks.'LegacyPbkdf2 Password Hash (Fast Config)': .NET 8.0                    -> 3 outliers were removed (41.03 ms..42.58 ms)
  SecurityBenchmarks.'LegacyPbkdf2 Password Hash (Fast Config)': .NET 9.0                    -> 1 outlier  was  removed (41.39 ms)
  SecurityBenchmarks.'CompositePasswordHasher Verify & Rehash Check': .NET 10.0              -> 1 outlier  was  removed (5.74 ms)
  SecurityBenchmarks.'SecurityEnvelope Serialize (Span, Zero-Alloc)': .NET 10.0              -> 2 outliers were removed (28.01 ns, 28.04 ns)
  SecurityBenchmarks.'SecurityEnvelope Serialize (Span, Zero-Alloc)': .NET 8.0               -> 2 outliers were removed (31.06 ns, 31.22 ns)
  SecurityBenchmarks.'SecurityEnvelope Serialize (Span, Zero-Alloc)': .NET 9.0               -> 3 outliers were removed (29.36 ns..29.84 ns)
  SecurityBenchmarks.'SecurityEnvelope Deserialize (Span)': .NET 8.0                         -> 2 outliers were removed (91.09 ns, 91.63 ns)
  SecurityBenchmarks.'SecurityEnvelope Deserialize (Span)': .NET 9.0                         -> 1 outlier  was  removed (89.51 ns)
  SecurityBenchmarks.'ConstantTime FixedTimeEquals (32 bytes)': .NET 8.0                     -> 1 outlier  was  removed, 2 outliers were detected (171.68 ns, 176.93 ns)
  SecurityBenchmarks.'ConstantTime FixedTimeEquals (32 bytes)': .NET 9.0                     -> 1 outlier  was  detected (143.38 ns)
  SecurityBenchmarks.'Token Generation (URL-Safe 32 bytes)': .NET 8.0                        -> 1 outlier  was  removed (984.78 ns)
  SecurityBenchmarks.'Token Generation (URL-Safe 32 bytes)': .NET 9.0                        -> 1 outlier  was  detected (944.10 ns)
  SecurityBenchmarks.'Token Hash (SHA-256)': .NET 10.0                                       -> 2 outliers were removed (624.10 ns, 625.89 ns)
  SecurityBenchmarks.'Token Hash (SHA-256)': .NET 8.0                                        -> 3 outliers were removed (870.99 ns..891.48 ns)
  SecurityBenchmarks.'Token Hash (SHA-256)': .NET 9.0                                        -> 2 outliers were removed (922.60 ns, 925.77 ns)
  SecurityBenchmarks.'SecretBuffer Allocate & Dispose (ZeroMemory)': .NET 8.0                -> 3 outliers were removed (71.90 ns..74.78 ns)

// * Legends *
  Mean        : Arithmetic mean of all measurements
  Error       : Half of 99.9% confidence interval
  StdDev      : Standard deviation of all measurements
  Ratio       : Mean of the ratio distribution ([Current]/[Baseline])
  Gen0        : GC Generation 0 collects per 1000 operations
  Allocated   : Allocated memory per single operation (managed only, inclusive, 1KB = 1024B)
  Alloc Ratio : Allocated memory ratio distribution ([Current]/[Baseline])
  1 ns        : 1 Nanosecond (0.000000001 sec)

// * Diagnostic Output - MemoryDiagnoser *


// ***** BenchmarkRunner: End *****
Run time: 00:12:00 (720.01 sec), executed benchmarks: 39

Global total time: 00:12:30 (750.8 sec), executed benchmarks: 39
// * Artifacts cleanup *
Artifacts cleanup is finished
