// Validating benchmarks:
// ***** BenchmarkRunner: Start   *****
// ***** Found 39 benchmark(s) in total *****
// ***** Building 3 exe(s) in Parallel: Start   *****
// ***** Done, took 00:00:43 (43.52 sec)   *****
// Found 39 benchmarks:
//   SecurityBenchmarks.'AES-GCM 256-bit Encrypt (Span, Zero-Alloc)': .NET 10.0(Runtime=.NET 10.0, Toolchain=net10.0)
//   SecurityBenchmarks.'AES-GCM 256-bit Decrypt (Span, Zero-Alloc)': .NET 10.0(Runtime=.NET 10.0, Toolchain=net10.0)
//   SecurityBenchmarks.'AES-GCM Parallel Concurrent Throughput (100 ops)': .NET 10.0(Runtime=.NET 10.0, Toolchain=net10.0)
//   SecurityBenchmarks.'PBKDF2-SHA512 Password Hash (10k iters)': .NET 10.0(Runtime=.NET 10.0, Toolchain=net10.0)
//   SecurityBenchmarks.'PBKDF2-SHA512 Password Hash (600K iters — PRODUCTION COST)': .NET 10.0(Runtime=.NET 10.0, Toolchain=net10.0)
//   SecurityBenchmarks.'LegacyPbkdf2 Password Hash (Fast Config)': .NET 10.0(Runtime=.NET 10.0, Toolchain=net10.0)
//   SecurityBenchmarks.'CompositePasswordHasher Verify & Rehash Check': .NET 10.0(Runtime=.NET 10.0, Toolchain=net10.0)
//   SecurityBenchmarks.'SecurityEnvelope Serialize (Span, Zero-Alloc)': .NET 10.0(Runtime=.NET 10.0, Toolchain=net10.0)
//   SecurityBenchmarks.'SecurityEnvelope Deserialize (Span)': .NET 10.0(Runtime=.NET 10.0, Toolchain=net10.0)
//   SecurityBenchmarks.'ConstantTime FixedTimeEquals (32 bytes)': .NET 10.0(Runtime=.NET 10.0, Toolchain=net10.0)
//   SecurityBenchmarks.'Token Generation (URL-Safe 32 bytes)': .NET 10.0(Runtime=.NET 10.0, Toolchain=net10.0)
//   SecurityBenchmarks.'Token Hash (SHA-256)': .NET 10.0(Runtime=.NET 10.0, Toolchain=net10.0)
//   SecurityBenchmarks.'SecretBuffer Allocate & Dispose (ZeroMemory)': .NET 10.0(Runtime=.NET 10.0, Toolchain=net10.0)
//   SecurityBenchmarks.'AES-GCM 256-bit Encrypt (Span, Zero-Alloc)': .NET 8.0(Runtime=.NET 8.0, Toolchain=net8.0)
//   SecurityBenchmarks.'AES-GCM 256-bit Decrypt (Span, Zero-Alloc)': .NET 8.0(Runtime=.NET 8.0, Toolchain=net8.0)
//   SecurityBenchmarks.'AES-GCM Parallel Concurrent Throughput (100 ops)': .NET 8.0(Runtime=.NET 8.0, Toolchain=net8.0)
//   SecurityBenchmarks.'PBKDF2-SHA512 Password Hash (10k iters)': .NET 8.0(Runtime=.NET 8.0, Toolchain=net8.0)
//   SecurityBenchmarks.'PBKDF2-SHA512 Password Hash (600K iters — PRODUCTION COST)': .NET 8.0(Runtime=.NET 8.0, Toolchain=net8.0)
//   SecurityBenchmarks.'LegacyPbkdf2 Password Hash (Fast Config)': .NET 8.0(Runtime=.NET 8.0, Toolchain=net8.0)
//   SecurityBenchmarks.'CompositePasswordHasher Verify & Rehash Check': .NET 8.0(Runtime=.NET 8.0, Toolchain=net8.0)
//   SecurityBenchmarks.'SecurityEnvelope Serialize (Span, Zero-Alloc)': .NET 8.0(Runtime=.NET 8.0, Toolchain=net8.0)
//   SecurityBenchmarks.'SecurityEnvelope Deserialize (Span)': .NET 8.0(Runtime=.NET 8.0, Toolchain=net8.0)
//   SecurityBenchmarks.'ConstantTime FixedTimeEquals (32 bytes)': .NET 8.0(Runtime=.NET 8.0, Toolchain=net8.0)
//   SecurityBenchmarks.'Token Generation (URL-Safe 32 bytes)': .NET 8.0(Runtime=.NET 8.0, Toolchain=net8.0)
//   SecurityBenchmarks.'Token Hash (SHA-256)': .NET 8.0(Runtime=.NET 8.0, Toolchain=net8.0)
//   SecurityBenchmarks.'SecretBuffer Allocate & Dispose (ZeroMemory)': .NET 8.0(Runtime=.NET 8.0, Toolchain=net8.0)
//   SecurityBenchmarks.'AES-GCM 256-bit Encrypt (Span, Zero-Alloc)': .NET 9.0(Runtime=.NET 9.0, Toolchain=net9.0)
//   SecurityBenchmarks.'AES-GCM 256-bit Decrypt (Span, Zero-Alloc)': .NET 9.0(Runtime=.NET 9.0, Toolchain=net9.0)
//   SecurityBenchmarks.'AES-GCM Parallel Concurrent Throughput (100 ops)': .NET 9.0(Runtime=.NET 9.0, Toolchain=net9.0)
//   SecurityBenchmarks.'PBKDF2-SHA512 Password Hash (10k iters)': .NET 9.0(Runtime=.NET 9.0, Toolchain=net9.0)
//   SecurityBenchmarks.'PBKDF2-SHA512 Password Hash (600K iters — PRODUCTION COST)': .NET 9.0(Runtime=.NET 9.0, Toolchain=net9.0)
//   SecurityBenchmarks.'LegacyPbkdf2 Password Hash (Fast Config)': .NET 9.0(Runtime=.NET 9.0, Toolchain=net9.0)
//   SecurityBenchmarks.'CompositePasswordHasher Verify & Rehash Check': .NET 9.0(Runtime=.NET 9.0, Toolchain=net9.0)
//   SecurityBenchmarks.'SecurityEnvelope Serialize (Span, Zero-Alloc)': .NET 9.0(Runtime=.NET 9.0, Toolchain=net9.0)
//   SecurityBenchmarks.'SecurityEnvelope Deserialize (Span)': .NET 9.0(Runtime=.NET 9.0, Toolchain=net9.0)
//   SecurityBenchmarks.'ConstantTime FixedTimeEquals (32 bytes)': .NET 9.0(Runtime=.NET 9.0, Toolchain=net9.0)
//   SecurityBenchmarks.'Token Generation (URL-Safe 32 bytes)': .NET 9.0(Runtime=.NET 9.0, Toolchain=net9.0)
//   SecurityBenchmarks.'Token Hash (SHA-256)': .NET 9.0(Runtime=.NET 9.0, Toolchain=net9.0)
//   SecurityBenchmarks.'SecretBuffer Allocate & Dispose (ZeroMemory)': .NET 9.0(Runtime=.NET 9.0, Toolchain=net9.0)

// **************************
// Benchmark: SecurityBenchmarks.'AES-GCM 256-bit Encrypt (Span, Zero-Alloc)': .NET 10.0(Runtime=.NET 10.0, Toolchain=net10.0)
// *** Execute ***
// Launch: 1 / 1
// Execute: dotnet "EricksonLopez.Security.Benchmarks-.NET 10.0-1.dll" --anonymousPipes 114 116 --benchmarkName EricksonLopez.Security.Benchmarks.SecurityBenchmarks.AesGcm_Encrypt_Span --job ".NET 10.0" --benchmarkId 0 in /home/runner/work/dotnet-security/dotnet-security/benchmarks/EricksonLopez.Security.Benchmarks/bin/Release/net10.0/EricksonLopez.Security.Benchmarks-.NET 10.0-1/bin/Release/net10.0
// Failed to set up high priority (Permission denied). In order to run benchmarks with high priority, make sure you have the right permissions.
// BeforeAnythingElse

// Benchmark Process Environment Information:
// BenchmarkDotNet v0.15.8
// Runtime=.NET 10.0.12 (10.0.12, 10.0.1226.42308), X64 RyuJIT x86-64-v3
// GC=Concurrent Workstation
// HardwareIntrinsics=AVX2+BMI1+BMI2+F16C+FMA+LZCNT+MOVBE,AVX,SSE3+SSSE3+SSE4.1+SSE4.2+POPCNT,X86Base+SSE+SSE2,AES+PCLMUL VectorSize=256
// Job: .NET 10.0

OverheadJitting  1: 1 op, 182705.00 ns, 182.7050 us/op
WorkloadJitting  1: 1 op, 360440.00 ns, 360.4400 us/op

OverheadJitting  2: 16 op, 196551.00 ns, 12.2844 us/op
WorkloadJitting  2: 16 op, 323008.00 ns, 20.1880 us/op

WorkloadPilot    1: 16 op, 102974.00 ns, 6.4359 us/op
WorkloadPilot    2: 32 op, 164330.00 ns, 5.1353 us/op
WorkloadPilot    3: 64 op, 292431.00 ns, 4.5692 us/op
WorkloadPilot    4: 128 op, 657330.00 ns, 5.1354 us/op
WorkloadPilot    5: 256 op, 1535305.00 ns, 5.9973 us/op
WorkloadPilot    6: 512 op, 4281531.00 ns, 8.3624 us/op
WorkloadPilot    7: 1024 op, 7928226.00 ns, 7.7424 us/op
WorkloadPilot    8: 2048 op, 16602539.00 ns, 8.1067 us/op
WorkloadPilot    9: 4096 op, 32825472.00 ns, 8.0140 us/op
WorkloadPilot   10: 8192 op, 65593896.00 ns, 8.0071 us/op
WorkloadPilot   11: 16384 op, 126602247.00 ns, 7.7272 us/op
WorkloadPilot   12: 32768 op, 138392364.00 ns, 4.2234 us/op
WorkloadPilot   13: 65536 op, 235882019.00 ns, 3.5993 us/op
WorkloadPilot   14: 131072 op, 472108128.00 ns, 3.6019 us/op
WorkloadPilot   15: 262144 op, 957351980.00 ns, 3.6520 us/op

OverheadWarmup   1: 262144 op, 1552036.00 ns, 5.9205 ns/op
OverheadWarmup   2: 262144 op, 1541375.00 ns, 5.8799 ns/op
OverheadWarmup   3: 262144 op, 1518041.00 ns, 5.7909 ns/op
OverheadWarmup   4: 262144 op, 1549862.00 ns, 5.9123 ns/op
OverheadWarmup   5: 262144 op, 891881.00 ns, 3.4023 ns/op
OverheadWarmup   6: 262144 op, 753832.00 ns, 2.8756 ns/op
OverheadWarmup   7: 262144 op, 1511099.00 ns, 5.7644 ns/op
OverheadWarmup   8: 262144 op, 1489839.00 ns, 5.6833 ns/op

OverheadActual   1: 262144 op, 1559440.00 ns, 5.9488 ns/op
OverheadActual   2: 262144 op, 777565.00 ns, 2.9662 ns/op
OverheadActual   3: 262144 op, 772767.00 ns, 2.9479 ns/op
OverheadActual   4: 262144 op, 753851.00 ns, 2.8757 ns/op
OverheadActual   5: 262144 op, 753841.00 ns, 2.8757 ns/op
OverheadActual   6: 262144 op, 768589.00 ns, 2.9319 ns/op
OverheadActual   7: 262144 op, 787795.00 ns, 3.0052 ns/op
OverheadActual   8: 262144 op, 753821.00 ns, 2.8756 ns/op
OverheadActual   9: 262144 op, 782064.00 ns, 2.9833 ns/op
OverheadActual  10: 262144 op, 814125.00 ns, 3.1056 ns/op
OverheadActual  11: 262144 op, 779479.00 ns, 2.9735 ns/op
OverheadActual  12: 262144 op, 771223.00 ns, 2.9420 ns/op
OverheadActual  13: 262144 op, 781703.00 ns, 2.9820 ns/op
OverheadActual  14: 262144 op, 786723.00 ns, 3.0011 ns/op
OverheadActual  15: 262144 op, 776434.00 ns, 2.9619 ns/op

WorkloadWarmup   1: 262144 op, 949628849.00 ns, 3.6225 us/op
WorkloadWarmup   2: 262144 op, 945590596.00 ns, 3.6071 us/op
WorkloadWarmup   3: 262144 op, 935937879.00 ns, 3.5703 us/op
WorkloadWarmup   4: 262144 op, 934175787.00 ns, 3.5636 us/op
WorkloadWarmup   5: 262144 op, 932695586.00 ns, 3.5580 us/op
WorkloadWarmup   6: 262144 op, 933349869.00 ns, 3.5604 us/op
WorkloadWarmup   7: 262144 op, 934504856.00 ns, 3.5649 us/op
WorkloadWarmup   8: 262144 op, 933416053.00 ns, 3.5607 us/op
WorkloadWarmup   9: 262144 op, 935333308.00 ns, 3.5680 us/op
WorkloadWarmup  10: 262144 op, 932579746.00 ns, 3.5575 us/op

// BeforeActualRun
WorkloadActual   1: 262144 op, 937165414.00 ns, 3.5750 us/op
WorkloadActual   2: 262144 op, 937992893.00 ns, 3.5782 us/op
WorkloadActual   3: 262144 op, 932318445.00 ns, 3.5565 us/op
WorkloadActual   4: 262144 op, 933088551.00 ns, 3.5595 us/op
WorkloadActual   5: 262144 op, 938863554.00 ns, 3.5815 us/op
WorkloadActual   6: 262144 op, 939325525.00 ns, 3.5832 us/op
WorkloadActual   7: 262144 op, 932763735.00 ns, 3.5582 us/op
WorkloadActual   8: 262144 op, 934954134.00 ns, 3.5666 us/op
WorkloadActual   9: 262144 op, 933153109.00 ns, 3.5597 us/op
WorkloadActual  10: 262144 op, 933260993.00 ns, 3.5601 us/op
WorkloadActual  11: 262144 op, 931117402.00 ns, 3.5519 us/op
WorkloadActual  12: 262144 op, 930083813.00 ns, 3.5480 us/op
WorkloadActual  13: 262144 op, 932554571.00 ns, 3.5574 us/op
WorkloadActual  14: 262144 op, 932561271.00 ns, 3.5574 us/op
WorkloadActual  15: 262144 op, 931791240.00 ns, 3.5545 us/op

// AfterActualRun
WorkloadResult   1: 262144 op, 936387849.00 ns, 3.5720 us/op
WorkloadResult   2: 262144 op, 937215328.00 ns, 3.5752 us/op
WorkloadResult   3: 262144 op, 931540880.00 ns, 3.5535 us/op
WorkloadResult   4: 262144 op, 932310986.00 ns, 3.5565 us/op
WorkloadResult   5: 262144 op, 938085989.00 ns, 3.5785 us/op
WorkloadResult   6: 262144 op, 938547960.00 ns, 3.5803 us/op
WorkloadResult   7: 262144 op, 931986170.00 ns, 3.5552 us/op
WorkloadResult   8: 262144 op, 934176569.00 ns, 3.5636 us/op
WorkloadResult   9: 262144 op, 932375544.00 ns, 3.5567 us/op
WorkloadResult  10: 262144 op, 932483428.00 ns, 3.5571 us/op
WorkloadResult  11: 262144 op, 930339837.00 ns, 3.5490 us/op
WorkloadResult  12: 262144 op, 929306248.00 ns, 3.5450 us/op
WorkloadResult  13: 262144 op, 931777006.00 ns, 3.5544 us/op
WorkloadResult  14: 262144 op, 931783706.00 ns, 3.5545 us/op
WorkloadResult  15: 262144 op, 931013675.00 ns, 3.5515 us/op
// GC:  1 0 0 16777664 262144
// Threading:  0 0 262144

// AfterAll
// Benchmark Process 4218 has exited with code 0.

Mean = 3.560 μs, StdErr = 0.003 μs (0.08%), N = 15, StdDev = 0.011 μs
Min = 3.545 μs, Q1 = 3.554 μs, Median = 3.556 μs, Q3 = 3.568 μs, Max = 3.580 μs
IQR = 0.014 μs, LowerFence = 3.533 μs, UpperFence = 3.589 μs
ConfidenceInterval = [3.548 μs; 3.572 μs] (CI 99.9%), Margin = 0.012 μs (0.33% of Mean)
Skewness = 0.63, Kurtosis = 1.88, MValue = 2

// ** Remained 38 (97.4 %) benchmark(s) to run. Estimated finish 2026-10-04 7:49 (0h 16m from now) **
// **************************
// Benchmark: SecurityBenchmarks.'AES-GCM 256-bit Decrypt (Span, Zero-Alloc)': .NET 10.0(Runtime=.NET 10.0, Toolchain=net10.0)
// *** Execute ***
// Launch: 1 / 1
// Execute: dotnet "EricksonLopez.Security.Benchmarks-.NET 10.0-1.dll" --anonymousPipes 114 116 --benchmarkName EricksonLopez.Security.Benchmarks.SecurityBenchmarks.AesGcm_Decrypt_Span --job ".NET 10.0" --benchmarkId 1 in /home/runner/work/dotnet-security/dotnet-security/benchmarks/EricksonLopez.Security.Benchmarks/bin/Release/net10.0/EricksonLopez.Security.Benchmarks-.NET 10.0-1/bin/Release/net10.0
// Failed to set up high priority (Permission denied). In order to run benchmarks with high priority, make sure you have the right permissions.
// BeforeAnythingElse

// Benchmark Process Environment Information:
// BenchmarkDotNet v0.15.8
// Runtime=.NET 10.0.12 (10.0.12, 10.0.1226.42308), X64 RyuJIT x86-64-v3
// GC=Concurrent Workstation
// HardwareIntrinsics=AVX2+BMI1+BMI2+F16C+FMA+LZCNT+MOVBE,AVX,SSE3+SSSE3+SSE4.1+SSE4.2+POPCNT,X86Base+SSE+SSE2,AES+PCLMUL VectorSize=256
// Job: .NET 10.0

OverheadJitting  1: 1 op, 183145.00 ns, 183.1450 us/op
WorkloadJitting  1: 1 op, 1000606.00 ns, 1.0006 ms/op

OverheadJitting  2: 16 op, 180250.00 ns, 11.2656 us/op
WorkloadJitting  2: 16 op, 272163.00 ns, 17.0102 us/op

WorkloadPilot    1: 16 op, 102394.00 ns, 6.3996 us/op
WorkloadPilot    2: 32 op, 188796.00 ns, 5.8999 us/op
WorkloadPilot    3: 64 op, 348567.00 ns, 5.4464 us/op
WorkloadPilot    4: 128 op, 747429.00 ns, 5.8393 us/op
WorkloadPilot    5: 256 op, 1442109.00 ns, 5.6332 us/op
WorkloadPilot    6: 512 op, 2995917.00 ns, 5.8514 us/op
WorkloadPilot    7: 1024 op, 5812387.00 ns, 5.6762 us/op
WorkloadPilot    8: 2048 op, 8620771.00 ns, 4.2094 us/op
WorkloadPilot    9: 4096 op, 10872636.00 ns, 2.6545 us/op
WorkloadPilot   10: 8192 op, 21589027.00 ns, 2.6354 us/op
WorkloadPilot   11: 16384 op, 43166533.00 ns, 2.6347 us/op
WorkloadPilot   12: 32768 op, 87363739.00 ns, 2.6661 us/op
WorkloadPilot   13: 65536 op, 150401432.00 ns, 2.2949 us/op
WorkloadPilot   14: 131072 op, 294568551.00 ns, 2.2474 us/op
WorkloadPilot   15: 262144 op, 594219854.00 ns, 2.2668 us/op

OverheadWarmup   1: 262144 op, 784449.00 ns, 2.9924 ns/op
OverheadWarmup   2: 262144 op, 754743.00 ns, 2.8791 ns/op
OverheadWarmup   3: 262144 op, 770282.00 ns, 2.9384 ns/op
OverheadWarmup   4: 262144 op, 790320.00 ns, 3.0148 ns/op
OverheadWarmup   5: 262144 op, 789638.00 ns, 3.0122 ns/op
OverheadWarmup   6: 262144 op, 769050.00 ns, 2.9337 ns/op
OverheadWarmup   7: 262144 op, 753831.00 ns, 2.8756 ns/op
OverheadWarmup   8: 262144 op, 784028.00 ns, 2.9908 ns/op
OverheadWarmup   9: 262144 op, 768989.00 ns, 2.9335 ns/op

OverheadActual   1: 262144 op, 771886.00 ns, 2.9445 ns/op
OverheadActual   2: 262144 op, 772296.00 ns, 2.9461 ns/op
OverheadActual   3: 262144 op, 772306.00 ns, 2.9461 ns/op
OverheadActual   4: 262144 op, 769932.00 ns, 2.9371 ns/op
OverheadActual   5: 262144 op, 753871.00 ns, 2.8758 ns/op
OverheadActual   6: 262144 op, 770433.00 ns, 2.9390 ns/op
OverheadActual   7: 262144 op, 792444.00 ns, 3.0229 ns/op
OverheadActual   8: 262144 op, 757497.00 ns, 2.8896 ns/op
OverheadActual   9: 262144 op, 770643.00 ns, 2.9398 ns/op
OverheadActual  10: 262144 op, 769711.00 ns, 2.9362 ns/op
OverheadActual  11: 262144 op, 780832.00 ns, 2.9786 ns/op
OverheadActual  12: 262144 op, 945141.00 ns, 3.6054 ns/op
OverheadActual  13: 262144 op, 753831.00 ns, 2.8756 ns/op
OverheadActual  14: 262144 op, 778408.00 ns, 2.9694 ns/op
OverheadActual  15: 262144 op, 780852.00 ns, 2.9787 ns/op

WorkloadWarmup   1: 262144 op, 593443389.00 ns, 2.2638 us/op
WorkloadWarmup   2: 262144 op, 590741957.00 ns, 2.2535 us/op
WorkloadWarmup   3: 262144 op, 587382083.00 ns, 2.2407 us/op
WorkloadWarmup   4: 262144 op, 587435855.00 ns, 2.2409 us/op
WorkloadWarmup   5: 262144 op, 587368649.00 ns, 2.2406 us/op
WorkloadWarmup   6: 262144 op, 586524256.00 ns, 2.2374 us/op
WorkloadWarmup   7: 262144 op, 586394382.00 ns, 2.2369 us/op
WorkloadWarmup   8: 262144 op, 586751053.00 ns, 2.2383 us/op
WorkloadWarmup   9: 262144 op, 586229059.00 ns, 2.2363 us/op

// BeforeActualRun
WorkloadActual   1: 262144 op, 592492546.00 ns, 2.2602 us/op
WorkloadActual   2: 262144 op, 586856001.00 ns, 2.2387 us/op
WorkloadActual   3: 262144 op, 587617747.00 ns, 2.2416 us/op
WorkloadActual   4: 262144 op, 587354221.00 ns, 2.2406 us/op
WorkloadActual   5: 262144 op, 585778931.00 ns, 2.2346 us/op
WorkloadActual   6: 262144 op, 585789852.00 ns, 2.2346 us/op
WorkloadActual   7: 262144 op, 585792746.00 ns, 2.2346 us/op
WorkloadActual   8: 262144 op, 585792547.00 ns, 2.2346 us/op
WorkloadActual   9: 262144 op, 585629359.00 ns, 2.2340 us/op
WorkloadActual  10: 262144 op, 587242506.00 ns, 2.2402 us/op
WorkloadActual  11: 262144 op, 585817660.00 ns, 2.2347 us/op
WorkloadActual  12: 262144 op, 585642149.00 ns, 2.2340 us/op
WorkloadActual  13: 262144 op, 588843625.00 ns, 2.2463 us/op
WorkloadActual  14: 262144 op, 585464034.00 ns, 2.2334 us/op
WorkloadActual  15: 262144 op, 585439297.00 ns, 2.2333 us/op

// AfterActualRun
WorkloadResult   1: 262144 op, 586084115.00 ns, 2.2357 us/op
WorkloadResult   2: 262144 op, 586845861.00 ns, 2.2386 us/op
WorkloadResult   3: 262144 op, 586582335.00 ns, 2.2376 us/op
WorkloadResult   4: 262144 op, 585007045.00 ns, 2.2316 us/op
WorkloadResult   5: 262144 op, 585017966.00 ns, 2.2317 us/op
WorkloadResult   6: 262144 op, 585020860.00 ns, 2.2317 us/op
WorkloadResult   7: 262144 op, 585020661.00 ns, 2.2317 us/op
WorkloadResult   8: 262144 op, 584857473.00 ns, 2.2311 us/op
WorkloadResult   9: 262144 op, 586470620.00 ns, 2.2372 us/op
WorkloadResult  10: 262144 op, 585045774.00 ns, 2.2318 us/op
WorkloadResult  11: 262144 op, 584870263.00 ns, 2.2311 us/op
WorkloadResult  12: 262144 op, 588071739.00 ns, 2.2433 us/op
WorkloadResult  13: 262144 op, 584692148.00 ns, 2.2304 us/op
WorkloadResult  14: 262144 op, 584667411.00 ns, 2.2303 us/op
// GC:  0 0 0 8388832 262144
// Threading:  0 0 262144

// AfterAll
// Benchmark Process 4241 has exited with code 0.

Mean = 2.234 μs, StdErr = 0.001 μs (0.05%), N = 14, StdDev = 0.004 μs
Min = 2.230 μs, Q1 = 2.231 μs, Median = 2.232 μs, Q3 = 2.237 μs, Max = 2.243 μs
IQR = 0.006 μs, LowerFence = 2.223 μs, UpperFence = 2.245 μs
ConfidenceInterval = [2.229 μs; 2.238 μs] (CI 99.9%), Margin = 0.004 μs (0.20% of Mean)
Skewness = 1.01, Kurtosis = 2.72, MValue = 2

// ** Remained 37 (94.9 %) benchmark(s) to run. Estimated finish 2026-10-04 7:45 (0h 13m from now) **
// **************************
// Benchmark: SecurityBenchmarks.'AES-GCM Parallel Concurrent Throughput (100 ops)': .NET 10.0(Runtime=.NET 10.0, Toolchain=net10.0)
// *** Execute ***
// Launch: 1 / 1
// Execute: dotnet "EricksonLopez.Security.Benchmarks-.NET 10.0-1.dll" --anonymousPipes 114 116 --benchmarkName EricksonLopez.Security.Benchmarks.SecurityBenchmarks.AesGcm_Concurrent_Throughput --job ".NET 10.0" --benchmarkId 2 in /home/runner/work/dotnet-security/dotnet-security/benchmarks/EricksonLopez.Security.Benchmarks/bin/Release/net10.0/EricksonLopez.Security.Benchmarks-.NET 10.0-1/bin/Release/net10.0
// Failed to set up high priority (Permission denied). In order to run benchmarks with high priority, make sure you have the right permissions.
// BeforeAnythingElse

// Benchmark Process Environment Information:
// BenchmarkDotNet v0.15.8
// Runtime=.NET 10.0.12 (10.0.12, 10.0.1226.42308), X64 RyuJIT x86-64-v3
// GC=Concurrent Workstation
// HardwareIntrinsics=AVX2+BMI1+BMI2+F16C+FMA+LZCNT+MOVBE,AVX,SSE3+SSSE3+SSE4.1+SSE4.2+POPCNT,X86Base+SSE+SSE2,AES+PCLMUL VectorSize=256
// Job: .NET 10.0

OverheadJitting  1: 1 op, 200088.00 ns, 200.0880 us/op
WorkloadJitting  1: 1 op, 6142359.00 ns, 6.1424 ms/op

OverheadJitting  2: 16 op, 183886.00 ns, 11.4929 us/op
WorkloadJitting  2: 16 op, 4991990.00 ns, 311.9994 us/op

WorkloadPilot    1: 16 op, 3644390.00 ns, 227.7744 us/op
WorkloadPilot    2: 32 op, 7567936.00 ns, 236.4980 us/op
WorkloadPilot    3: 64 op, 14309664.00 ns, 223.5885 us/op
WorkloadPilot    4: 128 op, 30278197.00 ns, 236.5484 us/op
WorkloadPilot    5: 256 op, 58985011.00 ns, 230.4102 us/op
WorkloadPilot    6: 512 op, 117281995.00 ns, 229.0664 us/op
WorkloadPilot    7: 1024 op, 240163959.00 ns, 234.5351 us/op
WorkloadPilot    8: 2048 op, 469850171.00 ns, 229.4190 us/op
WorkloadPilot    9: 4096 op, 832499341.00 ns, 203.2469 us/op

OverheadWarmup   1: 4096 op, 29025.00 ns, 7.0862 ns/op
OverheadWarmup   2: 4096 op, 22273.00 ns, 5.4377 ns/op
OverheadWarmup   3: 4096 op, 24756.00 ns, 6.0439 ns/op
OverheadWarmup   4: 4096 op, 22112.00 ns, 5.3984 ns/op
OverheadWarmup   5: 4096 op, 22182.00 ns, 5.4155 ns/op
OverheadWarmup   6: 4096 op, 21961.00 ns, 5.3616 ns/op

OverheadActual   1: 4096 op, 22352.00 ns, 5.4570 ns/op
OverheadActual   2: 4096 op, 22162.00 ns, 5.4106 ns/op
OverheadActual   3: 4096 op, 24526.00 ns, 5.9878 ns/op
OverheadActual   4: 4096 op, 22252.00 ns, 5.4326 ns/op
OverheadActual   5: 4096 op, 22131.00 ns, 5.4031 ns/op
OverheadActual   6: 4096 op, 22102.00 ns, 5.3960 ns/op
OverheadActual   7: 4096 op, 22132.00 ns, 5.4033 ns/op
OverheadActual   8: 4096 op, 22071.00 ns, 5.3884 ns/op
OverheadActual   9: 4096 op, 22291.00 ns, 5.4421 ns/op
OverheadActual  10: 4096 op, 22132.00 ns, 5.4033 ns/op
OverheadActual  11: 4096 op, 25709.00 ns, 6.2766 ns/op
OverheadActual  12: 4096 op, 21692.00 ns, 5.2959 ns/op
OverheadActual  13: 4096 op, 21881.00 ns, 5.3420 ns/op
OverheadActual  14: 4096 op, 10891.00 ns, 2.6589 ns/op
OverheadActual  15: 4096 op, 22162.00 ns, 5.4106 ns/op
OverheadActual  16: 4096 op, 22172.00 ns, 5.4131 ns/op
OverheadActual  17: 4096 op, 22032.00 ns, 5.3789 ns/op
OverheadActual  18: 4096 op, 22142.00 ns, 5.4058 ns/op
OverheadActual  19: 4096 op, 22162.00 ns, 5.4106 ns/op
OverheadActual  20: 4096 op, 22191.00 ns, 5.4177 ns/op

WorkloadWarmup   1: 4096 op, 825853991.00 ns, 201.6245 us/op
WorkloadWarmup   2: 4096 op, 816106147.00 ns, 199.2447 us/op
WorkloadWarmup   3: 4096 op, 788425878.00 ns, 192.4868 us/op
WorkloadWarmup   4: 4096 op, 792531167.00 ns, 193.4891 us/op
WorkloadWarmup   5: 4096 op, 797720031.00 ns, 194.7559 us/op
WorkloadWarmup   6: 4096 op, 786649127.00 ns, 192.0530 us/op
WorkloadWarmup   7: 4096 op, 796653570.00 ns, 194.4955 us/op
WorkloadWarmup   8: 4096 op, 789455527.00 ns, 192.7382 us/op

// BeforeActualRun
WorkloadActual   1: 4096 op, 799741533.00 ns, 195.2494 us/op
WorkloadActual   2: 4096 op, 786014993.00 ns, 191.8982 us/op
WorkloadActual   3: 4096 op, 786147613.00 ns, 191.9306 us/op
WorkloadActual   4: 4096 op, 787045005.00 ns, 192.1497 us/op
WorkloadActual   5: 4096 op, 791192987.00 ns, 193.1624 us/op
WorkloadActual   6: 4096 op, 792130197.00 ns, 193.3912 us/op
WorkloadActual   7: 4096 op, 832950565.00 ns, 203.3571 us/op
WorkloadActual   8: 4096 op, 807564984.00 ns, 197.1594 us/op
WorkloadActual   9: 4096 op, 793902949.00 ns, 193.8240 us/op
WorkloadActual  10: 4096 op, 797365380.00 ns, 194.6693 us/op
WorkloadActual  11: 4096 op, 787647356.00 ns, 192.2967 us/op
WorkloadActual  12: 4096 op, 788528908.00 ns, 192.5119 us/op
WorkloadActual  13: 4096 op, 806818717.00 ns, 196.9772 us/op
WorkloadActual  14: 4096 op, 791607822.00 ns, 193.2636 us/op
WorkloadActual  15: 4096 op, 789050369.00 ns, 192.6393 us/op

// AfterActualRun
WorkloadResult   1: 4096 op, 799719381.00 ns, 195.2440 us/op
WorkloadResult   2: 4096 op, 785992841.00 ns, 191.8928 us/op
WorkloadResult   3: 4096 op, 786125461.00 ns, 191.9252 us/op
WorkloadResult   4: 4096 op, 787022853.00 ns, 192.1443 us/op
WorkloadResult   5: 4096 op, 791170835.00 ns, 193.1569 us/op
WorkloadResult   6: 4096 op, 792108045.00 ns, 193.3858 us/op
WorkloadResult   7: 4096 op, 807542832.00 ns, 197.1540 us/op
WorkloadResult   8: 4096 op, 793880797.00 ns, 193.8186 us/op
WorkloadResult   9: 4096 op, 797343228.00 ns, 194.6639 us/op
WorkloadResult  10: 4096 op, 787625204.00 ns, 192.2913 us/op
WorkloadResult  11: 4096 op, 788506756.00 ns, 192.5065 us/op
WorkloadResult  12: 4096 op, 806796565.00 ns, 196.9718 us/op
WorkloadResult  13: 4096 op, 791585670.00 ns, 193.2582 us/op
WorkloadResult  14: 4096 op, 789028217.00 ns, 192.6338 us/op
// GC:  2 0 0 35347480 4096
// Threading:  16667 1 4096

// AfterAll
// Benchmark Process 4255 has exited with code 0.

Mean = 193.646 μs, StdErr = 0.468 μs (0.24%), N = 14, StdDev = 1.752 μs
Min = 191.893 μs, Q1 = 192.345 μs, Median = 193.208 μs, Q3 = 194.453 μs, Max = 197.154 μs
IQR = 2.107 μs, LowerFence = 189.184 μs, UpperFence = 197.614 μs
ConfidenceInterval = [191.670 μs; 195.622 μs] (CI 99.9%), Margin = 1.976 μs (1.02% of Mean)
Skewness = 0.88, Kurtosis = 2.36, MValue = 2

// ** Remained 36 (92.3 %) benchmark(s) to run. Estimated finish 2026-10-04 7:45 (0h 12m from now) **
// **************************
// Benchmark: SecurityBenchmarks.'PBKDF2-SHA512 Password Hash (10k iters)': .NET 10.0(Runtime=.NET 10.0, Toolchain=net10.0)
// *** Execute ***
// Launch: 1 / 1
// Execute: dotnet "EricksonLopez.Security.Benchmarks-.NET 10.0-1.dll" --anonymousPipes 114 116 --benchmarkName EricksonLopez.Security.Benchmarks.SecurityBenchmarks.Pbkdf2_HashPassword --job ".NET 10.0" --benchmarkId 3 in /home/runner/work/dotnet-security/dotnet-security/benchmarks/EricksonLopez.Security.Benchmarks/bin/Release/net10.0/EricksonLopez.Security.Benchmarks-.NET 10.0-1/bin/Release/net10.0
// Failed to set up high priority (Permission denied). In order to run benchmarks with high priority, make sure you have the right permissions.
// BeforeAnythingElse

// Benchmark Process Environment Information:
// BenchmarkDotNet v0.15.8
// Runtime=.NET 10.0.12 (10.0.12, 10.0.1226.42308), X64 RyuJIT x86-64-v3
// GC=Concurrent Workstation
// HardwareIntrinsics=AVX2+BMI1+BMI2+F16C+FMA+LZCNT+MOVBE,AVX,SSE3+SSSE3+SSE4.1+SSE4.2+POPCNT,X86Base+SSE+SSE2,AES+PCLMUL VectorSize=256
// Job: .NET 10.0

OverheadJitting  1: 1 op, 237016.00 ns, 237.0160 us/op
WorkloadJitting  1: 1 op, 7035684.00 ns, 7.0357 ms/op

OverheadJitting  2: 16 op, 474033.00 ns, 29.6271 us/op
WorkloadJitting  2: 16 op, 108931435.00 ns, 6.8082 ms/op

WorkloadPilot    1: 16 op, 108086291.00 ns, 6.7554 ms/op
WorkloadPilot    2: 32 op, 215548926.00 ns, 6.7359 ms/op
WorkloadPilot    3: 64 op, 432542247.00 ns, 6.7585 ms/op
WorkloadPilot    4: 128 op, 862022760.00 ns, 6.7346 ms/op

OverheadWarmup   1: 128 op, 2415.00 ns, 18.8672 ns/op
OverheadWarmup   2: 128 op, 1013.00 ns, 7.9141 ns/op
OverheadWarmup   3: 128 op, 1032.00 ns, 8.0625 ns/op
OverheadWarmup   4: 128 op, 1032.00 ns, 8.0625 ns/op
OverheadWarmup   5: 128 op, 1012.00 ns, 7.9063 ns/op
OverheadWarmup   6: 128 op, 1042.00 ns, 8.1406 ns/op

OverheadActual   1: 128 op, 1082.00 ns, 8.4531 ns/op
OverheadActual   2: 128 op, 1072.00 ns, 8.3750 ns/op
OverheadActual   3: 128 op, 1072.00 ns, 8.3750 ns/op
OverheadActual   4: 128 op, 1082.00 ns, 8.4531 ns/op
OverheadActual   5: 128 op, 1072.00 ns, 8.3750 ns/op
OverheadActual   6: 128 op, 1042.00 ns, 8.1406 ns/op
OverheadActual   7: 128 op, 1022.00 ns, 7.9844 ns/op
OverheadActual   8: 128 op, 1022.00 ns, 7.9844 ns/op
OverheadActual   9: 128 op, 1052.00 ns, 8.2188 ns/op
OverheadActual  10: 128 op, 1022.00 ns, 7.9844 ns/op
OverheadActual  11: 128 op, 1032.00 ns, 8.0625 ns/op
OverheadActual  12: 128 op, 1031.00 ns, 8.0547 ns/op
OverheadActual  13: 128 op, 1032.00 ns, 8.0625 ns/op
OverheadActual  14: 128 op, 1042.00 ns, 8.1406 ns/op
OverheadActual  15: 128 op, 1012.00 ns, 7.9063 ns/op

WorkloadWarmup   1: 128 op, 860769828.00 ns, 6.7248 ms/op
WorkloadWarmup   2: 128 op, 859917721.00 ns, 6.7181 ms/op
WorkloadWarmup   3: 128 op, 860785317.00 ns, 6.7249 ms/op
WorkloadWarmup   4: 128 op, 864144220.00 ns, 6.7511 ms/op
WorkloadWarmup   5: 128 op, 864553752.00 ns, 6.7543 ms/op
WorkloadWarmup   6: 128 op, 861447074.00 ns, 6.7301 ms/op
WorkloadWarmup   7: 128 op, 862464032.00 ns, 6.7380 ms/op
WorkloadWarmup   8: 128 op, 861269830.00 ns, 6.7287 ms/op

// BeforeActualRun
WorkloadActual   1: 128 op, 871141150.00 ns, 6.8058 ms/op
WorkloadActual   2: 128 op, 862550155.00 ns, 6.7387 ms/op
WorkloadActual   3: 128 op, 862864908.00 ns, 6.7411 ms/op
WorkloadActual   4: 128 op, 875919211.00 ns, 6.8431 ms/op
WorkloadActual   5: 128 op, 860901446.00 ns, 6.7258 ms/op
WorkloadActual   6: 128 op, 861674324.00 ns, 6.7318 ms/op
WorkloadActual   7: 128 op, 860895715.00 ns, 6.7257 ms/op
WorkloadActual   8: 128 op, 863307186.00 ns, 6.7446 ms/op
WorkloadActual   9: 128 op, 860190239.00 ns, 6.7202 ms/op
WorkloadActual  10: 128 op, 864391229.00 ns, 6.7531 ms/op
WorkloadActual  11: 128 op, 862926929.00 ns, 6.7416 ms/op
WorkloadActual  12: 128 op, 860985038.00 ns, 6.7264 ms/op
WorkloadActual  13: 128 op, 862373205.00 ns, 6.7373 ms/op
WorkloadActual  14: 128 op, 861964926.00 ns, 6.7341 ms/op
WorkloadActual  15: 128 op, 861412754.00 ns, 6.7298 ms/op

// AfterActualRun
WorkloadResult   1: 128 op, 862549113.00 ns, 6.7387 ms/op
WorkloadResult   2: 128 op, 862863866.00 ns, 6.7411 ms/op
WorkloadResult   3: 128 op, 860900404.00 ns, 6.7258 ms/op
WorkloadResult   4: 128 op, 861673282.00 ns, 6.7318 ms/op
WorkloadResult   5: 128 op, 860894673.00 ns, 6.7257 ms/op
WorkloadResult   6: 128 op, 863306144.00 ns, 6.7446 ms/op
WorkloadResult   7: 128 op, 860189197.00 ns, 6.7202 ms/op
WorkloadResult   8: 128 op, 864390187.00 ns, 6.7530 ms/op
WorkloadResult   9: 128 op, 862925887.00 ns, 6.7416 ms/op
WorkloadResult  10: 128 op, 860983996.00 ns, 6.7264 ms/op
WorkloadResult  11: 128 op, 862372163.00 ns, 6.7373 ms/op
WorkloadResult  12: 128 op, 861963884.00 ns, 6.7341 ms/op
WorkloadResult  13: 128 op, 861411712.00 ns, 6.7298 ms/op
// GC:  0 0 0 59392 128
// Threading:  0 0 128

// AfterAll
// Benchmark Process 4280 has exited with code 0.

Mean = 6.735 ms, StdErr = 0.003 ms (0.04%), N = 13, StdDev = 0.009 ms
Min = 6.720 ms, Q1 = 6.726 ms, Median = 6.734 ms, Q3 = 6.741 ms, Max = 6.753 ms
IQR = 0.015 ms, LowerFence = 6.704 ms, UpperFence = 6.763 ms
ConfidenceInterval = [6.724 ms; 6.746 ms] (CI 99.9%), Margin = 0.011 ms (0.16% of Mean)
Skewness = 0.28, Kurtosis = 2.04, MValue = 2

// ** Remained 35 (89.7 %) benchmark(s) to run. Estimated finish 2026-10-04 7:46 (0h 12m from now) **
// **************************
// Benchmark: SecurityBenchmarks.'PBKDF2-SHA512 Password Hash (600K iters — PRODUCTION COST)': .NET 10.0(Runtime=.NET 10.0, Toolchain=net10.0)
// *** Execute ***
// Launch: 1 / 1
// Execute: dotnet "EricksonLopez.Security.Benchmarks-.NET 10.0-1.dll" --anonymousPipes 114 116 --benchmarkName EricksonLopez.Security.Benchmarks.SecurityBenchmarks.Pbkdf2_HashPassword_Production --job ".NET 10.0" --benchmarkId 4 in /home/runner/work/dotnet-security/dotnet-security/benchmarks/EricksonLopez.Security.Benchmarks/bin/Release/net10.0/EricksonLopez.Security.Benchmarks-.NET 10.0-1/bin/Release/net10.0
// Failed to set up high priority (Permission denied). In order to run benchmarks with high priority, make sure you have the right permissions.
// BeforeAnythingElse

// Benchmark Process Environment Information:
// BenchmarkDotNet v0.15.8
// Runtime=.NET 10.0.12 (10.0.12, 10.0.1226.42308), X64 RyuJIT x86-64-v3
// GC=Concurrent Workstation
// HardwareIntrinsics=AVX2+BMI1+BMI2+F16C+FMA+LZCNT+MOVBE,AVX,SSE3+SSSE3+SSE4.1+SSE4.2+POPCNT,X86Base+SSE+SSE2,AES+PCLMUL VectorSize=256
// Job: .NET 10.0

OverheadJitting  1: 1 op, 237768.00 ns, 237.7680 us/op
WorkloadJitting  1: 1 op, 404915204.00 ns, 404.9152 ms/op

OverheadJitting  2: 1 op, 430.00 ns, 430.0000 ns/op
WorkloadJitting  2: 1 op, 404724052.00 ns, 404.7241 ms/op

WorkloadWarmup   1: 1 op, 405163640.00 ns, 405.1636 ms/op
WorkloadWarmup   2: 1 op, 406805936.00 ns, 406.8059 ms/op
WorkloadWarmup   3: 1 op, 405550840.00 ns, 405.5508 ms/op
WorkloadWarmup   4: 1 op, 406713672.00 ns, 406.7137 ms/op
WorkloadWarmup   5: 1 op, 404843326.00 ns, 404.8433 ms/op
WorkloadWarmup   6: 1 op, 405499984.00 ns, 405.5000 ms/op

// BeforeActualRun
WorkloadActual   1: 1 op, 404305713.00 ns, 404.3057 ms/op
WorkloadActual   2: 1 op, 408824502.00 ns, 408.8245 ms/op
WorkloadActual   3: 1 op, 404555423.00 ns, 404.5554 ms/op
WorkloadActual   4: 1 op, 404750371.00 ns, 404.7504 ms/op
WorkloadActual   5: 1 op, 406462207.00 ns, 406.4622 ms/op
WorkloadActual   6: 1 op, 404648279.00 ns, 404.6483 ms/op
WorkloadActual   7: 1 op, 405919224.00 ns, 405.9192 ms/op
WorkloadActual   8: 1 op, 404855008.00 ns, 404.8550 ms/op
WorkloadActual   9: 1 op, 406117748.00 ns, 406.1177 ms/op
WorkloadActual  10: 1 op, 404467157.00 ns, 404.4672 ms/op
WorkloadActual  11: 1 op, 405125168.00 ns, 405.1252 ms/op
WorkloadActual  12: 1 op, 405264130.00 ns, 405.2641 ms/op
WorkloadActual  13: 1 op, 405414222.00 ns, 405.4142 ms/op
WorkloadActual  14: 1 op, 404635313.00 ns, 404.6353 ms/op
WorkloadActual  15: 1 op, 405191711.00 ns, 405.1917 ms/op

// AfterActualRun
WorkloadResult   1: 1 op, 404305713.00 ns, 404.3057 ms/op
WorkloadResult   2: 1 op, 404555423.00 ns, 404.5554 ms/op
WorkloadResult   3: 1 op, 404750371.00 ns, 404.7504 ms/op
WorkloadResult   4: 1 op, 406462207.00 ns, 406.4622 ms/op
WorkloadResult   5: 1 op, 404648279.00 ns, 404.6483 ms/op
WorkloadResult   6: 1 op, 405919224.00 ns, 405.9192 ms/op
WorkloadResult   7: 1 op, 404855008.00 ns, 404.8550 ms/op
WorkloadResult   8: 1 op, 406117748.00 ns, 406.1177 ms/op
WorkloadResult   9: 1 op, 404467157.00 ns, 404.4672 ms/op
WorkloadResult  10: 1 op, 405125168.00 ns, 405.1252 ms/op
WorkloadResult  11: 1 op, 405264130.00 ns, 405.2641 ms/op
WorkloadResult  12: 1 op, 405414222.00 ns, 405.4142 ms/op
WorkloadResult  13: 1 op, 404635313.00 ns, 404.6353 ms/op
WorkloadResult  14: 1 op, 405191711.00 ns, 405.1917 ms/op
// GC:  0 0 0 504 1
// Threading:  0 0 1

// AfterAll
// Benchmark Process 4299 has exited with code 0.

Mean = 405.122 ms, StdErr = 0.176 ms (0.04%), N = 14, StdDev = 0.658 ms
Min = 404.306 ms, Q1 = 404.639 ms, Median = 404.990 ms, Q3 = 405.377 ms, Max = 406.462 ms
IQR = 0.738 ms, LowerFence = 403.531 ms, UpperFence = 406.484 ms
ConfidenceInterval = [404.381 ms; 405.864 ms] (CI 99.9%), Margin = 0.742 ms (0.18% of Mean)
Skewness = 0.66, Kurtosis = 2.09, MValue = 2

// ** Remained 34 (87.2 %) benchmark(s) to run. Estimated finish 2026-10-04 7:44 (0h 10m from now) **
// **************************
// Benchmark: SecurityBenchmarks.'LegacyPbkdf2 Password Hash (Fast Config)': .NET 10.0(Runtime=.NET 10.0, Toolchain=net10.0)
// *** Execute ***
// Launch: 1 / 1
// Execute: dotnet "EricksonLopez.Security.Benchmarks-.NET 10.0-1.dll" --anonymousPipes 114 116 --benchmarkName EricksonLopez.Security.Benchmarks.SecurityBenchmarks.LegacyPbkdf2_HashPassword --job ".NET 10.0" --benchmarkId 5 in /home/runner/work/dotnet-security/dotnet-security/benchmarks/EricksonLopez.Security.Benchmarks/bin/Release/net10.0/EricksonLopez.Security.Benchmarks-.NET 10.0-1/bin/Release/net10.0
// Failed to set up high priority (Permission denied). In order to run benchmarks with high priority, make sure you have the right permissions.
// BeforeAnythingElse

// Benchmark Process Environment Information:
// BenchmarkDotNet v0.15.8
// Runtime=.NET 10.0.12 (10.0.12, 10.0.1226.42308), X64 RyuJIT x86-64-v3
// GC=Concurrent Workstation
// HardwareIntrinsics=AVX2+BMI1+BMI2+F16C+FMA+LZCNT+MOVBE,AVX,SSE3+SSSE3+SSE4.1+SSE4.2+POPCNT,X86Base+SSE+SSE2,AES+PCLMUL VectorSize=256
// Job: .NET 10.0

OverheadJitting  1: 1 op, 235474.00 ns, 235.4740 us/op
WorkloadJitting  1: 1 op, 47556383.00 ns, 47.5564 ms/op

WorkloadPilot    1: 2 op, 94283402.00 ns, 47.1417 ms/op
WorkloadPilot    2: 3 op, 141637373.00 ns, 47.2125 ms/op
WorkloadPilot    3: 4 op, 188076870.00 ns, 47.0192 ms/op
WorkloadPilot    4: 5 op, 236077460.00 ns, 47.2155 ms/op
WorkloadPilot    5: 6 op, 282883088.00 ns, 47.1472 ms/op
WorkloadPilot    6: 7 op, 329337773.00 ns, 47.0483 ms/op
WorkloadPilot    7: 8 op, 376602746.00 ns, 47.0753 ms/op
WorkloadPilot    8: 9 op, 423486321.00 ns, 47.0540 ms/op
WorkloadPilot    9: 10 op, 471616274.00 ns, 47.1616 ms/op
WorkloadPilot   10: 11 op, 529719038.00 ns, 48.1563 ms/op

WorkloadWarmup   1: 11 op, 519228442.00 ns, 47.2026 ms/op
WorkloadWarmup   2: 11 op, 518685719.00 ns, 47.1532 ms/op
WorkloadWarmup   3: 11 op, 517144614.00 ns, 47.0131 ms/op
WorkloadWarmup   4: 11 op, 517928612.00 ns, 47.0844 ms/op
WorkloadWarmup   5: 11 op, 517001835.00 ns, 47.0002 ms/op
WorkloadWarmup   6: 11 op, 523181478.00 ns, 47.5620 ms/op
WorkloadWarmup   7: 11 op, 519602189.00 ns, 47.2366 ms/op

// BeforeActualRun
WorkloadActual   1: 11 op, 521627786.00 ns, 47.4207 ms/op
WorkloadActual   2: 11 op, 517324603.00 ns, 47.0295 ms/op
WorkloadActual   3: 11 op, 518194072.00 ns, 47.1086 ms/op
WorkloadActual   4: 11 op, 527083533.00 ns, 47.9167 ms/op
WorkloadActual   5: 11 op, 518978862.00 ns, 47.1799 ms/op
WorkloadActual   6: 11 op, 517397891.00 ns, 47.0362 ms/op
WorkloadActual   7: 11 op, 518215623.00 ns, 47.1105 ms/op
WorkloadActual   8: 11 op, 517811030.00 ns, 47.0737 ms/op
WorkloadActual   9: 11 op, 518642577.00 ns, 47.1493 ms/op
WorkloadActual  10: 11 op, 517524209.00 ns, 47.0477 ms/op
WorkloadActual  11: 11 op, 518300463.00 ns, 47.1182 ms/op
WorkloadActual  12: 11 op, 519749735.00 ns, 47.2500 ms/op
WorkloadActual  13: 11 op, 517419692.00 ns, 47.0382 ms/op
WorkloadActual  14: 11 op, 517983034.00 ns, 47.0894 ms/op
WorkloadActual  15: 11 op, 543411291.00 ns, 49.4010 ms/op

// AfterActualRun
WorkloadResult   1: 11 op, 521627786.00 ns, 47.4207 ms/op
WorkloadResult   2: 11 op, 517324603.00 ns, 47.0295 ms/op
WorkloadResult   3: 11 op, 518194072.00 ns, 47.1086 ms/op
WorkloadResult   4: 11 op, 518978862.00 ns, 47.1799 ms/op
WorkloadResult   5: 11 op, 517397891.00 ns, 47.0362 ms/op
WorkloadResult   6: 11 op, 518215623.00 ns, 47.1105 ms/op
WorkloadResult   7: 11 op, 517811030.00 ns, 47.0737 ms/op
WorkloadResult   8: 11 op, 518642577.00 ns, 47.1493 ms/op
WorkloadResult   9: 11 op, 517524209.00 ns, 47.0477 ms/op
WorkloadResult  10: 11 op, 518300463.00 ns, 47.1182 ms/op
WorkloadResult  11: 11 op, 519749735.00 ns, 47.2500 ms/op
WorkloadResult  12: 11 op, 517419692.00 ns, 47.0382 ms/op
WorkloadResult  13: 11 op, 517983034.00 ns, 47.0894 ms/op
// GC:  0 0 0 4576 11
// Threading:  0 0 11

// AfterAll
// Benchmark Process 4312 has exited with code 0.

Mean = 47.127 ms, StdErr = 0.030 ms (0.06%), N = 13, StdDev = 0.109 ms
Min = 47.030 ms, Q1 = 47.048 ms, Median = 47.109 ms, Q3 = 47.149 ms, Max = 47.421 ms
IQR = 0.102 ms, LowerFence = 46.895 ms, UpperFence = 47.302 ms
ConfidenceInterval = [46.997 ms; 47.257 ms] (CI 99.9%), Margin = 0.130 ms (0.28% of Mean)
Skewness = 1.45, Kurtosis = 4.39, MValue = 2

// ** Remained 33 (84.6 %) benchmark(s) to run. Estimated finish 2026-10-04 7:44 (0h 10m from now) **
// **************************
// Benchmark: SecurityBenchmarks.'CompositePasswordHasher Verify & Rehash Check': .NET 10.0(Runtime=.NET 10.0, Toolchain=net10.0)
// *** Execute ***
// Launch: 1 / 1
// Execute: dotnet "EricksonLopez.Security.Benchmarks-.NET 10.0-1.dll" --anonymousPipes 114 116 --benchmarkName EricksonLopez.Security.Benchmarks.SecurityBenchmarks.Composite_VerifyPassword --job ".NET 10.0" --benchmarkId 6 in /home/runner/work/dotnet-security/dotnet-security/benchmarks/EricksonLopez.Security.Benchmarks/bin/Release/net10.0/EricksonLopez.Security.Benchmarks-.NET 10.0-1/bin/Release/net10.0
// Failed to set up high priority (Permission denied). In order to run benchmarks with high priority, make sure you have the right permissions.
// BeforeAnythingElse

// Benchmark Process Environment Information:
// BenchmarkDotNet v0.15.8
// Runtime=.NET 10.0.12 (10.0.12, 10.0.1226.42308), X64 RyuJIT x86-64-v3
// GC=Concurrent Workstation
// HardwareIntrinsics=AVX2+BMI1+BMI2+F16C+FMA+LZCNT+MOVBE,AVX,SSE3+SSSE3+SSE4.1+SSE4.2+POPCNT,X86Base+SSE+SSE2,AES+PCLMUL VectorSize=256
// Job: .NET 10.0

OverheadJitting  1: 1 op, 222489.00 ns, 222.4890 us/op
WorkloadJitting  1: 1 op, 10879280.00 ns, 10.8793 ms/op

OverheadJitting  2: 16 op, 247266.00 ns, 15.4541 us/op
WorkloadJitting  2: 16 op, 108765750.00 ns, 6.7979 ms/op

WorkloadPilot    1: 16 op, 107777086.00 ns, 6.7361 ms/op
WorkloadPilot    2: 32 op, 216079972.00 ns, 6.7525 ms/op
WorkloadPilot    3: 64 op, 431312747.00 ns, 6.7393 ms/op
WorkloadPilot    4: 128 op, 860938194.00 ns, 6.7261 ms/op

OverheadWarmup   1: 128 op, 2464.00 ns, 19.2500 ns/op
OverheadWarmup   2: 128 op, 812.00 ns, 6.3438 ns/op
OverheadWarmup   3: 128 op, 791.00 ns, 6.1797 ns/op
OverheadWarmup   4: 128 op, 801.00 ns, 6.2578 ns/op
OverheadWarmup   5: 128 op, 802.00 ns, 6.2656 ns/op
OverheadWarmup   6: 128 op, 811.00 ns, 6.3359 ns/op
OverheadWarmup   7: 128 op, 772.00 ns, 6.0313 ns/op
OverheadWarmup   8: 128 op, 792.00 ns, 6.1875 ns/op
OverheadWarmup   9: 128 op, 801.00 ns, 6.2578 ns/op
OverheadWarmup  10: 128 op, 791.00 ns, 6.1797 ns/op

OverheadActual   1: 128 op, 821.00 ns, 6.4141 ns/op
OverheadActual   2: 128 op, 841.00 ns, 6.5703 ns/op
OverheadActual   3: 128 op, 821.00 ns, 6.4141 ns/op
OverheadActual   4: 128 op, 832.00 ns, 6.5000 ns/op
OverheadActual   5: 128 op, 842.00 ns, 6.5781 ns/op
OverheadActual   6: 128 op, 812.00 ns, 6.3438 ns/op
OverheadActual   7: 128 op, 792.00 ns, 6.1875 ns/op
OverheadActual   8: 128 op, 802.00 ns, 6.2656 ns/op
OverheadActual   9: 128 op, 792.00 ns, 6.1875 ns/op
OverheadActual  10: 128 op, 831.00 ns, 6.4922 ns/op
OverheadActual  11: 128 op, 792.00 ns, 6.1875 ns/op
OverheadActual  12: 128 op, 811.00 ns, 6.3359 ns/op
OverheadActual  13: 128 op, 812.00 ns, 6.3438 ns/op
OverheadActual  14: 128 op, 771.00 ns, 6.0234 ns/op
OverheadActual  15: 128 op, 791.00 ns, 6.1797 ns/op

WorkloadWarmup   1: 128 op, 860695716.00 ns, 6.7242 ms/op
WorkloadWarmup   2: 128 op, 860953333.00 ns, 6.7262 ms/op
WorkloadWarmup   3: 128 op, 861626492.00 ns, 6.7315 ms/op
WorkloadWarmup   4: 128 op, 865392171.00 ns, 6.7609 ms/op
WorkloadWarmup   5: 128 op, 861759904.00 ns, 6.7325 ms/op
WorkloadWarmup   6: 128 op, 861989806.00 ns, 6.7343 ms/op
WorkloadWarmup   7: 128 op, 868709503.00 ns, 6.7868 ms/op
WorkloadWarmup   8: 128 op, 881913679.00 ns, 6.8900 ms/op
WorkloadWarmup   9: 128 op, 885911034.00 ns, 6.9212 ms/op
WorkloadWarmup  10: 128 op, 882438839.00 ns, 6.8941 ms/op

// BeforeActualRun
WorkloadActual   1: 128 op, 884695041.00 ns, 6.9117 ms/op
WorkloadActual   2: 128 op, 883228026.00 ns, 6.9002 ms/op
WorkloadActual   3: 128 op, 880362625.00 ns, 6.8778 ms/op
WorkloadActual   4: 128 op, 861578241.00 ns, 6.7311 ms/op
WorkloadActual   5: 128 op, 862990635.00 ns, 6.7421 ms/op
WorkloadActual   6: 128 op, 861043325.00 ns, 6.7269 ms/op
WorkloadActual   7: 128 op, 864616672.00 ns, 6.7548 ms/op
WorkloadActual   8: 128 op, 864678168.00 ns, 6.7553 ms/op
WorkloadActual   9: 128 op, 861242291.00 ns, 6.7285 ms/op
WorkloadActual  10: 128 op, 860707583.00 ns, 6.7243 ms/op
WorkloadActual  11: 128 op, 861303075.00 ns, 6.7289 ms/op
WorkloadActual  12: 128 op, 861236389.00 ns, 6.7284 ms/op
WorkloadActual  13: 128 op, 866204455.00 ns, 6.7672 ms/op
WorkloadActual  14: 128 op, 861041543.00 ns, 6.7269 ms/op
WorkloadActual  15: 128 op, 861750356.00 ns, 6.7324 ms/op

// AfterActualRun
WorkloadResult   1: 128 op, 861577429.00 ns, 6.7311 ms/op
WorkloadResult   2: 128 op, 862989823.00 ns, 6.7421 ms/op
WorkloadResult   3: 128 op, 861042513.00 ns, 6.7269 ms/op
WorkloadResult   4: 128 op, 864615860.00 ns, 6.7548 ms/op
WorkloadResult   5: 128 op, 864677356.00 ns, 6.7553 ms/op
WorkloadResult   6: 128 op, 861241479.00 ns, 6.7284 ms/op
WorkloadResult   7: 128 op, 860706771.00 ns, 6.7243 ms/op
WorkloadResult   8: 128 op, 861302263.00 ns, 6.7289 ms/op
WorkloadResult   9: 128 op, 861235577.00 ns, 6.7284 ms/op
WorkloadResult  10: 128 op, 866203643.00 ns, 6.7672 ms/op
WorkloadResult  11: 128 op, 861040731.00 ns, 6.7269 ms/op
WorkloadResult  12: 128 op, 861749544.00 ns, 6.7324 ms/op
// GC:  0 0 0 59392 128
// Threading:  0 0 128

// AfterAll
// Benchmark Process 4332 has exited with code 0.

Mean = 6.737 ms, StdErr = 0.004 ms (0.06%), N = 12, StdDev = 0.014 ms
Min = 6.724 ms, Q1 = 6.728 ms, Median = 6.730 ms, Q3 = 6.745 ms, Max = 6.767 ms
IQR = 0.017 ms, LowerFence = 6.702 ms, UpperFence = 6.771 ms
ConfidenceInterval = [6.719 ms; 6.755 ms] (CI 99.9%), Margin = 0.018 ms (0.27% of Mean)
Skewness = 0.92, Kurtosis = 2.2, MValue = 2

// ** Remained 32 (82.1 %) benchmark(s) to run. Estimated finish 2026-10-04 7:44 (0h 10m from now) **
// **************************
// Benchmark: SecurityBenchmarks.'SecurityEnvelope Serialize (Span, Zero-Alloc)': .NET 10.0(Runtime=.NET 10.0, Toolchain=net10.0)
// *** Execute ***
// Launch: 1 / 1
// Execute: dotnet "EricksonLopez.Security.Benchmarks-.NET 10.0-1.dll" --anonymousPipes 114 116 --benchmarkName EricksonLopez.Security.Benchmarks.SecurityBenchmarks.Envelope_Serialize_Span --job ".NET 10.0" --benchmarkId 7 in /home/runner/work/dotnet-security/dotnet-security/benchmarks/EricksonLopez.Security.Benchmarks/bin/Release/net10.0/EricksonLopez.Security.Benchmarks-.NET 10.0-1/bin/Release/net10.0
// Failed to set up high priority (Permission denied). In order to run benchmarks with high priority, make sure you have the right permissions.
// BeforeAnythingElse

// Benchmark Process Environment Information:
// BenchmarkDotNet v0.15.8
// Runtime=.NET 10.0.12 (10.0.12, 10.0.1226.42308), X64 RyuJIT x86-64-v3
// GC=Concurrent Workstation
// HardwareIntrinsics=AVX2+BMI1+BMI2+F16C+FMA+LZCNT+MOVBE,AVX,SSE3+SSSE3+SSE4.1+SSE4.2+POPCNT,X86Base+SSE+SSE2,AES+PCLMUL VectorSize=256
// Job: .NET 10.0

OverheadJitting  1: 1 op, 230895.00 ns, 230.8950 us/op
WorkloadJitting  1: 1 op, 240573.00 ns, 240.5730 us/op

OverheadJitting  2: 16 op, 339861.00 ns, 21.2413 us/op
WorkloadJitting  2: 16 op, 336545.00 ns, 21.0341 us/op

WorkloadPilot    1: 16 op, 8626.00 ns, 539.1250 ns/op
WorkloadPilot    2: 32 op, 13535.00 ns, 422.9688 ns/op
WorkloadPilot    3: 64 op, 25318.00 ns, 395.5938 ns/op
WorkloadPilot    4: 128 op, 38533.00 ns, 301.0391 ns/op
WorkloadPilot    5: 256 op, 103425.00 ns, 404.0039 ns/op
WorkloadPilot    6: 512 op, 145164.00 ns, 283.5234 ns/op
WorkloadPilot    7: 1024 op, 289015.00 ns, 282.2412 ns/op
WorkloadPilot    8: 2048 op, 573781.00 ns, 280.1665 ns/op
WorkloadPilot    9: 4096 op, 1173372.00 ns, 286.4678 ns/op
WorkloadPilot   10: 8192 op, 2346975.00 ns, 286.4960 ns/op
WorkloadPilot   11: 16384 op, 4642883.00 ns, 283.3791 ns/op
WorkloadPilot   12: 32768 op, 9222647.00 ns, 281.4529 ns/op
WorkloadPilot   13: 65536 op, 18454410.00 ns, 281.5919 ns/op
WorkloadPilot   14: 131072 op, 36918728.00 ns, 281.6675 ns/op
WorkloadPilot   15: 262144 op, 84355706.00 ns, 321.7915 ns/op
WorkloadPilot   16: 524288 op, 118567882.00 ns, 226.1503 ns/op
WorkloadPilot   17: 1048576 op, 42403478.00 ns, 40.4391 ns/op
WorkloadPilot   18: 2097152 op, 84782089.00 ns, 40.4273 ns/op
WorkloadPilot   19: 4194304 op, 170236176.00 ns, 40.5875 ns/op
WorkloadPilot   20: 8388608 op, 340581607.00 ns, 40.6005 ns/op
WorkloadPilot   21: 16777216 op, 680775985.00 ns, 40.5774 ns/op

OverheadWarmup   1: 16777216 op, 39076406.00 ns, 2.3291 ns/op
OverheadWarmup   2: 16777216 op, 39195321.00 ns, 2.3362 ns/op
OverheadWarmup   3: 16777216 op, 38976859.00 ns, 2.3232 ns/op
OverheadWarmup   4: 16777216 op, 39170834.00 ns, 2.3348 ns/op
OverheadWarmup   5: 16777216 op, 38958063.00 ns, 2.3221 ns/op

OverheadActual   1: 16777216 op, 39069022.00 ns, 2.3287 ns/op
OverheadActual   2: 16777216 op, 39103427.00 ns, 2.3307 ns/op
OverheadActual   3: 16777216 op, 39072228.00 ns, 2.3289 ns/op
OverheadActual   4: 16777216 op, 39006214.00 ns, 2.3250 ns/op
OverheadActual   5: 16777216 op, 39119317.00 ns, 2.3317 ns/op
OverheadActual   6: 16777216 op, 39032042.00 ns, 2.3265 ns/op
OverheadActual   7: 16777216 op, 38989432.00 ns, 2.3240 ns/op
OverheadActual   8: 16777216 op, 42136606.00 ns, 2.5115 ns/op
OverheadActual   9: 16777216 op, 32535275.00 ns, 1.9393 ns/op
OverheadActual  10: 16777216 op, 32007069.00 ns, 1.9078 ns/op
OverheadActual  11: 16777216 op, 32303548.00 ns, 1.9254 ns/op
OverheadActual  12: 16777216 op, 36794634.00 ns, 2.1931 ns/op
OverheadActual  13: 16777216 op, 30934226.00 ns, 1.8438 ns/op
OverheadActual  14: 16777216 op, 31026791.00 ns, 1.8493 ns/op
OverheadActual  15: 16777216 op, 30938275.00 ns, 1.8441 ns/op
OverheadActual  16: 16777216 op, 30967981.00 ns, 1.8458 ns/op
OverheadActual  17: 16777216 op, 31196661.00 ns, 1.8595 ns/op
OverheadActual  18: 16777216 op, 31925245.00 ns, 1.9029 ns/op
OverheadActual  19: 16777216 op, 31061697.00 ns, 1.8514 ns/op
OverheadActual  20: 16777216 op, 31203013.00 ns, 1.8598 ns/op

WorkloadWarmup   1: 16777216 op, 680282544.00 ns, 40.5480 ns/op
WorkloadWarmup   2: 16777216 op, 679816435.00 ns, 40.5202 ns/op
WorkloadWarmup   3: 16777216 op, 688378837.00 ns, 41.0306 ns/op
WorkloadWarmup   4: 16777216 op, 680906840.00 ns, 40.5852 ns/op
WorkloadWarmup   5: 16777216 op, 680554086.00 ns, 40.5642 ns/op
WorkloadWarmup   6: 16777216 op, 681051380.00 ns, 40.5938 ns/op
WorkloadWarmup   7: 16777216 op, 685575996.00 ns, 40.8635 ns/op
WorkloadWarmup   8: 16777216 op, 680613991.00 ns, 40.5678 ns/op

// BeforeActualRun
WorkloadActual   1: 16777216 op, 681619607.00 ns, 40.6277 ns/op
WorkloadActual   2: 16777216 op, 681096371.00 ns, 40.5965 ns/op
WorkloadActual   3: 16777216 op, 679955189.00 ns, 40.5285 ns/op
WorkloadActual   4: 16777216 op, 680445945.00 ns, 40.5577 ns/op
WorkloadActual   5: 16777216 op, 684716906.00 ns, 40.8123 ns/op
WorkloadActual   6: 16777216 op, 680603141.00 ns, 40.5671 ns/op
WorkloadActual   7: 16777216 op, 684180895.00 ns, 40.7804 ns/op
WorkloadActual   8: 16777216 op, 682430115.00 ns, 40.6760 ns/op
WorkloadActual   9: 16777216 op, 680570119.00 ns, 40.5651 ns/op
WorkloadActual  10: 16777216 op, 680479337.00 ns, 40.5597 ns/op
WorkloadActual  11: 16777216 op, 681428013.00 ns, 40.6163 ns/op
WorkloadActual  12: 16777216 op, 681427473.00 ns, 40.6162 ns/op
WorkloadActual  13: 16777216 op, 681424648.00 ns, 40.6161 ns/op
WorkloadActual  14: 16777216 op, 680282615.00 ns, 40.5480 ns/op
WorkloadActual  15: 16777216 op, 682828724.00 ns, 40.6998 ns/op

// AfterActualRun
WorkloadResult   1: 16777216 op, 649200195.50 ns, 38.6953 ns/op
WorkloadResult   2: 16777216 op, 648676959.50 ns, 38.6642 ns/op
WorkloadResult   3: 16777216 op, 647535777.50 ns, 38.5961 ns/op
WorkloadResult   4: 16777216 op, 648026533.50 ns, 38.6254 ns/op
WorkloadResult   5: 16777216 op, 648183729.50 ns, 38.6348 ns/op
WorkloadResult   6: 16777216 op, 651761483.50 ns, 38.8480 ns/op
WorkloadResult   7: 16777216 op, 650010703.50 ns, 38.7437 ns/op
WorkloadResult   8: 16777216 op, 648150707.50 ns, 38.6328 ns/op
WorkloadResult   9: 16777216 op, 648059925.50 ns, 38.6274 ns/op
WorkloadResult  10: 16777216 op, 649008601.50 ns, 38.6839 ns/op
WorkloadResult  11: 16777216 op, 649008061.50 ns, 38.6839 ns/op
WorkloadResult  12: 16777216 op, 649005236.50 ns, 38.6837 ns/op
WorkloadResult  13: 16777216 op, 647863203.50 ns, 38.6157 ns/op
WorkloadResult  14: 16777216 op, 650409312.50 ns, 38.7674 ns/op
// GC:  0 0 0 0 16777216
// Threading:  0 0 16777216

// AfterAll
// Benchmark Process 4375 has exited with code 0.

Mean = 38.679 ns, StdErr = 0.018 ns (0.05%), N = 14, StdDev = 0.069 ns
Min = 38.596 ns, Q1 = 38.629 ns, Median = 38.674 ns, Q3 = 38.692 ns, Max = 38.848 ns
IQR = 0.064 ns, LowerFence = 38.533 ns, UpperFence = 38.788 ns
ConfidenceInterval = [38.601 ns; 38.756 ns] (CI 99.9%), Margin = 0.078 ns (0.20% of Mean)
Skewness = 0.99, Kurtosis = 3.14, MValue = 2

// ** Remained 31 (79.5 %) benchmark(s) to run. Estimated finish 2026-10-04 7:44 (0h 10m from now) **
// **************************
// Benchmark: SecurityBenchmarks.'SecurityEnvelope Deserialize (Span)': .NET 10.0(Runtime=.NET 10.0, Toolchain=net10.0)
// *** Execute ***
// Launch: 1 / 1
// Execute: dotnet "EricksonLopez.Security.Benchmarks-.NET 10.0-1.dll" --anonymousPipes 114 116 --benchmarkName EricksonLopez.Security.Benchmarks.SecurityBenchmarks.Envelope_Deserialize_Span --job ".NET 10.0" --benchmarkId 8 in /home/runner/work/dotnet-security/dotnet-security/benchmarks/EricksonLopez.Security.Benchmarks/bin/Release/net10.0/EricksonLopez.Security.Benchmarks-.NET 10.0-1/bin/Release/net10.0
// Failed to set up high priority (Permission denied). In order to run benchmarks with high priority, make sure you have the right permissions.
// BeforeAnythingElse

// Benchmark Process Environment Information:
// BenchmarkDotNet v0.15.8
// Runtime=.NET 10.0.12 (10.0.12, 10.0.1226.42308), X64 RyuJIT x86-64-v3
// GC=Concurrent Workstation
// HardwareIntrinsics=AVX2+BMI1+BMI2+F16C+FMA+LZCNT+MOVBE,AVX,SSE3+SSSE3+SSE4.1+SSE4.2+POPCNT,X86Base+SSE+SSE2,AES+PCLMUL VectorSize=256
// Job: .NET 10.0

OverheadJitting  1: 1 op, 222299.00 ns, 222.2990 us/op
WorkloadJitting  1: 1 op, 1270204.00 ns, 1.2702 ms/op

OverheadJitting  2: 16 op, 207761.00 ns, 12.9851 us/op
WorkloadJitting  2: 16 op, 330574.00 ns, 20.6609 us/op

WorkloadPilot    1: 16 op, 39634.00 ns, 2.4771 us/op
WorkloadPilot    2: 32 op, 48882.00 ns, 1.5276 us/op
WorkloadPilot    3: 64 op, 69221.00 ns, 1.0816 us/op
WorkloadPilot    4: 128 op, 92525.00 ns, 722.8516 ns/op
WorkloadPilot    5: 256 op, 161594.00 ns, 631.2266 ns/op
WorkloadPilot    6: 512 op, 283685.00 ns, 554.0723 ns/op
WorkloadPilot    7: 1024 op, 421364.00 ns, 411.4883 ns/op
WorkloadPilot    8: 2048 op, 961542.00 ns, 469.5029 ns/op
WorkloadPilot    9: 4096 op, 1911403.00 ns, 466.6511 ns/op
WorkloadPilot   10: 8192 op, 3831994.00 ns, 467.7727 ns/op
WorkloadPilot   11: 16384 op, 7596912.00 ns, 463.6787 ns/op
WorkloadPilot   12: 32768 op, 15377360.00 ns, 469.2798 ns/op
WorkloadPilot   13: 65536 op, 19309663.00 ns, 294.6421 ns/op
WorkloadPilot   14: 131072 op, 35805382.00 ns, 273.1734 ns/op
WorkloadPilot   15: 262144 op, 78743201.00 ns, 300.3815 ns/op
WorkloadPilot   16: 524288 op, 199841321.00 ns, 381.1671 ns/op
WorkloadPilot   17: 1048576 op, 129364946.00 ns, 123.3720 ns/op
WorkloadPilot   18: 2097152 op, 207742377.00 ns, 99.0593 ns/op
WorkloadPilot   19: 4194304 op, 415224823.00 ns, 98.9973 ns/op
WorkloadPilot   20: 8388608 op, 827003420.00 ns, 98.5865 ns/op

OverheadWarmup   1: 8388608 op, 24269214.00 ns, 2.8931 ns/op
OverheadWarmup   2: 8388608 op, 24212297.00 ns, 2.8863 ns/op
OverheadWarmup   3: 8388608 op, 24161962.00 ns, 2.8803 ns/op
OverheadWarmup   4: 8388608 op, 24200884.00 ns, 2.8850 ns/op
OverheadWarmup   5: 8388608 op, 24201957.00 ns, 2.8851 ns/op
OverheadWarmup   6: 8388608 op, 24192700.00 ns, 2.8840 ns/op
OverheadWarmup   7: 8388608 op, 24193701.00 ns, 2.8841 ns/op
OverheadWarmup   8: 8388608 op, 24218488.00 ns, 2.8871 ns/op
OverheadWarmup   9: 8388608 op, 24697340.00 ns, 2.9442 ns/op
OverheadWarmup  10: 8388608 op, 13764349.00 ns, 1.6408 ns/op

OverheadActual   1: 8388608 op, 13764069.00 ns, 1.6408 ns/op
OverheadActual   2: 8388608 op, 13724294.00 ns, 1.6361 ns/op
OverheadActual   3: 8388608 op, 13741256.00 ns, 1.6381 ns/op
OverheadActual   4: 8388608 op, 13750533.00 ns, 1.6392 ns/op
OverheadActual   5: 8388608 op, 13708654.00 ns, 1.6342 ns/op
OverheadActual   6: 8388608 op, 13718523.00 ns, 1.6354 ns/op
OverheadActual   7: 8388608 op, 13724584.00 ns, 1.6361 ns/op
OverheadActual   8: 8388608 op, 13707462.00 ns, 1.6341 ns/op
OverheadActual   9: 8388608 op, 13722380.00 ns, 1.6358 ns/op
OverheadActual  10: 8388608 op, 13724474.00 ns, 1.6361 ns/op
OverheadActual  11: 8388608 op, 13710929.00 ns, 1.6345 ns/op
OverheadActual  12: 8388608 op, 13717221.00 ns, 1.6352 ns/op
OverheadActual  13: 8388608 op, 13738721.00 ns, 1.6378 ns/op
OverheadActual  14: 8388608 op, 17864458.00 ns, 2.1296 ns/op
OverheadActual  15: 8388608 op, 13804174.00 ns, 1.6456 ns/op

WorkloadWarmup   1: 8388608 op, 838307973.00 ns, 99.9341 ns/op
WorkloadWarmup   2: 8388608 op, 834822080.00 ns, 99.5185 ns/op
WorkloadWarmup   3: 8388608 op, 829043420.00 ns, 98.8297 ns/op
WorkloadWarmup   4: 8388608 op, 829100949.00 ns, 98.8365 ns/op
WorkloadWarmup   5: 8388608 op, 827509699.00 ns, 98.6468 ns/op
WorkloadWarmup   6: 8388608 op, 838091879.00 ns, 99.9083 ns/op
WorkloadWarmup   7: 8388608 op, 831210145.00 ns, 99.0880 ns/op

// BeforeActualRun
WorkloadActual   1: 8388608 op, 830239014.00 ns, 98.9722 ns/op
WorkloadActual   2: 8388608 op, 835024566.00 ns, 99.5427 ns/op
WorkloadActual   3: 8388608 op, 834862440.00 ns, 99.5234 ns/op
WorkloadActual   4: 8388608 op, 835841035.00 ns, 99.6400 ns/op
WorkloadActual   5: 8388608 op, 834115506.00 ns, 99.4343 ns/op
WorkloadActual   6: 8388608 op, 832928649.00 ns, 99.2928 ns/op
WorkloadActual   7: 8388608 op, 835979009.00 ns, 99.6565 ns/op
WorkloadActual   8: 8388608 op, 832187742.00 ns, 99.2045 ns/op
WorkloadActual   9: 8388608 op, 831798887.00 ns, 99.1582 ns/op
WorkloadActual  10: 8388608 op, 833691938.00 ns, 99.3838 ns/op
WorkloadActual  11: 8388608 op, 838586575.00 ns, 99.9673 ns/op
WorkloadActual  12: 8388608 op, 834333778.00 ns, 99.4603 ns/op
WorkloadActual  13: 8388608 op, 832933589.00 ns, 99.2934 ns/op
WorkloadActual  14: 8388608 op, 839852958.00 ns, 100.1183 ns/op
WorkloadActual  15: 8388608 op, 846556255.00 ns, 100.9174 ns/op

// AfterActualRun
WorkloadResult   1: 8388608 op, 816514540.00 ns, 97.3361 ns/op
WorkloadResult   2: 8388608 op, 821300092.00 ns, 97.9066 ns/op
WorkloadResult   3: 8388608 op, 821137966.00 ns, 97.8873 ns/op
WorkloadResult   4: 8388608 op, 822116561.00 ns, 98.0039 ns/op
WorkloadResult   5: 8388608 op, 820391032.00 ns, 97.7982 ns/op
WorkloadResult   6: 8388608 op, 819204175.00 ns, 97.6567 ns/op
WorkloadResult   7: 8388608 op, 822254535.00 ns, 98.0204 ns/op
WorkloadResult   8: 8388608 op, 818463268.00 ns, 97.5684 ns/op
WorkloadResult   9: 8388608 op, 818074413.00 ns, 97.5221 ns/op
WorkloadResult  10: 8388608 op, 819967464.00 ns, 97.7477 ns/op
WorkloadResult  11: 8388608 op, 824862101.00 ns, 98.3312 ns/op
WorkloadResult  12: 8388608 op, 820609304.00 ns, 97.8243 ns/op
WorkloadResult  13: 8388608 op, 819209115.00 ns, 97.6573 ns/op
WorkloadResult  14: 8388608 op, 826128484.00 ns, 98.4822 ns/op
// GC:  236 0 0 3959519672 8388608
// Threading:  0 0 8388608

// AfterAll
// Benchmark Process 4392 has exited with code 0.

Mean = 97.839 ns, StdErr = 0.082 ns (0.08%), N = 14, StdDev = 0.307 ns
Min = 97.336 ns, Q1 = 97.657 ns, Median = 97.811 ns, Q3 = 97.980 ns, Max = 98.482 ns
IQR = 0.323 ns, LowerFence = 97.173 ns, UpperFence = 98.464 ns
ConfidenceInterval = [97.492 ns; 98.185 ns] (CI 99.9%), Margin = 0.346 ns (0.35% of Mean)
Skewness = 0.51, Kurtosis = 2.52, MValue = 2

// ** Remained 30 (76.9 %) benchmark(s) to run. Estimated finish 2026-10-04 7:44 (0h 9m from now) **
// **************************
// Benchmark: SecurityBenchmarks.'ConstantTime FixedTimeEquals (32 bytes)': .NET 10.0(Runtime=.NET 10.0, Toolchain=net10.0)
// *** Execute ***
// Launch: 1 / 1
// Execute: dotnet "EricksonLopez.Security.Benchmarks-.NET 10.0-1.dll" --anonymousPipes 114 116 --benchmarkName EricksonLopez.Security.Benchmarks.SecurityBenchmarks.ConstantTime_Compare --job ".NET 10.0" --benchmarkId 9 in /home/runner/work/dotnet-security/dotnet-security/benchmarks/EricksonLopez.Security.Benchmarks/bin/Release/net10.0/EricksonLopez.Security.Benchmarks-.NET 10.0-1/bin/Release/net10.0
// Failed to set up high priority (Permission denied). In order to run benchmarks with high priority, make sure you have the right permissions.
// BeforeAnythingElse

// Benchmark Process Environment Information:
// BenchmarkDotNet v0.15.8
// Runtime=.NET 10.0.12 (10.0.12, 10.0.1226.42308), X64 RyuJIT x86-64-v3
// GC=Concurrent Workstation
// HardwareIntrinsics=AVX2+BMI1+BMI2+F16C+FMA+LZCNT+MOVBE,AVX,SSE3+SSSE3+SSE4.1+SSE4.2+POPCNT,X86Base+SSE+SSE2,AES+PCLMUL VectorSize=256
// Job: .NET 10.0

OverheadJitting  1: 1 op, 219834.00 ns, 219.8340 us/op
WorkloadJitting  1: 1 op, 430491.00 ns, 430.4910 us/op

OverheadJitting  2: 16 op, 358947.00 ns, 22.4342 us/op
WorkloadJitting  2: 16 op, 365780.00 ns, 22.8613 us/op

WorkloadPilot    1: 16 op, 5189.00 ns, 324.3125 ns/op
WorkloadPilot    2: 32 op, 9137.00 ns, 285.5313 ns/op
WorkloadPilot    3: 64 op, 9919.00 ns, 154.9844 ns/op
WorkloadPilot    4: 128 op, 18726.00 ns, 146.2969 ns/op
WorkloadPilot    5: 256 op, 36569.00 ns, 142.8477 ns/op
WorkloadPilot    6: 512 op, 71745.00 ns, 140.1270 ns/op
WorkloadPilot    7: 1024 op, 142750.00 ns, 139.4043 ns/op
WorkloadPilot    8: 2048 op, 284797.00 ns, 139.0610 ns/op
WorkloadPilot    9: 4096 op, 567600.00 ns, 138.5742 ns/op
WorkloadPilot   10: 8192 op, 1158454.00 ns, 141.4128 ns/op
WorkloadPilot   11: 16384 op, 2306698.00 ns, 140.7897 ns/op
WorkloadPilot   12: 32768 op, 4607175.00 ns, 140.5998 ns/op
WorkloadPilot   13: 65536 op, 9135252.00 ns, 139.3929 ns/op
WorkloadPilot   14: 131072 op, 18315998.00 ns, 139.7400 ns/op
WorkloadPilot   15: 262144 op, 36510589.00 ns, 139.2768 ns/op
WorkloadPilot   16: 524288 op, 72952739.00 ns, 139.1463 ns/op
WorkloadPilot   17: 1048576 op, 169137045.00 ns, 161.3017 ns/op
WorkloadPilot   18: 2097152 op, 280153982.00 ns, 133.5878 ns/op
WorkloadPilot   19: 4194304 op, 561475084.00 ns, 133.8661 ns/op

OverheadWarmup   1: 4194304 op, 9754308.00 ns, 2.3256 ns/op
OverheadWarmup   2: 4194304 op, 9791128.00 ns, 2.3344 ns/op
OverheadWarmup   3: 4194304 op, 9842214.00 ns, 2.3466 ns/op
OverheadWarmup   4: 4194304 op, 9792461.00 ns, 2.3347 ns/op
OverheadWarmup   5: 4194304 op, 9783293.00 ns, 2.3325 ns/op
OverheadWarmup   6: 4194304 op, 9789485.00 ns, 2.3340 ns/op
OverheadWarmup   7: 4194304 op, 9757775.00 ns, 2.3264 ns/op

OverheadActual   1: 4194304 op, 9802670.00 ns, 2.3371 ns/op
OverheadActual   2: 4194304 op, 9806677.00 ns, 2.3381 ns/op
OverheadActual   3: 4194304 op, 9848947.00 ns, 2.3482 ns/op
OverheadActual   4: 4194304 op, 9778515.00 ns, 2.3314 ns/op
OverheadActual   5: 4194304 op, 9794374.00 ns, 2.3352 ns/op
OverheadActual   6: 4194304 op, 9754909.00 ns, 2.3258 ns/op
OverheadActual   7: 4194304 op, 9806287.00 ns, 2.3380 ns/op
OverheadActual   8: 4194304 op, 9745392.00 ns, 2.3235 ns/op
OverheadActual   9: 4194304 op, 9756253.00 ns, 2.3261 ns/op
OverheadActual  10: 4194304 op, 9927816.00 ns, 2.3670 ns/op
OverheadActual  11: 4194304 op, 9741835.00 ns, 2.3226 ns/op
OverheadActual  12: 4194304 op, 9791920.00 ns, 2.3346 ns/op
OverheadActual  13: 4194304 op, 10190371.00 ns, 2.4296 ns/op
OverheadActual  14: 4194304 op, 9760440.00 ns, 2.3271 ns/op
OverheadActual  15: 4194304 op, 9754308.00 ns, 2.3256 ns/op

WorkloadWarmup   1: 4194304 op, 562278088.00 ns, 134.0575 ns/op
WorkloadWarmup   2: 4194304 op, 561562669.00 ns, 133.8870 ns/op
WorkloadWarmup   3: 4194304 op, 559635606.00 ns, 133.4275 ns/op
WorkloadWarmup   4: 4194304 op, 560684935.00 ns, 133.6777 ns/op
WorkloadWarmup   5: 4194304 op, 559636919.00 ns, 133.4278 ns/op
WorkloadWarmup   6: 4194304 op, 560403384.00 ns, 133.6106 ns/op
WorkloadWarmup   7: 4194304 op, 559447432.00 ns, 133.3827 ns/op

// BeforeActualRun
WorkloadActual   1: 4194304 op, 562050372.00 ns, 134.0033 ns/op
WorkloadActual   2: 4194304 op, 561002853.00 ns, 133.7535 ns/op
WorkloadActual   3: 4194304 op, 560026109.00 ns, 133.5206 ns/op
WorkloadActual   4: 4194304 op, 559835410.00 ns, 133.4752 ns/op
WorkloadActual   5: 4194304 op, 559680928.00 ns, 133.4383 ns/op
WorkloadActual   6: 4194304 op, 559977278.00 ns, 133.5090 ns/op
WorkloadActual   7: 4194304 op, 559751221.00 ns, 133.4551 ns/op
WorkloadActual   8: 4194304 op, 559506470.00 ns, 133.3967 ns/op
WorkloadActual   9: 4194304 op, 560509361.00 ns, 133.6358 ns/op
WorkloadActual  10: 4194304 op, 559836783.00 ns, 133.4755 ns/op
WorkloadActual  11: 4194304 op, 560017083.00 ns, 133.5185 ns/op
WorkloadActual  12: 4194304 op, 559999710.00 ns, 133.5143 ns/op
WorkloadActual  13: 4194304 op, 559392976.00 ns, 133.3697 ns/op
WorkloadActual  14: 4194304 op, 559896986.00 ns, 133.4898 ns/op
WorkloadActual  15: 4194304 op, 559614524.00 ns, 133.4225 ns/op

// AfterActualRun
WorkloadResult   1: 4194304 op, 550234189.00 ns, 131.1861 ns/op
WorkloadResult   2: 4194304 op, 550043490.00 ns, 131.1406 ns/op
WorkloadResult   3: 4194304 op, 549889008.00 ns, 131.1038 ns/op
WorkloadResult   4: 4194304 op, 550185358.00 ns, 131.1744 ns/op
WorkloadResult   5: 4194304 op, 549959301.00 ns, 131.1205 ns/op
WorkloadResult   6: 4194304 op, 549714550.00 ns, 131.0622 ns/op
WorkloadResult   7: 4194304 op, 550044863.00 ns, 131.1409 ns/op
WorkloadResult   8: 4194304 op, 550225163.00 ns, 131.1839 ns/op
WorkloadResult   9: 4194304 op, 550207790.00 ns, 131.1798 ns/op
WorkloadResult  10: 4194304 op, 549601056.00 ns, 131.0351 ns/op
WorkloadResult  11: 4194304 op, 550105066.00 ns, 131.1553 ns/op
WorkloadResult  12: 4194304 op, 549822604.00 ns, 131.0879 ns/op
// GC:  0 0 0 0 4194304
// Threading:  0 0 4194304

// AfterAll
// Benchmark Process 4411 has exited with code 0.

Mean = 131.131 ns, StdErr = 0.014 ns (0.01%), N = 12, StdDev = 0.050 ns
Min = 131.035 ns, Q1 = 131.100 ns, Median = 131.141 ns, Q3 = 131.176 ns, Max = 131.186 ns
IQR = 0.076 ns, LowerFence = 130.986 ns, UpperFence = 131.290 ns
ConfidenceInterval = [131.067 ns; 131.195 ns] (CI 99.9%), Margin = 0.064 ns (0.05% of Mean)
Skewness = -0.51, Kurtosis = 1.83, MValue = 2

// ** Remained 29 (74.4 %) benchmark(s) to run. Estimated finish 2026-10-04 7:44 (0h 9m from now) **
// **************************
// Benchmark: SecurityBenchmarks.'Token Generation (URL-Safe 32 bytes)': .NET 10.0(Runtime=.NET 10.0, Toolchain=net10.0)
// *** Execute ***
// Launch: 1 / 1
// Execute: dotnet "EricksonLopez.Security.Benchmarks-.NET 10.0-1.dll" --anonymousPipes 114 116 --benchmarkName EricksonLopez.Security.Benchmarks.SecurityBenchmarks.Token_Generate --job ".NET 10.0" --benchmarkId 10 in /home/runner/work/dotnet-security/dotnet-security/benchmarks/EricksonLopez.Security.Benchmarks/bin/Release/net10.0/EricksonLopez.Security.Benchmarks-.NET 10.0-1/bin/Release/net10.0
// Failed to set up high priority (Permission denied). In order to run benchmarks with high priority, make sure you have the right permissions.
// BeforeAnythingElse

// Benchmark Process Environment Information:
// BenchmarkDotNet v0.15.8
// Runtime=.NET 10.0.12 (10.0.12, 10.0.1226.42308), X64 RyuJIT x86-64-v3
// GC=Concurrent Workstation
// HardwareIntrinsics=AVX2+BMI1+BMI2+F16C+FMA+LZCNT+MOVBE,AVX,SSE3+SSSE3+SSE4.1+SSE4.2+POPCNT,X86Base+SSE+SSE2,AES+PCLMUL VectorSize=256
// Job: .NET 10.0

OverheadJitting  1: 1 op, 266533.00 ns, 266.5330 us/op
WorkloadJitting  1: 1 op, 685112.00 ns, 685.1120 us/op

OverheadJitting  2: 16 op, 469204.00 ns, 29.3253 us/op
WorkloadJitting  2: 16 op, 502557.00 ns, 31.4098 us/op

WorkloadPilot    1: 16 op, 80792.00 ns, 5.0495 us/op
WorkloadPilot    2: 32 op, 85221.00 ns, 2.6632 us/op
WorkloadPilot    3: 64 op, 137048.00 ns, 2.1414 us/op
WorkloadPilot    4: 128 op, 246335.00 ns, 1.9245 us/op
WorkloadPilot    5: 256 op, 462562.00 ns, 1.8069 us/op
WorkloadPilot    6: 512 op, 922890.00 ns, 1.8025 us/op
WorkloadPilot    7: 1024 op, 1692551.00 ns, 1.6529 us/op
WorkloadPilot    8: 2048 op, 3489989.00 ns, 1.7041 us/op
WorkloadPilot    9: 4096 op, 6898425.00 ns, 1.6842 us/op
WorkloadPilot   10: 8192 op, 13880518.00 ns, 1.6944 us/op
WorkloadPilot   11: 16384 op, 27691183.00 ns, 1.6901 us/op
WorkloadPilot   12: 32768 op, 55166167.00 ns, 1.6835 us/op
WorkloadPilot   13: 65536 op, 112239163.00 ns, 1.7126 us/op
WorkloadPilot   14: 131072 op, 188918489.00 ns, 1.4413 us/op
WorkloadPilot   15: 262144 op, 332801669.00 ns, 1.2695 us/op
WorkloadPilot   16: 524288 op, 681058883.00 ns, 1.2990 us/op

OverheadWarmup   1: 524288 op, 2115238.00 ns, 4.0345 ns/op
OverheadWarmup   2: 524288 op, 2084880.00 ns, 3.9766 ns/op
OverheadWarmup   3: 524288 op, 2080312.00 ns, 3.9679 ns/op
OverheadWarmup   4: 524288 op, 2077888.00 ns, 3.9633 ns/op
OverheadWarmup   5: 524288 op, 2077266.00 ns, 3.9621 ns/op
OverheadWarmup   6: 524288 op, 2080011.00 ns, 3.9673 ns/op
OverheadWarmup   7: 524288 op, 2077556.00 ns, 3.9626 ns/op
OverheadWarmup   8: 524288 op, 2085722.00 ns, 3.9782 ns/op
OverheadWarmup   9: 524288 op, 2110649.00 ns, 4.0257 ns/op
OverheadWarmup  10: 524288 op, 2088347.00 ns, 3.9832 ns/op

OverheadActual   1: 524288 op, 2204225.00 ns, 4.2042 ns/op
OverheadActual   2: 524288 op, 2110930.00 ns, 4.0263 ns/op
OverheadActual   3: 524288 op, 2119385.00 ns, 4.0424 ns/op
OverheadActual   4: 524288 op, 2077747.00 ns, 3.9630 ns/op
OverheadActual   5: 524288 op, 2158790.00 ns, 4.1176 ns/op
OverheadActual   6: 524288 op, 2080853.00 ns, 3.9689 ns/op
OverheadActual   7: 524288 op, 2084850.00 ns, 3.9765 ns/op
OverheadActual   8: 524288 op, 2081003.00 ns, 3.9692 ns/op
OverheadActual   9: 524288 op, 2081304.00 ns, 3.9698 ns/op
OverheadActual  10: 524288 op, 2087766.00 ns, 3.9821 ns/op
OverheadActual  11: 524288 op, 2078057.00 ns, 3.9636 ns/op
OverheadActual  12: 524288 op, 2086894.00 ns, 3.9804 ns/op
OverheadActual  13: 524288 op, 2088147.00 ns, 3.9828 ns/op
OverheadActual  14: 524288 op, 2087986.00 ns, 3.9825 ns/op
OverheadActual  15: 524288 op, 2088267.00 ns, 3.9831 ns/op

WorkloadWarmup   1: 524288 op, 683388297.00 ns, 1.3035 us/op
WorkloadWarmup   2: 524288 op, 668533832.00 ns, 1.2751 us/op
WorkloadWarmup   3: 524288 op, 666288238.00 ns, 1.2708 us/op
WorkloadWarmup   4: 524288 op, 666498916.00 ns, 1.2712 us/op
WorkloadWarmup   5: 524288 op, 664574969.00 ns, 1.2676 us/op
WorkloadWarmup   6: 524288 op, 666821804.00 ns, 1.2719 us/op
WorkloadWarmup   7: 524288 op, 665023655.00 ns, 1.2684 us/op

// BeforeActualRun
WorkloadActual   1: 524288 op, 667034265.00 ns, 1.2723 us/op
WorkloadActual   2: 524288 op, 669857903.00 ns, 1.2777 us/op
WorkloadActual   3: 524288 op, 667177693.00 ns, 1.2725 us/op
WorkloadActual   4: 524288 op, 665387909.00 ns, 1.2691 us/op
WorkloadActual   5: 524288 op, 666174681.00 ns, 1.2706 us/op
WorkloadActual   6: 524288 op, 666599413.00 ns, 1.2714 us/op
WorkloadActual   7: 524288 op, 668595014.00 ns, 1.2752 us/op
WorkloadActual   8: 524288 op, 667208992.00 ns, 1.2726 us/op
WorkloadActual   9: 524288 op, 666464208.00 ns, 1.2712 us/op
WorkloadActual  10: 524288 op, 666725420.00 ns, 1.2717 us/op
WorkloadActual  11: 524288 op, 666468235.00 ns, 1.2712 us/op
WorkloadActual  12: 524288 op, 666713089.00 ns, 1.2717 us/op
WorkloadActual  13: 524288 op, 666327650.00 ns, 1.2709 us/op
WorkloadActual  14: 524288 op, 668724593.00 ns, 1.2755 us/op
WorkloadActual  15: 524288 op, 666585747.00 ns, 1.2714 us/op

// AfterActualRun
WorkloadResult   1: 524288 op, 664946499.00 ns, 1.2683 us/op
WorkloadResult   2: 524288 op, 665089927.00 ns, 1.2686 us/op
WorkloadResult   3: 524288 op, 663300143.00 ns, 1.2651 us/op
WorkloadResult   4: 524288 op, 664086915.00 ns, 1.2666 us/op
WorkloadResult   5: 524288 op, 664511647.00 ns, 1.2675 us/op
WorkloadResult   6: 524288 op, 665121226.00 ns, 1.2686 us/op
WorkloadResult   7: 524288 op, 664376442.00 ns, 1.2672 us/op
WorkloadResult   8: 524288 op, 664637654.00 ns, 1.2677 us/op
WorkloadResult   9: 524288 op, 664380469.00 ns, 1.2672 us/op
WorkloadResult  10: 524288 op, 664625323.00 ns, 1.2677 us/op
WorkloadResult  11: 524288 op, 664239884.00 ns, 1.2669 us/op
WorkloadResult  12: 524288 op, 664497981.00 ns, 1.2674 us/op
// GC:  12 0 0 203563472 524288
// Threading:  0 0 524288

// AfterAll
// Benchmark Process 4425 has exited with code 0.

Mean = 1.267 μs, StdErr = 0.000 μs (0.02%), N = 12, StdDev = 0.001 μs
Min = 1.265 μs, Q1 = 1.267 μs, Median = 1.267 μs, Q3 = 1.268 μs, Max = 1.269 μs
IQR = 0.001 μs, LowerFence = 1.266 μs, UpperFence = 1.269 μs
ConfidenceInterval = [1.266 μs; 1.269 μs] (CI 99.9%), Margin = 0.001 μs (0.10% of Mean)
Skewness = -0.8, Kurtosis = 3.31, MValue = 2

// ** Remained 28 (71.8 %) benchmark(s) to run. Estimated finish 2026-10-04 7:44 (0h 8m from now) **
// **************************
// Benchmark: SecurityBenchmarks.'Token Hash (SHA-256)': .NET 10.0(Runtime=.NET 10.0, Toolchain=net10.0)
// *** Execute ***
// Launch: 1 / 1
// Execute: dotnet "EricksonLopez.Security.Benchmarks-.NET 10.0-1.dll" --anonymousPipes 114 116 --benchmarkName EricksonLopez.Security.Benchmarks.SecurityBenchmarks.Token_Hash --job ".NET 10.0" --benchmarkId 11 in /home/runner/work/dotnet-security/dotnet-security/benchmarks/EricksonLopez.Security.Benchmarks/bin/Release/net10.0/EricksonLopez.Security.Benchmarks-.NET 10.0-1/bin/Release/net10.0
// Failed to set up high priority (Permission denied). In order to run benchmarks with high priority, make sure you have the right permissions.
// BeforeAnythingElse

// Benchmark Process Environment Information:
// BenchmarkDotNet v0.15.8
// Runtime=.NET 10.0.12 (10.0.12, 10.0.1226.42308), X64 RyuJIT x86-64-v3
// GC=Concurrent Workstation
// HardwareIntrinsics=AVX2+BMI1+BMI2+F16C+FMA+LZCNT+MOVBE,AVX,SSE3+SSSE3+SSE4.1+SSE4.2+POPCNT,X86Base+SSE+SSE2,AES+PCLMUL VectorSize=256
// Job: .NET 10.0

OverheadJitting  1: 1 op, 235755.00 ns, 235.7550 us/op
WorkloadJitting  1: 1 op, 1071570.00 ns, 1.0716 ms/op

OverheadJitting  2: 16 op, 430622.00 ns, 26.9139 us/op
WorkloadJitting  2: 16 op, 484203.00 ns, 30.2627 us/op

WorkloadPilot    1: 16 op, 39345.00 ns, 2.4591 us/op
WorkloadPilot    2: 32 op, 66476.00 ns, 2.0774 us/op
WorkloadPilot    3: 64 op, 94388.00 ns, 1.4748 us/op
WorkloadPilot    4: 128 op, 161124.00 ns, 1.2588 us/op
WorkloadPilot    5: 256 op, 359267.00 ns, 1.4034 us/op
WorkloadPilot    6: 512 op, 645657.00 ns, 1.2610 us/op
WorkloadPilot    7: 1024 op, 1231762.00 ns, 1.2029 us/op
WorkloadPilot    8: 2048 op, 2291129.00 ns, 1.1187 us/op
WorkloadPilot    9: 4096 op, 4551291.00 ns, 1.1112 us/op
WorkloadPilot   10: 8192 op, 9111828.00 ns, 1.1123 us/op
WorkloadPilot   11: 16384 op, 18064027.00 ns, 1.1025 us/op
WorkloadPilot   12: 32768 op, 36085091.00 ns, 1.1012 us/op
WorkloadPilot   13: 65536 op, 72138473.00 ns, 1.1007 us/op
WorkloadPilot   14: 131072 op, 110928424.00 ns, 846.3167 ns/op
WorkloadPilot   15: 262144 op, 167614304.00 ns, 639.3978 ns/op
WorkloadPilot   16: 524288 op, 330633765.00 ns, 630.6339 ns/op
WorkloadPilot   17: 1048576 op, 661117407.00 ns, 630.4907 ns/op

OverheadWarmup   1: 1048576 op, 4142139.00 ns, 3.9503 ns/op
OverheadWarmup   2: 1048576 op, 4173979.00 ns, 3.9806 ns/op
OverheadWarmup   3: 1048576 op, 4158630.00 ns, 3.9660 ns/op
OverheadWarmup   4: 1048576 op, 4170192.00 ns, 3.9770 ns/op
OverheadWarmup   5: 1048576 op, 4137942.00 ns, 3.9462 ns/op

OverheadActual   1: 1048576 op, 4158150.00 ns, 3.9655 ns/op
OverheadActual   2: 1048576 op, 4159893.00 ns, 3.9672 ns/op
OverheadActual   3: 1048576 op, 4176524.00 ns, 3.9830 ns/op
OverheadActual   4: 1048576 op, 4164782.00 ns, 3.9718 ns/op
OverheadActual   5: 1048576 op, 4169872.00 ns, 3.9767 ns/op
OverheadActual   6: 1048576 op, 4196511.00 ns, 4.0021 ns/op
OverheadActual   7: 1048576 op, 4150124.00 ns, 3.9579 ns/op
OverheadActual   8: 1048576 op, 4136268.00 ns, 3.9447 ns/op
OverheadActual   9: 1048576 op, 4193556.00 ns, 3.9993 ns/op
OverheadActual  10: 1048576 op, 4198195.00 ns, 4.0037 ns/op
OverheadActual  11: 1048576 op, 4172797.00 ns, 3.9795 ns/op
OverheadActual  12: 1048576 op, 4149823.00 ns, 3.9576 ns/op
OverheadActual  13: 1048576 op, 4149373.00 ns, 3.9572 ns/op
OverheadActual  14: 1048576 op, 4150886.00 ns, 3.9586 ns/op
OverheadActual  15: 1048576 op, 4140866.00 ns, 3.9490 ns/op

WorkloadWarmup   1: 1048576 op, 676012370.00 ns, 644.6956 ns/op
WorkloadWarmup   2: 1048576 op, 678044550.00 ns, 646.6337 ns/op
WorkloadWarmup   3: 1048576 op, 661826744.00 ns, 631.1672 ns/op
WorkloadWarmup   4: 1048576 op, 659207196.00 ns, 628.6690 ns/op
WorkloadWarmup   5: 1048576 op, 658975739.00 ns, 628.4482 ns/op
WorkloadWarmup   6: 1048576 op, 660868328.00 ns, 630.2532 ns/op
WorkloadWarmup   7: 1048576 op, 661285555.00 ns, 630.6510 ns/op
WorkloadWarmup   8: 1048576 op, 660804726.00 ns, 630.1925 ns/op

// BeforeActualRun
WorkloadActual   1: 1048576 op, 661874344.00 ns, 631.2126 ns/op
WorkloadActual   2: 1048576 op, 661512331.00 ns, 630.8673 ns/op
WorkloadActual   3: 1048576 op, 660599960.00 ns, 629.9972 ns/op
WorkloadActual   4: 1048576 op, 661459812.00 ns, 630.8172 ns/op
WorkloadActual   5: 1048576 op, 665333694.00 ns, 634.5117 ns/op
WorkloadActual   6: 1048576 op, 659637876.00 ns, 629.0797 ns/op
WorkloadActual   7: 1048576 op, 661091698.00 ns, 630.4662 ns/op
WorkloadActual   8: 1048576 op, 660623194.00 ns, 630.0194 ns/op
WorkloadActual   9: 1048576 op, 660082085.00 ns, 629.5033 ns/op
WorkloadActual  10: 1048576 op, 662257286.00 ns, 631.5778 ns/op
WorkloadActual  11: 1048576 op, 671562768.00 ns, 640.4522 ns/op
WorkloadActual  12: 1048576 op, 660515275.00 ns, 629.9165 ns/op
WorkloadActual  13: 1048576 op, 663152707.00 ns, 632.4317 ns/op
WorkloadActual  14: 1048576 op, 664774825.00 ns, 633.9787 ns/op
WorkloadActual  15: 1048576 op, 660536966.00 ns, 629.9371 ns/op

// AfterActualRun
WorkloadResult   1: 1048576 op, 657714451.00 ns, 627.2454 ns/op
WorkloadResult   2: 1048576 op, 657352438.00 ns, 626.9001 ns/op
WorkloadResult   3: 1048576 op, 656440067.00 ns, 626.0300 ns/op
WorkloadResult   4: 1048576 op, 657299919.00 ns, 626.8501 ns/op
WorkloadResult   5: 1048576 op, 661173801.00 ns, 630.5445 ns/op
WorkloadResult   6: 1048576 op, 655477983.00 ns, 625.1125 ns/op
WorkloadResult   7: 1048576 op, 656931805.00 ns, 626.4990 ns/op
WorkloadResult   8: 1048576 op, 656463301.00 ns, 626.0522 ns/op
WorkloadResult   9: 1048576 op, 655922192.00 ns, 625.5361 ns/op
WorkloadResult  10: 1048576 op, 658097393.00 ns, 627.6106 ns/op
WorkloadResult  11: 1048576 op, 656355382.00 ns, 625.9493 ns/op
WorkloadResult  12: 1048576 op, 658992814.00 ns, 628.4645 ns/op
WorkloadResult  13: 1048576 op, 660614932.00 ns, 630.0115 ns/op
WorkloadResult  14: 1048576 op, 656377073.00 ns, 625.9700 ns/op
// GC:  11 0 0 192937984 1048576
// Threading:  0 0 1048576

// AfterAll
// Benchmark Process 4443 has exited with code 0.

Mean = 627.055 ns, StdErr = 0.433 ns (0.07%), N = 14, StdDev = 1.621 ns
Min = 625.113 ns, Q1 = 625.985 ns, Median = 626.675 ns, Q3 = 627.519 ns, Max = 630.544 ns
IQR = 1.534 ns, LowerFence = 623.684 ns, UpperFence = 629.821 ns
ConfidenceInterval = [625.227 ns; 628.884 ns] (CI 99.9%), Margin = 1.829 ns (0.29% of Mean)
Skewness = 0.93, Kurtosis = 2.62, MValue = 2

// ** Remained 27 (69.2 %) benchmark(s) to run. Estimated finish 2026-10-04 7:44 (0h 8m from now) **
// **************************
// Benchmark: SecurityBenchmarks.'SecretBuffer Allocate & Dispose (ZeroMemory)': .NET 10.0(Runtime=.NET 10.0, Toolchain=net10.0)
// *** Execute ***
// Launch: 1 / 1
// Execute: dotnet "EricksonLopez.Security.Benchmarks-.NET 10.0-1.dll" --anonymousPipes 114 116 --benchmarkName EricksonLopez.Security.Benchmarks.SecurityBenchmarks.SecretBuffer_RentAndScrub --job ".NET 10.0" --benchmarkId 12 in /home/runner/work/dotnet-security/dotnet-security/benchmarks/EricksonLopez.Security.Benchmarks/bin/Release/net10.0/EricksonLopez.Security.Benchmarks-.NET 10.0-1/bin/Release/net10.0
// Failed to set up high priority (Permission denied). In order to run benchmarks with high priority, make sure you have the right permissions.
// BeforeAnythingElse

// Benchmark Process Environment Information:
// BenchmarkDotNet v0.15.8
// Runtime=.NET 10.0.12 (10.0.12, 10.0.1226.42308), X64 RyuJIT x86-64-v3
// GC=Concurrent Workstation
// HardwareIntrinsics=AVX2+BMI1+BMI2+F16C+FMA+LZCNT+MOVBE,AVX,SSE3+SSSE3+SSE4.1+SSE4.2+POPCNT,X86Base+SSE+SSE2,AES+PCLMUL VectorSize=256
// Job: .NET 10.0

OverheadJitting  1: 1 op, 213863.00 ns, 213.8630 us/op
WorkloadJitting  1: 1 op, 623836.00 ns, 623.8360 us/op

OverheadJitting  2: 16 op, 180010.00 ns, 11.2506 us/op
WorkloadJitting  2: 16 op, 262024.00 ns, 16.3765 us/op

WorkloadPilot    1: 16 op, 7875.00 ns, 492.1875 ns/op
WorkloadPilot    2: 32 op, 10540.00 ns, 329.3750 ns/op
WorkloadPilot    3: 64 op, 10930.00 ns, 170.7813 ns/op
WorkloadPilot    4: 128 op, 53681.00 ns, 419.3828 ns/op
WorkloadPilot    5: 256 op, 44334.00 ns, 173.1797 ns/op
WorkloadPilot    6: 512 op, 66575.00 ns, 130.0293 ns/op
WorkloadPilot    7: 1024 op, 163489.00 ns, 159.6572 ns/op
WorkloadPilot    8: 2048 op, 270730.00 ns, 132.1924 ns/op
WorkloadPilot    9: 4096 op, 565987.00 ns, 138.1804 ns/op
WorkloadPilot   10: 8192 op, 1098080.00 ns, 134.0430 ns/op
WorkloadPilot   11: 16384 op, 1993408.00 ns, 121.6680 ns/op
WorkloadPilot   12: 32768 op, 4021732.00 ns, 122.7335 ns/op
WorkloadPilot   13: 65536 op, 8129206.00 ns, 124.0418 ns/op
WorkloadPilot   14: 131072 op, 16682219.00 ns, 127.2752 ns/op
WorkloadPilot   15: 262144 op, 33882024.00 ns, 129.2497 ns/op
WorkloadPilot   16: 524288 op, 70721696.00 ns, 134.8909 ns/op
WorkloadPilot   17: 1048576 op, 94961243.00 ns, 90.5621 ns/op
WorkloadPilot   18: 2097152 op, 159798415.00 ns, 76.1978 ns/op
WorkloadPilot   19: 4194304 op, 309506427.00 ns, 73.7921 ns/op
WorkloadPilot   20: 8388608 op, 622652144.00 ns, 74.2259 ns/op

OverheadWarmup   1: 8388608 op, 24572595.00 ns, 2.9293 ns/op
OverheadWarmup   2: 8388608 op, 24693823.00 ns, 2.9437 ns/op
OverheadWarmup   3: 8388608 op, 24237503.00 ns, 2.8893 ns/op
OverheadWarmup   4: 8388608 op, 24323124.00 ns, 2.8995 ns/op
OverheadWarmup   5: 8388608 op, 24408074.00 ns, 2.9097 ns/op
OverheadWarmup   6: 8388608 op, 24215672.00 ns, 2.8867 ns/op

OverheadActual   1: 8388608 op, 24462366.00 ns, 2.9161 ns/op
OverheadActual   2: 8388608 op, 24322594.00 ns, 2.8995 ns/op
OverheadActual   3: 8388608 op, 24552908.00 ns, 2.9269 ns/op
OverheadActual   4: 8388608 op, 24196576.00 ns, 2.8845 ns/op
OverheadActual   5: 8388608 op, 25357445.00 ns, 3.0228 ns/op
OverheadActual   6: 8388608 op, 24297165.00 ns, 2.8964 ns/op
OverheadActual   7: 8388608 op, 24168933.00 ns, 2.8812 ns/op
OverheadActual   8: 8388608 op, 24386063.00 ns, 2.9070 ns/op
OverheadActual   9: 8388608 op, 24357650.00 ns, 2.9037 ns/op
OverheadActual  10: 8388608 op, 27928302.00 ns, 3.3293 ns/op
OverheadActual  11: 8388608 op, 16429724.00 ns, 1.9586 ns/op
OverheadActual  12: 8388608 op, 16366906.00 ns, 1.9511 ns/op
OverheadActual  13: 8388608 op, 16312233.00 ns, 1.9446 ns/op
OverheadActual  14: 8388608 op, 16404676.00 ns, 1.9556 ns/op
OverheadActual  15: 8388608 op, 16306641.00 ns, 1.9439 ns/op
OverheadActual  16: 8388608 op, 16358240.00 ns, 1.9501 ns/op
OverheadActual  17: 8388608 op, 16440534.00 ns, 1.9599 ns/op
OverheadActual  18: 8388608 op, 16428261.00 ns, 1.9584 ns/op
OverheadActual  19: 8388608 op, 16341558.00 ns, 1.9481 ns/op
OverheadActual  20: 8388608 op, 16364850.00 ns, 1.9508 ns/op

WorkloadWarmup   1: 8388608 op, 629853251.00 ns, 75.0844 ns/op
WorkloadWarmup   2: 8388608 op, 625206901.00 ns, 74.5305 ns/op
WorkloadWarmup   3: 8388608 op, 619418949.00 ns, 73.8405 ns/op
WorkloadWarmup   4: 8388608 op, 619078147.00 ns, 73.7999 ns/op
WorkloadWarmup   5: 8388608 op, 618715608.00 ns, 73.7566 ns/op
WorkloadWarmup   6: 8388608 op, 618619217.00 ns, 73.7452 ns/op
WorkloadWarmup   7: 8388608 op, 618756296.00 ns, 73.7615 ns/op
WorkloadWarmup   8: 8388608 op, 617083292.00 ns, 73.5621 ns/op
WorkloadWarmup   9: 8388608 op, 618519861.00 ns, 73.7333 ns/op
WorkloadWarmup  10: 8388608 op, 618544467.00 ns, 73.7362 ns/op
WorkloadWarmup  11: 8388608 op, 619781369.00 ns, 73.8837 ns/op
WorkloadWarmup  12: 8388608 op, 628544219.00 ns, 74.9283 ns/op
WorkloadWarmup  13: 8388608 op, 624892484.00 ns, 74.4930 ns/op

// BeforeActualRun
WorkloadActual   1: 8388608 op, 624545730.00 ns, 74.4517 ns/op
WorkloadActual   2: 8388608 op, 620762638.00 ns, 74.0007 ns/op
WorkloadActual   3: 8388608 op, 625014785.00 ns, 74.5076 ns/op
WorkloadActual   4: 8388608 op, 623780787.00 ns, 74.3605 ns/op
WorkloadActual   5: 8388608 op, 617738091.00 ns, 73.6401 ns/op
WorkloadActual   6: 8388608 op, 618732135.00 ns, 73.7586 ns/op
WorkloadActual   7: 8388608 op, 618565680.00 ns, 73.7388 ns/op
WorkloadActual   8: 8388608 op, 617138641.00 ns, 73.5687 ns/op
WorkloadActual   9: 8388608 op, 619277272.00 ns, 73.8236 ns/op
WorkloadActual  10: 8388608 op, 617256723.00 ns, 73.5827 ns/op
WorkloadActual  11: 8388608 op, 618857231.00 ns, 73.7735 ns/op
WorkloadActual  12: 8388608 op, 617406166.00 ns, 73.6006 ns/op
WorkloadActual  13: 8388608 op, 618042144.00 ns, 73.6764 ns/op
WorkloadActual  14: 8388608 op, 618989660.00 ns, 73.7893 ns/op
WorkloadActual  15: 8388608 op, 617898693.00 ns, 73.6593 ns/op

// AfterActualRun
WorkloadResult   1: 8388608 op, 600457904.50 ns, 71.5802 ns/op
WorkloadResult   2: 8388608 op, 597433357.50 ns, 71.2196 ns/op
WorkloadResult   3: 8388608 op, 598427401.50 ns, 71.3381 ns/op
WorkloadResult   4: 8388608 op, 598260946.50 ns, 71.3183 ns/op
WorkloadResult   5: 8388608 op, 596833907.50 ns, 71.1481 ns/op
WorkloadResult   6: 8388608 op, 598972538.50 ns, 71.4031 ns/op
WorkloadResult   7: 8388608 op, 596951989.50 ns, 71.1622 ns/op
WorkloadResult   8: 8388608 op, 598552497.50 ns, 71.3530 ns/op
WorkloadResult   9: 8388608 op, 597101432.50 ns, 71.1800 ns/op
WorkloadResult  10: 8388608 op, 597737410.50 ns, 71.2559 ns/op
WorkloadResult  11: 8388608 op, 598684926.50 ns, 71.3688 ns/op
WorkloadResult  12: 8388608 op, 597593959.50 ns, 71.2388 ns/op
// GC:  16 0 0 268435456 8388608
// Threading:  0 0 8388608

// AfterAll
// Benchmark Process 4478 has exited with code 0.

Mean = 71.297 ns, StdErr = 0.036 ns (0.05%), N = 12, StdDev = 0.123 ns
Min = 71.148 ns, Q1 = 71.210 ns, Median = 71.287 ns, Q3 = 71.357 ns, Max = 71.580 ns
IQR = 0.147 ns, LowerFence = 70.989 ns, UpperFence = 71.578 ns
ConfidenceInterval = [71.139 ns; 71.455 ns] (CI 99.9%), Margin = 0.158 ns (0.22% of Mean)
Skewness = 0.73, Kurtosis = 2.76, MValue = 2

// ** Remained 26 (66.7 %) benchmark(s) to run. Estimated finish 2026-10-04 7:44 (0h 8m from now) **
// **************************
// Benchmark: SecurityBenchmarks.'AES-GCM 256-bit Encrypt (Span, Zero-Alloc)': .NET 8.0(Runtime=.NET 8.0, Toolchain=net8.0)
// *** Execute ***
// Launch: 1 / 1
// Execute: dotnet "EricksonLopez.Security.Benchmarks-.NET 8.0-2.dll" --anonymousPipes 114 116 --benchmarkName EricksonLopez.Security.Benchmarks.SecurityBenchmarks.AesGcm_Encrypt_Span --job ".NET 8.0" --benchmarkId 0 in /home/runner/work/dotnet-security/dotnet-security/benchmarks/EricksonLopez.Security.Benchmarks/bin/Release/net10.0/EricksonLopez.Security.Benchmarks-.NET 8.0-2/bin/Release/net8.0
// Failed to set up high priority (Permission denied). In order to run benchmarks with high priority, make sure you have the right permissions.
// BeforeAnythingElse

// Benchmark Process Environment Information:
// BenchmarkDotNet v0.15.8
// Runtime=.NET 8.0.31 (8.0.31, 8.0.3126.42015), X64 RyuJIT x86-64-v3
// GC=Concurrent Workstation
// HardwareIntrinsics=AVX2+BMI1+BMI2+F16C+FMA+LZCNT+MOVBE,AVX,SSE3+SSSE3+SSE4.1+SSE4.2+POPCNT,X86Base+SSE+SSE2,AES+PCLMUL VectorSize=256
// Job: .NET 8.0

OverheadJitting  1: 1 op, 156134.00 ns, 156.1340 us/op
WorkloadJitting  1: 1 op, 298973.00 ns, 298.9730 us/op

OverheadJitting  2: 16 op, 158439.00 ns, 9.9024 us/op
WorkloadJitting  2: 16 op, 309814.00 ns, 19.3634 us/op

WorkloadPilot    1: 16 op, 108865.00 ns, 6.8041 us/op
WorkloadPilot    2: 32 op, 170041.00 ns, 5.3138 us/op
WorkloadPilot    3: 64 op, 302791.00 ns, 4.7311 us/op
WorkloadPilot    4: 128 op, 592117.00 ns, 4.6259 us/op
WorkloadPilot    5: 256 op, 1142203.00 ns, 4.4617 us/op
WorkloadPilot    6: 512 op, 2214526.00 ns, 4.3252 us/op
WorkloadPilot    7: 1024 op, 4496076.00 ns, 4.3907 us/op
WorkloadPilot    8: 2048 op, 8895390.00 ns, 4.3435 us/op
WorkloadPilot    9: 4096 op, 17886300.00 ns, 4.3668 us/op
WorkloadPilot   10: 8192 op, 35342318.00 ns, 4.3142 us/op
WorkloadPilot   11: 16384 op, 70535224.00 ns, 4.3051 us/op
WorkloadPilot   12: 32768 op, 134786238.00 ns, 4.1133 us/op
WorkloadPilot   13: 65536 op, 257261950.00 ns, 3.9255 us/op
WorkloadPilot   14: 131072 op, 519524318.00 ns, 3.9637 us/op

OverheadWarmup   1: 131072 op, 295056.00 ns, 2.2511 ns/op
OverheadWarmup   2: 131072 op, 315265.00 ns, 2.4053 ns/op
OverheadWarmup   3: 131072 op, 325674.00 ns, 2.4847 ns/op
OverheadWarmup   4: 131072 op, 331454.00 ns, 2.5288 ns/op
OverheadWarmup   5: 131072 op, 423288.00 ns, 3.2294 ns/op
OverheadWarmup   6: 131072 op, 329962.00 ns, 2.5174 ns/op
OverheadWarmup   7: 131072 op, 327016.00 ns, 2.4949 ns/op
OverheadWarmup   8: 131072 op, 326686.00 ns, 2.4924 ns/op
OverheadWarmup   9: 131072 op, 328890.00 ns, 2.5092 ns/op
OverheadWarmup  10: 131072 op, 329110.00 ns, 2.5109 ns/op

OverheadActual   1: 131072 op, 318881.00 ns, 2.4329 ns/op
OverheadActual   2: 131072 op, 314002.00 ns, 2.3956 ns/op
OverheadActual   3: 131072 op, 314403.00 ns, 2.3987 ns/op
OverheadActual   4: 131072 op, 314313.00 ns, 2.3980 ns/op
OverheadActual   5: 131072 op, 315034.00 ns, 2.4035 ns/op
OverheadActual   6: 131072 op, 315174.00 ns, 2.4046 ns/op
OverheadActual   7: 131072 op, 315074.00 ns, 2.4038 ns/op
OverheadActual   8: 131072 op, 315254.00 ns, 2.4052 ns/op
OverheadActual   9: 131072 op, 315685.00 ns, 2.4085 ns/op
OverheadActual  10: 131072 op, 315454.00 ns, 2.4067 ns/op
OverheadActual  11: 131072 op, 318390.00 ns, 2.4291 ns/op
OverheadActual  12: 131072 op, 313541.00 ns, 2.3921 ns/op
OverheadActual  13: 131072 op, 313091.00 ns, 2.3887 ns/op
OverheadActual  14: 131072 op, 313631.00 ns, 2.3928 ns/op
OverheadActual  15: 131072 op, 314343.00 ns, 2.3982 ns/op

WorkloadWarmup   1: 131072 op, 522061818.00 ns, 3.9830 us/op
WorkloadWarmup   2: 131072 op, 514107547.00 ns, 3.9223 us/op
WorkloadWarmup   3: 131072 op, 511335450.00 ns, 3.9012 us/op
WorkloadWarmup   4: 131072 op, 511449545.00 ns, 3.9021 us/op
WorkloadWarmup   5: 131072 op, 510558014.00 ns, 3.8952 us/op
WorkloadWarmup   6: 131072 op, 510705362.00 ns, 3.8964 us/op
WorkloadWarmup   7: 131072 op, 519614012.00 ns, 3.9643 us/op
WorkloadWarmup   8: 131072 op, 514707387.00 ns, 3.9269 us/op

// BeforeActualRun
WorkloadActual   1: 131072 op, 513817879.00 ns, 3.9201 us/op
WorkloadActual   2: 131072 op, 510107315.00 ns, 3.8918 us/op
WorkloadActual   3: 131072 op, 510905118.00 ns, 3.8979 us/op
WorkloadActual   4: 131072 op, 510543607.00 ns, 3.8951 us/op
WorkloadActual   5: 131072 op, 510453247.00 ns, 3.8944 us/op
WorkloadActual   6: 131072 op, 510463035.00 ns, 3.8945 us/op
WorkloadActual   7: 131072 op, 510827542.00 ns, 3.8973 us/op
WorkloadActual   8: 131072 op, 510201011.00 ns, 3.8925 us/op
WorkloadActual   9: 131072 op, 510178609.00 ns, 3.8924 us/op
WorkloadActual  10: 131072 op, 510171686.00 ns, 3.8923 us/op
WorkloadActual  11: 131072 op, 512309186.00 ns, 3.9086 us/op
WorkloadActual  12: 131072 op, 510749335.00 ns, 3.8967 us/op
WorkloadActual  13: 131072 op, 510312060.00 ns, 3.8934 us/op
WorkloadActual  14: 131072 op, 510014139.00 ns, 3.8911 us/op
WorkloadActual  15: 131072 op, 510417710.00 ns, 3.8942 us/op

// AfterActualRun
WorkloadResult   1: 131072 op, 509792281.00 ns, 3.8894 us/op
WorkloadResult   2: 131072 op, 510590084.00 ns, 3.8955 us/op
WorkloadResult   3: 131072 op, 510228573.00 ns, 3.8927 us/op
WorkloadResult   4: 131072 op, 510138213.00 ns, 3.8920 us/op
WorkloadResult   5: 131072 op, 510148001.00 ns, 3.8921 us/op
WorkloadResult   6: 131072 op, 510512508.00 ns, 3.8949 us/op
WorkloadResult   7: 131072 op, 509885977.00 ns, 3.8901 us/op
WorkloadResult   8: 131072 op, 509863575.00 ns, 3.8900 us/op
WorkloadResult   9: 131072 op, 509856652.00 ns, 3.8899 us/op
WorkloadResult  10: 131072 op, 510434301.00 ns, 3.8943 us/op
WorkloadResult  11: 131072 op, 509997026.00 ns, 3.8910 us/op
WorkloadResult  12: 131072 op, 509699105.00 ns, 3.8887 us/op
WorkloadResult  13: 131072 op, 510102676.00 ns, 3.8918 us/op
// GC:  0 0 0 8388816 131072
// Threading:  0 0 131072

// AfterAll
// Benchmark Process 4492 has exited with code 0.

Mean = 3.892 μs, StdErr = 0.001 μs (0.02%), N = 13, StdDev = 0.002 μs
Min = 3.889 μs, Q1 = 3.890 μs, Median = 3.892 μs, Q3 = 3.893 μs, Max = 3.895 μs
IQR = 0.003 μs, LowerFence = 3.886 μs, UpperFence = 3.897 μs
ConfidenceInterval = [3.889 μs; 3.894 μs] (CI 99.9%), Margin = 0.003 μs (0.07% of Mean)
Skewness = 0.36, Kurtosis = 1.71, MValue = 2

// ** Remained 25 (64.1 %) benchmark(s) to run. Estimated finish 2026-10-04 7:44 (0h 7m from now) **
// **************************
// Benchmark: SecurityBenchmarks.'AES-GCM 256-bit Decrypt (Span, Zero-Alloc)': .NET 8.0(Runtime=.NET 8.0, Toolchain=net8.0)
// *** Execute ***
// Launch: 1 / 1
// Execute: dotnet "EricksonLopez.Security.Benchmarks-.NET 8.0-2.dll" --anonymousPipes 114 116 --benchmarkName EricksonLopez.Security.Benchmarks.SecurityBenchmarks.AesGcm_Decrypt_Span --job ".NET 8.0" --benchmarkId 1 in /home/runner/work/dotnet-security/dotnet-security/benchmarks/EricksonLopez.Security.Benchmarks/bin/Release/net10.0/EricksonLopez.Security.Benchmarks-.NET 8.0-2/bin/Release/net8.0
// Failed to set up high priority (Permission denied). In order to run benchmarks with high priority, make sure you have the right permissions.
// BeforeAnythingElse

// Benchmark Process Environment Information:
// BenchmarkDotNet v0.15.8
// Runtime=.NET 8.0.31 (8.0.31, 8.0.3126.42015), X64 RyuJIT x86-64-v3
// GC=Concurrent Workstation
// HardwareIntrinsics=AVX2+BMI1+BMI2+F16C+FMA+LZCNT+MOVBE,AVX,SSE3+SSSE3+SSE4.1+SSE4.2+POPCNT,X86Base+SSE+SSE2,AES+PCLMUL VectorSize=256
// Job: .NET 8.0

OverheadJitting  1: 1 op, 181181.00 ns, 181.1810 us/op
WorkloadJitting  1: 1 op, 920696.00 ns, 920.6960 us/op

OverheadJitting  2: 16 op, 157246.00 ns, 9.8279 us/op
WorkloadJitting  2: 16 op, 245343.00 ns, 15.3339 us/op

WorkloadPilot    1: 16 op, 79680.00 ns, 4.9800 us/op
WorkloadPilot    2: 32 op, 116129.00 ns, 3.6290 us/op
WorkloadPilot    3: 64 op, 202792.00 ns, 3.1686 us/op
WorkloadPilot    4: 128 op, 365600.00 ns, 2.8563 us/op
WorkloadPilot    5: 256 op, 720859.00 ns, 2.8159 us/op
WorkloadPilot    6: 512 op, 1374692.00 ns, 2.6849 us/op
WorkloadPilot    7: 1024 op, 2782636.00 ns, 2.7174 us/op
WorkloadPilot    8: 2048 op, 5442691.00 ns, 2.6576 us/op
WorkloadPilot    9: 4096 op, 10785984.00 ns, 2.6333 us/op
WorkloadPilot   10: 8192 op, 21427184.00 ns, 2.6156 us/op
WorkloadPilot   11: 16384 op, 43610855.00 ns, 2.6618 us/op
WorkloadPilot   12: 32768 op, 86485192.00 ns, 2.6393 us/op
WorkloadPilot   13: 65536 op, 151811254.00 ns, 2.3165 us/op
WorkloadPilot   14: 131072 op, 305866009.00 ns, 2.3336 us/op
WorkloadPilot   15: 262144 op, 614633681.00 ns, 2.3446 us/op

OverheadWarmup   1: 262144 op, 617074.00 ns, 2.3540 ns/op
OverheadWarmup   2: 262144 op, 587037.00 ns, 2.2394 ns/op
OverheadWarmup   3: 262144 op, 604530.00 ns, 2.3061 ns/op
OverheadWarmup   4: 262144 op, 603889.00 ns, 2.3037 ns/op
OverheadWarmup   5: 262144 op, 590543.00 ns, 2.2527 ns/op
OverheadWarmup   6: 262144 op, 587037.00 ns, 2.2394 ns/op
OverheadWarmup   7: 262144 op, 603859.00 ns, 2.3035 ns/op
OverheadWarmup   8: 262144 op, 603087.00 ns, 2.3006 ns/op

OverheadActual   1: 262144 op, 587207.00 ns, 2.2400 ns/op
OverheadActual   2: 262144 op, 607355.00 ns, 2.3169 ns/op
OverheadActual   3: 262144 op, 605832.00 ns, 2.3111 ns/op
OverheadActual   4: 262144 op, 587127.00 ns, 2.2397 ns/op
OverheadActual   5: 262144 op, 606514.00 ns, 2.3137 ns/op
OverheadActual   6: 262144 op, 587077.00 ns, 2.2395 ns/op
OverheadActual   7: 262144 op, 603228.00 ns, 2.3011 ns/op
OverheadActual   8: 262144 op, 606493.00 ns, 2.3136 ns/op
OverheadActual   9: 262144 op, 603217.00 ns, 2.3011 ns/op
OverheadActual  10: 262144 op, 586976.00 ns, 2.2391 ns/op
OverheadActual  11: 262144 op, 587016.00 ns, 2.2393 ns/op
OverheadActual  12: 262144 op, 604740.00 ns, 2.3069 ns/op
OverheadActual  13: 262144 op, 603909.00 ns, 2.3037 ns/op
OverheadActual  14: 262144 op, 587047.00 ns, 2.2394 ns/op
OverheadActual  15: 262144 op, 587107.00 ns, 2.2396 ns/op

WorkloadWarmup   1: 262144 op, 615738340.00 ns, 2.3489 us/op
WorkloadWarmup   2: 262144 op, 603533829.00 ns, 2.3023 us/op
WorkloadWarmup   3: 262144 op, 600310682.00 ns, 2.2900 us/op
WorkloadWarmup   4: 262144 op, 600737096.00 ns, 2.2916 us/op
WorkloadWarmup   5: 262144 op, 599259330.00 ns, 2.2860 us/op
WorkloadWarmup   6: 262144 op, 599637232.00 ns, 2.2874 us/op
WorkloadWarmup   7: 262144 op, 600817757.00 ns, 2.2919 us/op
WorkloadWarmup   8: 262144 op, 600125883.00 ns, 2.2893 us/op

// BeforeActualRun
WorkloadActual   1: 262144 op, 607317492.00 ns, 2.3167 us/op
WorkloadActual   2: 262144 op, 601952778.00 ns, 2.2963 us/op
WorkloadActual   3: 262144 op, 600520308.00 ns, 2.2908 us/op
WorkloadActual   4: 262144 op, 600648909.00 ns, 2.2913 us/op
WorkloadActual   5: 262144 op, 601837601.00 ns, 2.2958 us/op
WorkloadActual   6: 262144 op, 601404376.00 ns, 2.2942 us/op
WorkloadActual   7: 262144 op, 600028097.00 ns, 2.2889 us/op
WorkloadActual   8: 262144 op, 600233385.00 ns, 2.2897 us/op
WorkloadActual   9: 262144 op, 601567760.00 ns, 2.2948 us/op
WorkloadActual  10: 262144 op, 601199996.00 ns, 2.2934 us/op
WorkloadActual  11: 262144 op, 600010504.00 ns, 2.2889 us/op
WorkloadActual  12: 262144 op, 600549500.00 ns, 2.2909 us/op
WorkloadActual  13: 262144 op, 602911253.00 ns, 2.2999 us/op
WorkloadActual  14: 262144 op, 599371029.00 ns, 2.2864 us/op
WorkloadActual  15: 262144 op, 600525947.00 ns, 2.2908 us/op

// AfterActualRun
WorkloadResult   1: 262144 op, 601349561.00 ns, 2.2940 us/op
WorkloadResult   2: 262144 op, 599917091.00 ns, 2.2885 us/op
WorkloadResult   3: 262144 op, 600045692.00 ns, 2.2890 us/op
WorkloadResult   4: 262144 op, 601234384.00 ns, 2.2935 us/op
WorkloadResult   5: 262144 op, 600801159.00 ns, 2.2919 us/op
WorkloadResult   6: 262144 op, 599424880.00 ns, 2.2866 us/op
WorkloadResult   7: 262144 op, 599630168.00 ns, 2.2874 us/op
WorkloadResult   8: 262144 op, 600964543.00 ns, 2.2925 us/op
WorkloadResult   9: 262144 op, 600596779.00 ns, 2.2911 us/op
WorkloadResult  10: 262144 op, 599407287.00 ns, 2.2866 us/op
WorkloadResult  11: 262144 op, 599946283.00 ns, 2.2886 us/op
WorkloadResult  12: 262144 op, 602308036.00 ns, 2.2976 us/op
WorkloadResult  13: 262144 op, 598767812.00 ns, 2.2841 us/op
WorkloadResult  14: 262144 op, 599922730.00 ns, 2.2885 us/op
// GC:  1 0 0 16777632 262144
// Threading:  0 0 262144

// AfterAll
// Benchmark Process 4507 has exited with code 0.

Mean = 2.290 μs, StdErr = 0.001 μs (0.04%), N = 14, StdDev = 0.004 μs
Min = 2.284 μs, Q1 = 2.288 μs, Median = 2.289 μs, Q3 = 2.292 μs, Max = 2.298 μs
IQR = 0.005 μs, LowerFence = 2.281 μs, UpperFence = 2.299 μs
ConfidenceInterval = [2.286 μs; 2.294 μs] (CI 99.9%), Margin = 0.004 μs (0.18% of Mean)
Skewness = 0.4, Kurtosis = 2.26, MValue = 2

// ** Remained 24 (61.5 %) benchmark(s) to run. Estimated finish 2026-10-04 7:43 (0h 7m from now) **
// **************************
// Benchmark: SecurityBenchmarks.'AES-GCM Parallel Concurrent Throughput (100 ops)': .NET 8.0(Runtime=.NET 8.0, Toolchain=net8.0)
// *** Execute ***
// Launch: 1 / 1
// Execute: dotnet "EricksonLopez.Security.Benchmarks-.NET 8.0-2.dll" --anonymousPipes 114 116 --benchmarkName EricksonLopez.Security.Benchmarks.SecurityBenchmarks.AesGcm_Concurrent_Throughput --job ".NET 8.0" --benchmarkId 2 in /home/runner/work/dotnet-security/dotnet-security/benchmarks/EricksonLopez.Security.Benchmarks/bin/Release/net10.0/EricksonLopez.Security.Benchmarks-.NET 8.0-2/bin/Release/net8.0
// Failed to set up high priority (Permission denied). In order to run benchmarks with high priority, make sure you have the right permissions.
// BeforeAnythingElse

// Benchmark Process Environment Information:
// BenchmarkDotNet v0.15.8
// Runtime=.NET 8.0.31 (8.0.31, 8.0.3126.42015), X64 RyuJIT x86-64-v3
// GC=Concurrent Workstation
// HardwareIntrinsics=AVX2+BMI1+BMI2+F16C+FMA+LZCNT+MOVBE,AVX,SSE3+SSSE3+SSE4.1+SSE4.2+POPCNT,X86Base+SSE+SSE2,AES+PCLMUL VectorSize=256
// Job: .NET 8.0

OverheadJitting  1: 1 op, 149182.00 ns, 149.1820 us/op
WorkloadJitting  1: 1 op, 15018792.00 ns, 15.0188 ms/op

OverheadJitting  2: 16 op, 199396.00 ns, 12.4623 us/op
WorkloadJitting  2: 16 op, 4066165.00 ns, 254.1353 us/op

WorkloadPilot    1: 16 op, 3958322.00 ns, 247.3951 us/op
WorkloadPilot    2: 32 op, 7267510.00 ns, 227.1097 us/op
WorkloadPilot    3: 64 op, 14306347.00 ns, 223.5367 us/op
WorkloadPilot    4: 128 op, 28674637.00 ns, 224.0206 us/op
WorkloadPilot    5: 256 op, 59310996.00 ns, 231.6836 us/op
WorkloadPilot    6: 512 op, 132217606.00 ns, 258.2375 us/op
WorkloadPilot    7: 1024 op, 242524431.00 ns, 236.8403 us/op
WorkloadPilot    8: 2048 op, 481558576.00 ns, 235.1360 us/op
WorkloadPilot    9: 4096 op, 801487855.00 ns, 195.6757 us/op

OverheadWarmup   1: 4096 op, 11912.00 ns, 2.9082 ns/op
OverheadWarmup   2: 4096 op, 8416.00 ns, 2.0547 ns/op
OverheadWarmup   3: 4096 op, 14517.00 ns, 3.5442 ns/op
OverheadWarmup   4: 4096 op, 8446.00 ns, 2.0620 ns/op
OverheadWarmup   5: 4096 op, 8406.00 ns, 2.0522 ns/op
OverheadWarmup   6: 4096 op, 8426.00 ns, 2.0571 ns/op
OverheadWarmup   7: 4096 op, 8546.00 ns, 2.0864 ns/op
OverheadWarmup   8: 4096 op, 8356.00 ns, 2.0400 ns/op

OverheadActual   1: 4096 op, 8486.00 ns, 2.0718 ns/op
OverheadActual   2: 4096 op, 8446.00 ns, 2.0620 ns/op
OverheadActual   3: 4096 op, 8626.00 ns, 2.1060 ns/op
OverheadActual   4: 4096 op, 8486.00 ns, 2.0718 ns/op
OverheadActual   5: 4096 op, 8436.00 ns, 2.0596 ns/op
OverheadActual   6: 4096 op, 8405.00 ns, 2.0520 ns/op
OverheadActual   7: 4096 op, 8405.00 ns, 2.0520 ns/op
OverheadActual   8: 4096 op, 8396.00 ns, 2.0498 ns/op
OverheadActual   9: 4096 op, 10339.00 ns, 2.5242 ns/op
OverheadActual  10: 4096 op, 8426.00 ns, 2.0571 ns/op
OverheadActual  11: 4096 op, 8426.00 ns, 2.0571 ns/op
OverheadActual  12: 4096 op, 8416.00 ns, 2.0547 ns/op
OverheadActual  13: 4096 op, 8416.00 ns, 2.0547 ns/op
OverheadActual  14: 4096 op, 8446.00 ns, 2.0620 ns/op
OverheadActual  15: 4096 op, 15299.00 ns, 3.7351 ns/op

WorkloadWarmup   1: 4096 op, 836158698.00 ns, 204.1403 us/op
WorkloadWarmup   2: 4096 op, 805834444.00 ns, 196.7369 us/op
WorkloadWarmup   3: 4096 op, 799760191.00 ns, 195.2540 us/op
WorkloadWarmup   4: 4096 op, 823583684.00 ns, 201.0702 us/op
WorkloadWarmup   5: 4096 op, 813191642.00 ns, 198.5331 us/op
WorkloadWarmup   6: 4096 op, 812958675.00 ns, 198.4762 us/op
WorkloadWarmup   7: 4096 op, 802814794.00 ns, 195.9997 us/op
WorkloadWarmup   8: 4096 op, 806400550.00 ns, 196.8751 us/op
WorkloadWarmup   9: 4096 op, 812970794.00 ns, 198.4792 us/op
WorkloadWarmup  10: 4096 op, 802462536.00 ns, 195.9137 us/op

// BeforeActualRun
WorkloadActual   1: 4096 op, 803628731.00 ns, 196.1984 us/op
WorkloadActual   2: 4096 op, 804064836.00 ns, 196.3049 us/op
WorkloadActual   3: 4096 op, 796821049.00 ns, 194.5364 us/op
WorkloadActual   4: 4096 op, 801515908.00 ns, 195.6826 us/op
WorkloadActual   5: 4096 op, 803489228.00 ns, 196.1644 us/op
WorkloadActual   6: 4096 op, 808112138.00 ns, 197.2930 us/op
WorkloadActual   7: 4096 op, 803725887.00 ns, 196.2221 us/op
WorkloadActual   8: 4096 op, 804791411.00 ns, 196.4823 us/op
WorkloadActual   9: 4096 op, 799381774.00 ns, 195.1616 us/op
WorkloadActual  10: 4096 op, 797395949.00 ns, 194.6767 us/op
WorkloadActual  11: 4096 op, 860542897.00 ns, 210.0935 us/op
WorkloadActual  12: 4096 op, 800832537.00 ns, 195.5158 us/op
WorkloadActual  13: 4096 op, 797235492.00 ns, 194.6376 us/op
WorkloadActual  14: 4096 op, 815064711.00 ns, 198.9904 us/op
WorkloadActual  15: 4096 op, 806064947.00 ns, 196.7932 us/op

// AfterActualRun
WorkloadResult   1: 4096 op, 803620295.00 ns, 196.1964 us/op
WorkloadResult   2: 4096 op, 804056400.00 ns, 196.3028 us/op
WorkloadResult   3: 4096 op, 796812613.00 ns, 194.5343 us/op
WorkloadResult   4: 4096 op, 801507472.00 ns, 195.6805 us/op
WorkloadResult   5: 4096 op, 803480792.00 ns, 196.1623 us/op
WorkloadResult   6: 4096 op, 808103702.00 ns, 197.2909 us/op
WorkloadResult   7: 4096 op, 803717451.00 ns, 196.2201 us/op
WorkloadResult   8: 4096 op, 804782975.00 ns, 196.4802 us/op
WorkloadResult   9: 4096 op, 799373338.00 ns, 195.1595 us/op
WorkloadResult  10: 4096 op, 797387513.00 ns, 194.6747 us/op
WorkloadResult  11: 4096 op, 800824101.00 ns, 195.5137 us/op
WorkloadResult  12: 4096 op, 797227056.00 ns, 194.6355 us/op
WorkloadResult  13: 4096 op, 806056511.00 ns, 196.7911 us/op
// GC:  2 0 0 35342440 4096
// Threading:  16633 2 4096

// AfterAll
// Benchmark Process 4519 has exited with code 0.

Mean = 195.819 μs, StdErr = 0.242 μs (0.12%), N = 13, StdDev = 0.871 μs
Min = 194.534 μs, Q1 = 195.160 μs, Median = 196.162 μs, Q3 = 196.303 μs, Max = 197.291 μs
IQR = 1.143 μs, LowerFence = 193.445 μs, UpperFence = 198.018 μs
ConfidenceInterval = [194.775 μs; 196.862 μs] (CI 99.9%), Margin = 1.044 μs (0.53% of Mean)
Skewness = -0.11, Kurtosis = 1.67, MValue = 2

// ** Remained 23 (59.0 %) benchmark(s) to run. Estimated finish 2026-10-04 7:44 (0h 7m from now) **
// **************************
// Benchmark: SecurityBenchmarks.'PBKDF2-SHA512 Password Hash (10k iters)': .NET 8.0(Runtime=.NET 8.0, Toolchain=net8.0)
// *** Execute ***
// Launch: 1 / 1
// Execute: dotnet "EricksonLopez.Security.Benchmarks-.NET 8.0-2.dll" --anonymousPipes 114 116 --benchmarkName EricksonLopez.Security.Benchmarks.SecurityBenchmarks.Pbkdf2_HashPassword --job ".NET 8.0" --benchmarkId 3 in /home/runner/work/dotnet-security/dotnet-security/benchmarks/EricksonLopez.Security.Benchmarks/bin/Release/net10.0/EricksonLopez.Security.Benchmarks-.NET 8.0-2/bin/Release/net8.0
// Failed to set up high priority (Permission denied). In order to run benchmarks with high priority, make sure you have the right permissions.
// BeforeAnythingElse

// Benchmark Process Environment Information:
// BenchmarkDotNet v0.15.8
// Runtime=.NET 8.0.31 (8.0.31, 8.0.3126.42015), X64 RyuJIT x86-64-v3
// GC=Concurrent Workstation
// HardwareIntrinsics=AVX2+BMI1+BMI2+F16C+FMA+LZCNT+MOVBE,AVX,SSE3+SSSE3+SSE4.1+SSE4.2+POPCNT,X86Base+SSE+SSE2,AES+PCLMUL VectorSize=256
// Job: .NET 8.0

OverheadJitting  1: 1 op, 189487.00 ns, 189.4870 us/op
WorkloadJitting  1: 1 op, 7100494.00 ns, 7.1005 ms/op

OverheadJitting  2: 16 op, 468904.00 ns, 29.3065 us/op
WorkloadJitting  2: 16 op, 109365800.00 ns, 6.8354 ms/op

WorkloadPilot    1: 16 op, 108533800.00 ns, 6.7834 ms/op
WorkloadPilot    2: 32 op, 219568334.00 ns, 6.8615 ms/op
WorkloadPilot    3: 64 op, 434563807.00 ns, 6.7901 ms/op
WorkloadPilot    4: 128 op, 867710663.00 ns, 6.7790 ms/op

OverheadWarmup   1: 128 op, 2575.00 ns, 20.1172 ns/op
OverheadWarmup   2: 128 op, 1132.00 ns, 8.8438 ns/op
OverheadWarmup   3: 128 op, 1172.00 ns, 9.1563 ns/op
OverheadWarmup   4: 128 op, 1092.00 ns, 8.5313 ns/op
OverheadWarmup   5: 128 op, 1123.00 ns, 8.7734 ns/op
OverheadWarmup   6: 128 op, 1152.00 ns, 9.0000 ns/op
OverheadWarmup   7: 128 op, 1112.00 ns, 8.6875 ns/op

OverheadActual   1: 128 op, 1163.00 ns, 9.0859 ns/op
OverheadActual   2: 128 op, 1152.00 ns, 9.0000 ns/op
OverheadActual   3: 128 op, 1162.00 ns, 9.0781 ns/op
OverheadActual   4: 128 op, 1152.00 ns, 9.0000 ns/op
OverheadActual   5: 128 op, 1142.00 ns, 8.9219 ns/op
OverheadActual   6: 128 op, 1122.00 ns, 8.7656 ns/op
OverheadActual   7: 128 op, 1111.00 ns, 8.6797 ns/op
OverheadActual   8: 128 op, 1142.00 ns, 8.9219 ns/op
OverheadActual   9: 128 op, 1122.00 ns, 8.7656 ns/op
OverheadActual  10: 128 op, 1132.00 ns, 8.8438 ns/op
OverheadActual  11: 128 op, 1112.00 ns, 8.6875 ns/op
OverheadActual  12: 128 op, 1112.00 ns, 8.6875 ns/op
OverheadActual  13: 128 op, 1112.00 ns, 8.6875 ns/op
OverheadActual  14: 128 op, 1132.00 ns, 8.8438 ns/op
OverheadActual  15: 128 op, 1122.00 ns, 8.7656 ns/op

WorkloadWarmup   1: 128 op, 868072819.00 ns, 6.7818 ms/op
WorkloadWarmup   2: 128 op, 866524447.00 ns, 6.7697 ms/op
WorkloadWarmup   3: 128 op, 872890238.00 ns, 6.8195 ms/op
WorkloadWarmup   4: 128 op, 867463848.00 ns, 6.7771 ms/op
WorkloadWarmup   5: 128 op, 869051281.00 ns, 6.7895 ms/op
WorkloadWarmup   6: 128 op, 872786253.00 ns, 6.8186 ms/op
WorkloadWarmup   7: 128 op, 867691988.00 ns, 6.7788 ms/op

// BeforeActualRun
WorkloadActual   1: 128 op, 871549532.00 ns, 6.8090 ms/op
WorkloadActual   2: 128 op, 869341098.00 ns, 6.7917 ms/op
WorkloadActual   3: 128 op, 867756848.00 ns, 6.7794 ms/op
WorkloadActual   4: 128 op, 868071967.00 ns, 6.7818 ms/op
WorkloadActual   5: 128 op, 874418331.00 ns, 6.8314 ms/op
WorkloadActual   6: 128 op, 867214460.00 ns, 6.7751 ms/op
WorkloadActual   7: 128 op, 867453191.00 ns, 6.7770 ms/op
WorkloadActual   8: 128 op, 867865628.00 ns, 6.7802 ms/op
WorkloadActual   9: 128 op, 870800621.00 ns, 6.8031 ms/op
WorkloadActual  10: 128 op, 866923881.00 ns, 6.7728 ms/op
WorkloadActual  11: 128 op, 867191437.00 ns, 6.7749 ms/op
WorkloadActual  12: 128 op, 870378714.00 ns, 6.7998 ms/op
WorkloadActual  13: 128 op, 868175157.00 ns, 6.7826 ms/op
WorkloadActual  14: 128 op, 866459612.00 ns, 6.7692 ms/op
WorkloadActual  15: 128 op, 868042075.00 ns, 6.7816 ms/op

// AfterActualRun
WorkloadResult   1: 128 op, 871548400.00 ns, 6.8090 ms/op
WorkloadResult   2: 128 op, 869339966.00 ns, 6.7917 ms/op
WorkloadResult   3: 128 op, 867755716.00 ns, 6.7793 ms/op
WorkloadResult   4: 128 op, 868070835.00 ns, 6.7818 ms/op
WorkloadResult   5: 128 op, 867213328.00 ns, 6.7751 ms/op
WorkloadResult   6: 128 op, 867452059.00 ns, 6.7770 ms/op
WorkloadResult   7: 128 op, 867864496.00 ns, 6.7802 ms/op
WorkloadResult   8: 128 op, 870799489.00 ns, 6.8031 ms/op
WorkloadResult   9: 128 op, 866922749.00 ns, 6.7728 ms/op
WorkloadResult  10: 128 op, 867190305.00 ns, 6.7749 ms/op
WorkloadResult  11: 128 op, 870377582.00 ns, 6.7998 ms/op
WorkloadResult  12: 128 op, 868174025.00 ns, 6.7826 ms/op
WorkloadResult  13: 128 op, 866458480.00 ns, 6.7692 ms/op
WorkloadResult  14: 128 op, 868040943.00 ns, 6.7816 ms/op
// GC:  0 0 0 64512 128
// Threading:  0 0 128

// AfterAll
// Benchmark Process 4538 has exited with code 0.

Mean = 6.784 ms, StdErr = 0.003 ms (0.05%), N = 14, StdDev = 0.012 ms
Min = 6.769 ms, Q1 = 6.776 ms, Median = 6.781 ms, Q3 = 6.789 ms, Max = 6.809 ms
IQR = 0.014 ms, LowerFence = 6.755 ms, UpperFence = 6.810 ms
ConfidenceInterval = [6.771 ms; 6.798 ms] (CI 99.9%), Margin = 0.014 ms (0.20% of Mean)
Skewness = 0.79, Kurtosis = 2.19, MValue = 2

// ** Remained 22 (56.4 %) benchmark(s) to run. Estimated finish 2026-10-04 7:44 (0h 6m from now) **
// **************************
// Benchmark: SecurityBenchmarks.'PBKDF2-SHA512 Password Hash (600K iters — PRODUCTION COST)': .NET 8.0(Runtime=.NET 8.0, Toolchain=net8.0)
// *** Execute ***
// Launch: 1 / 1
// Execute: dotnet "EricksonLopez.Security.Benchmarks-.NET 8.0-2.dll" --anonymousPipes 114 116 --benchmarkName EricksonLopez.Security.Benchmarks.SecurityBenchmarks.Pbkdf2_HashPassword_Production --job ".NET 8.0" --benchmarkId 4 in /home/runner/work/dotnet-security/dotnet-security/benchmarks/EricksonLopez.Security.Benchmarks/bin/Release/net10.0/EricksonLopez.Security.Benchmarks-.NET 8.0-2/bin/Release/net8.0
// Failed to set up high priority (Permission denied). In order to run benchmarks with high priority, make sure you have the right permissions.
// BeforeAnythingElse

// Benchmark Process Environment Information:
// BenchmarkDotNet v0.15.8
// Runtime=.NET 8.0.31 (8.0.31, 8.0.3126.42015), X64 RyuJIT x86-64-v3
// GC=Concurrent Workstation
// HardwareIntrinsics=AVX2+BMI1+BMI2+F16C+FMA+LZCNT+MOVBE,AVX,SSE3+SSSE3+SSE4.1+SSE4.2+POPCNT,X86Base+SSE+SSE2,AES+PCLMUL VectorSize=256
// Job: .NET 8.0

OverheadJitting  1: 1 op, 191491.00 ns, 191.4910 us/op
WorkloadJitting  1: 1 op, 406411018.00 ns, 406.4110 ms/op

OverheadJitting  2: 1 op, 331.00 ns, 331.0000 ns/op
WorkloadJitting  2: 1 op, 405435348.00 ns, 405.4353 ms/op

WorkloadWarmup   1: 1 op, 406905570.00 ns, 406.9056 ms/op
WorkloadWarmup   2: 1 op, 404955063.00 ns, 404.9551 ms/op
WorkloadWarmup   3: 1 op, 405249719.00 ns, 405.2497 ms/op
WorkloadWarmup   4: 1 op, 405798463.00 ns, 405.7985 ms/op
WorkloadWarmup   5: 1 op, 404929435.00 ns, 404.9294 ms/op
WorkloadWarmup   6: 1 op, 408087358.00 ns, 408.0874 ms/op
WorkloadWarmup   7: 1 op, 404688891.00 ns, 404.6889 ms/op

// BeforeActualRun
WorkloadActual   1: 1 op, 406901713.00 ns, 406.9017 ms/op
WorkloadActual   2: 1 op, 406301290.00 ns, 406.3013 ms/op
WorkloadActual   3: 1 op, 405224230.00 ns, 405.2242 ms/op
WorkloadActual   4: 1 op, 406128214.00 ns, 406.1282 ms/op
WorkloadActual   5: 1 op, 408238573.00 ns, 408.2386 ms/op
WorkloadActual   6: 1 op, 414067229.00 ns, 414.0672 ms/op
WorkloadActual   7: 1 op, 405985916.00 ns, 405.9859 ms/op
WorkloadActual   8: 1 op, 405649201.00 ns, 405.6492 ms/op
WorkloadActual   9: 1 op, 405684758.00 ns, 405.6848 ms/op
WorkloadActual  10: 1 op, 405293610.00 ns, 405.2936 ms/op
WorkloadActual  11: 1 op, 404893316.00 ns, 404.8933 ms/op
WorkloadActual  12: 1 op, 406240586.00 ns, 406.2406 ms/op
WorkloadActual  13: 1 op, 405083765.00 ns, 405.0838 ms/op
WorkloadActual  14: 1 op, 406053643.00 ns, 406.0536 ms/op
WorkloadActual  15: 1 op, 406223224.00 ns, 406.2232 ms/op

// AfterActualRun
WorkloadResult   1: 1 op, 406901713.00 ns, 406.9017 ms/op
WorkloadResult   2: 1 op, 406301290.00 ns, 406.3013 ms/op
WorkloadResult   3: 1 op, 405224230.00 ns, 405.2242 ms/op
WorkloadResult   4: 1 op, 406128214.00 ns, 406.1282 ms/op
WorkloadResult   5: 1 op, 405985916.00 ns, 405.9859 ms/op
WorkloadResult   6: 1 op, 405649201.00 ns, 405.6492 ms/op
WorkloadResult   7: 1 op, 405684758.00 ns, 405.6848 ms/op
WorkloadResult   8: 1 op, 405293610.00 ns, 405.2936 ms/op
WorkloadResult   9: 1 op, 404893316.00 ns, 404.8933 ms/op
WorkloadResult  10: 1 op, 406240586.00 ns, 406.2406 ms/op
WorkloadResult  11: 1 op, 405083765.00 ns, 405.0838 ms/op
WorkloadResult  12: 1 op, 406053643.00 ns, 406.0536 ms/op
WorkloadResult  13: 1 op, 406223224.00 ns, 406.2232 ms/op
// GC:  0 0 0 504 1
// Threading:  0 0 1

// AfterAll
// Benchmark Process 4552 has exited with code 0.

Mean = 405.820 ms, StdErr = 0.160 ms (0.04%), N = 13, StdDev = 0.577 ms
Min = 404.893 ms, Q1 = 405.294 ms, Median = 405.986 ms, Q3 = 406.223 ms, Max = 406.902 ms
IQR = 0.930 ms, LowerFence = 403.899 ms, UpperFence = 407.618 ms
ConfidenceInterval = [405.129 ms; 406.512 ms] (CI 99.9%), Margin = 0.691 ms (0.17% of Mean)
Skewness = 0, Kurtosis = 1.89, MValue = 2

// ** Remained 21 (53.8 %) benchmark(s) to run. Estimated finish 2026-10-04 7:43 (0h 6m from now) **
// **************************
// Benchmark: SecurityBenchmarks.'LegacyPbkdf2 Password Hash (Fast Config)': .NET 8.0(Runtime=.NET 8.0, Toolchain=net8.0)
// *** Execute ***
// Launch: 1 / 1
// Execute: dotnet "EricksonLopez.Security.Benchmarks-.NET 8.0-2.dll" --anonymousPipes 114 116 --benchmarkName EricksonLopez.Security.Benchmarks.SecurityBenchmarks.LegacyPbkdf2_HashPassword --job ".NET 8.0" --benchmarkId 5 in /home/runner/work/dotnet-security/dotnet-security/benchmarks/EricksonLopez.Security.Benchmarks/bin/Release/net10.0/EricksonLopez.Security.Benchmarks-.NET 8.0-2/bin/Release/net8.0
// Failed to set up high priority (Permission denied). In order to run benchmarks with high priority, make sure you have the right permissions.
// BeforeAnythingElse

// Benchmark Process Environment Information:
// BenchmarkDotNet v0.15.8
// Runtime=.NET 8.0.31 (8.0.31, 8.0.3126.42015), X64 RyuJIT x86-64-v3
// GC=Concurrent Workstation
// HardwareIntrinsics=AVX2+BMI1+BMI2+F16C+FMA+LZCNT+MOVBE,AVX,SSE3+SSSE3+SSE4.1+SSE4.2+POPCNT,X86Base+SSE+SSE2,AES+PCLMUL VectorSize=256
// Job: .NET 8.0

OverheadJitting  1: 1 op, 191742.00 ns, 191.7420 us/op
WorkloadJitting  1: 1 op, 47595025.00 ns, 47.5950 ms/op

WorkloadPilot    1: 2 op, 94174566.00 ns, 47.0873 ms/op
WorkloadPilot    2: 3 op, 141729856.00 ns, 47.2433 ms/op
WorkloadPilot    3: 4 op, 188414474.00 ns, 47.1036 ms/op
WorkloadPilot    4: 5 op, 235568758.00 ns, 47.1138 ms/op
WorkloadPilot    5: 6 op, 288724426.00 ns, 48.1207 ms/op
WorkloadPilot    6: 7 op, 332339870.00 ns, 47.4771 ms/op
WorkloadPilot    7: 8 op, 386638192.00 ns, 48.3298 ms/op
WorkloadPilot    8: 9 op, 423635327.00 ns, 47.0706 ms/op
WorkloadPilot    9: 10 op, 470440560.00 ns, 47.0441 ms/op
WorkloadPilot   10: 11 op, 527308899.00 ns, 47.9372 ms/op

WorkloadWarmup   1: 11 op, 517045239.00 ns, 47.0041 ms/op
WorkloadWarmup   2: 11 op, 517862930.00 ns, 47.0784 ms/op
WorkloadWarmup   3: 11 op, 516696693.00 ns, 46.9724 ms/op
WorkloadWarmup   4: 11 op, 517127244.00 ns, 47.0116 ms/op
WorkloadWarmup   5: 11 op, 517619752.00 ns, 47.0563 ms/op
WorkloadWarmup   6: 11 op, 516659622.00 ns, 46.9691 ms/op

// BeforeActualRun
WorkloadActual   1: 11 op, 517299378.00 ns, 47.0272 ms/op
WorkloadActual   2: 11 op, 518962254.00 ns, 47.1784 ms/op
WorkloadActual   3: 11 op, 516760823.00 ns, 46.9783 ms/op
WorkloadActual   4: 11 op, 516813542.00 ns, 46.9830 ms/op
WorkloadActual   5: 11 op, 517341197.00 ns, 47.0310 ms/op
WorkloadActual   6: 11 op, 516905867.00 ns, 46.9914 ms/op
WorkloadActual   7: 11 op, 522011151.00 ns, 47.4556 ms/op
WorkloadActual   8: 11 op, 517130373.00 ns, 47.0119 ms/op
WorkloadActual   9: 11 op, 517385524.00 ns, 47.0350 ms/op
WorkloadActual  10: 11 op, 516952838.00 ns, 46.9957 ms/op
WorkloadActual  11: 11 op, 517143207.00 ns, 47.0130 ms/op
WorkloadActual  12: 11 op, 517023421.00 ns, 47.0021 ms/op
WorkloadActual  13: 11 op, 517624635.00 ns, 47.0568 ms/op
WorkloadActual  14: 11 op, 518665497.00 ns, 47.1514 ms/op
WorkloadActual  15: 11 op, 517818550.00 ns, 47.0744 ms/op

// AfterActualRun
WorkloadResult   1: 11 op, 517299378.00 ns, 47.0272 ms/op
WorkloadResult   2: 11 op, 516760823.00 ns, 46.9783 ms/op
WorkloadResult   3: 11 op, 516813542.00 ns, 46.9830 ms/op
WorkloadResult   4: 11 op, 517341197.00 ns, 47.0310 ms/op
WorkloadResult   5: 11 op, 516905867.00 ns, 46.9914 ms/op
WorkloadResult   6: 11 op, 517130373.00 ns, 47.0119 ms/op
WorkloadResult   7: 11 op, 517385524.00 ns, 47.0350 ms/op
WorkloadResult   8: 11 op, 516952838.00 ns, 46.9957 ms/op
WorkloadResult   9: 11 op, 517143207.00 ns, 47.0130 ms/op
WorkloadResult  10: 11 op, 517023421.00 ns, 47.0021 ms/op
WorkloadResult  11: 11 op, 517624635.00 ns, 47.0568 ms/op
WorkloadResult  12: 11 op, 518665497.00 ns, 47.1514 ms/op
WorkloadResult  13: 11 op, 517818550.00 ns, 47.0744 ms/op
// GC:  0 0 0 5016 11
// Threading:  0 0 11

// AfterAll
// Benchmark Process 4561 has exited with code 0.

Mean = 47.027 ms, StdErr = 0.013 ms (0.03%), N = 13, StdDev = 0.047 ms
Min = 46.978 ms, Q1 = 46.996 ms, Median = 47.013 ms, Q3 = 47.035 ms, Max = 47.151 ms
IQR = 0.039 ms, LowerFence = 46.937 ms, UpperFence = 47.094 ms
ConfidenceInterval = [46.971 ms; 47.083 ms] (CI 99.9%), Margin = 0.056 ms (0.12% of Mean)
Skewness = 1.32, Kurtosis = 4.13, MValue = 2

// ** Remained 20 (51.3 %) benchmark(s) to run. Estimated finish 2026-10-04 7:43 (0h 6m from now) **
// **************************
// Benchmark: SecurityBenchmarks.'CompositePasswordHasher Verify & Rehash Check': .NET 8.0(Runtime=.NET 8.0, Toolchain=net8.0)
// *** Execute ***
// Launch: 1 / 1
// Execute: dotnet "EricksonLopez.Security.Benchmarks-.NET 8.0-2.dll" --anonymousPipes 114 116 --benchmarkName EricksonLopez.Security.Benchmarks.SecurityBenchmarks.Composite_VerifyPassword --job ".NET 8.0" --benchmarkId 6 in /home/runner/work/dotnet-security/dotnet-security/benchmarks/EricksonLopez.Security.Benchmarks/bin/Release/net10.0/EricksonLopez.Security.Benchmarks-.NET 8.0-2/bin/Release/net8.0
// Failed to set up high priority (Permission denied). In order to run benchmarks with high priority, make sure you have the right permissions.
// BeforeAnythingElse

// Benchmark Process Environment Information:
// BenchmarkDotNet v0.15.8
// Runtime=.NET 8.0.31 (8.0.31, 8.0.3126.42015), X64 RyuJIT x86-64-v3
// GC=Concurrent Workstation
// HardwareIntrinsics=AVX2+BMI1+BMI2+F16C+FMA+LZCNT+MOVBE,AVX,SSE3+SSSE3+SSE4.1+SSE4.2+POPCNT,X86Base+SSE+SSE2,AES+PCLMUL VectorSize=256
// Job: .NET 8.0

OverheadJitting  1: 1 op, 187132.00 ns, 187.1320 us/op
WorkloadJitting  1: 1 op, 14777719.00 ns, 14.7777 ms/op

OverheadJitting  2: 16 op, 183787.00 ns, 11.4867 us/op
WorkloadJitting  2: 16 op, 109251262.00 ns, 6.8282 ms/op

WorkloadPilot    1: 16 op, 108412030.00 ns, 6.7758 ms/op
WorkloadPilot    2: 32 op, 216962842.00 ns, 6.7801 ms/op
WorkloadPilot    3: 64 op, 434086617.00 ns, 6.7826 ms/op
WorkloadPilot    4: 128 op, 870517954.00 ns, 6.8009 ms/op

OverheadWarmup   1: 128 op, 3136.00 ns, 24.5000 ns/op
OverheadWarmup   2: 128 op, 3247.00 ns, 25.3672 ns/op
OverheadWarmup   3: 128 op, 1302.00 ns, 10.1719 ns/op
OverheadWarmup   4: 128 op, 1343.00 ns, 10.4922 ns/op
OverheadWarmup   5: 128 op, 1293.00 ns, 10.1016 ns/op

OverheadActual   1: 128 op, 1022.00 ns, 7.9844 ns/op
OverheadActual   2: 128 op, 1403.00 ns, 10.9609 ns/op
OverheadActual   3: 128 op, 1343.00 ns, 10.4922 ns/op
OverheadActual   4: 128 op, 1282.00 ns, 10.0156 ns/op
OverheadActual   5: 128 op, 1343.00 ns, 10.4922 ns/op
OverheadActual   6: 128 op, 921.00 ns, 7.1953 ns/op
OverheadActual   7: 128 op, 1332.00 ns, 10.4063 ns/op
OverheadActual   8: 128 op, 1262.00 ns, 9.8594 ns/op
OverheadActual   9: 128 op, 1243.00 ns, 9.7109 ns/op
OverheadActual  10: 128 op, 1222.00 ns, 9.5469 ns/op
OverheadActual  11: 128 op, 711.00 ns, 5.5547 ns/op
OverheadActual  12: 128 op, 692.00 ns, 5.4063 ns/op
OverheadActual  13: 128 op, 671.00 ns, 5.2422 ns/op
OverheadActual  14: 128 op, 1253.00 ns, 9.7891 ns/op
OverheadActual  15: 128 op, 1262.00 ns, 9.8594 ns/op
OverheadActual  16: 128 op, 1213.00 ns, 9.4766 ns/op
OverheadActual  17: 128 op, 1302.00 ns, 10.1719 ns/op
OverheadActual  18: 128 op, 1312.00 ns, 10.2500 ns/op
OverheadActual  19: 128 op, 1292.00 ns, 10.0938 ns/op
OverheadActual  20: 128 op, 1273.00 ns, 9.9453 ns/op

WorkloadWarmup   1: 128 op, 867715322.00 ns, 6.7790 ms/op
WorkloadWarmup   2: 128 op, 867218730.00 ns, 6.7751 ms/op
WorkloadWarmup   3: 128 op, 867689914.00 ns, 6.7788 ms/op
WorkloadWarmup   4: 128 op, 867754726.00 ns, 6.7793 ms/op
WorkloadWarmup   5: 128 op, 867897996.00 ns, 6.7805 ms/op
WorkloadWarmup   6: 128 op, 867266216.00 ns, 6.7755 ms/op
WorkloadWarmup   7: 128 op, 867660519.00 ns, 6.7786 ms/op
WorkloadWarmup   8: 128 op, 867291663.00 ns, 6.7757 ms/op

// BeforeActualRun
WorkloadActual   1: 128 op, 868248166.00 ns, 6.7832 ms/op
WorkloadActual   2: 128 op, 868333988.00 ns, 6.7839 ms/op
WorkloadActual   3: 128 op, 870184296.00 ns, 6.7983 ms/op
WorkloadActual   4: 128 op, 868110432.00 ns, 6.7821 ms/op
WorkloadActual   5: 128 op, 867910576.00 ns, 6.7806 ms/op
WorkloadActual   6: 128 op, 867735746.00 ns, 6.7792 ms/op
WorkloadActual   7: 128 op, 867630949.00 ns, 6.7784 ms/op
WorkloadActual   8: 128 op, 874175944.00 ns, 6.8295 ms/op
WorkloadActual   9: 128 op, 868850087.00 ns, 6.7879 ms/op
WorkloadActual  10: 128 op, 868476392.00 ns, 6.7850 ms/op
WorkloadActual  11: 128 op, 867294755.00 ns, 6.7757 ms/op
WorkloadActual  12: 128 op, 868091146.00 ns, 6.7820 ms/op
WorkloadActual  13: 128 op, 867237269.00 ns, 6.7753 ms/op
WorkloadActual  14: 128 op, 868036175.00 ns, 6.7815 ms/op
WorkloadActual  15: 128 op, 869863039.00 ns, 6.7958 ms/op

// AfterActualRun
WorkloadResult   1: 128 op, 868246904.00 ns, 6.7832 ms/op
WorkloadResult   2: 128 op, 868332726.00 ns, 6.7838 ms/op
WorkloadResult   3: 128 op, 868109170.00 ns, 6.7821 ms/op
WorkloadResult   4: 128 op, 867909314.00 ns, 6.7805 ms/op
WorkloadResult   5: 128 op, 867734484.00 ns, 6.7792 ms/op
WorkloadResult   6: 128 op, 867629687.00 ns, 6.7784 ms/op
WorkloadResult   7: 128 op, 868848825.00 ns, 6.7879 ms/op
WorkloadResult   8: 128 op, 868475130.00 ns, 6.7850 ms/op
WorkloadResult   9: 128 op, 867293493.00 ns, 6.7757 ms/op
WorkloadResult  10: 128 op, 868089884.00 ns, 6.7820 ms/op
WorkloadResult  11: 128 op, 867236007.00 ns, 6.7753 ms/op
WorkloadResult  12: 128 op, 868034913.00 ns, 6.7815 ms/op
WorkloadResult  13: 128 op, 869861777.00 ns, 6.7958 ms/op
// GC:  0 0 0 59392 128
// Threading:  0 0 128

// AfterAll
// Benchmark Process 4572 has exited with code 0.

Mean = 6.782 ms, StdErr = 0.001 ms (0.02%), N = 13, StdDev = 0.005 ms
Min = 6.775 ms, Q1 = 6.779 ms, Median = 6.782 ms, Q3 = 6.784 ms, Max = 6.796 ms
IQR = 0.005 ms, LowerFence = 6.772 ms, UpperFence = 6.791 ms
ConfidenceInterval = [6.776 ms; 6.789 ms] (CI 99.9%), Margin = 0.006 ms (0.09% of Mean)
Skewness = 0.94, Kurtosis = 3.59, MValue = 2

// ** Remained 19 (48.7 %) benchmark(s) to run. Estimated finish 2026-10-04 7:43 (0h 5m from now) **
// **************************
// Benchmark: SecurityBenchmarks.'SecurityEnvelope Serialize (Span, Zero-Alloc)': .NET 8.0(Runtime=.NET 8.0, Toolchain=net8.0)
// *** Execute ***
// Launch: 1 / 1
// Execute: dotnet "EricksonLopez.Security.Benchmarks-.NET 8.0-2.dll" --anonymousPipes 114 116 --benchmarkName EricksonLopez.Security.Benchmarks.SecurityBenchmarks.Envelope_Serialize_Span --job ".NET 8.0" --benchmarkId 7 in /home/runner/work/dotnet-security/dotnet-security/benchmarks/EricksonLopez.Security.Benchmarks/bin/Release/net10.0/EricksonLopez.Security.Benchmarks-.NET 8.0-2/bin/Release/net8.0
// Failed to set up high priority (Permission denied). In order to run benchmarks with high priority, make sure you have the right permissions.
// BeforeAnythingElse

// Benchmark Process Environment Information:
// BenchmarkDotNet v0.15.8
// Runtime=.NET 8.0.31 (8.0.31, 8.0.3126.42015), X64 RyuJIT x86-64-v3
// GC=Concurrent Workstation
// HardwareIntrinsics=AVX2+BMI1+BMI2+F16C+FMA+LZCNT+MOVBE,AVX,SSE3+SSSE3+SSE4.1+SSE4.2+POPCNT,X86Base+SSE+SSE2,AES+PCLMUL VectorSize=256
// Job: .NET 8.0

OverheadJitting  1: 1 op, 208463.00 ns, 208.4630 us/op
WorkloadJitting  1: 1 op, 199145.00 ns, 199.1450 us/op

OverheadJitting  2: 16 op, 358927.00 ns, 22.4329 us/op
WorkloadJitting  2: 16 op, 382862.00 ns, 23.9289 us/op

WorkloadPilot    1: 16 op, 9027.00 ns, 564.1875 ns/op
WorkloadPilot    2: 32 op, 14598.00 ns, 456.1875 ns/op
WorkloadPilot    3: 64 op, 26370.00 ns, 412.0313 ns/op
WorkloadPilot    4: 128 op, 47720.00 ns, 372.8125 ns/op
WorkloadPilot    5: 256 op, 80382.00 ns, 313.9922 ns/op
WorkloadPilot    6: 512 op, 151526.00 ns, 295.9492 ns/op
WorkloadPilot    7: 1024 op, 295728.00 ns, 288.7969 ns/op
WorkloadPilot    8: 2048 op, 580294.00 ns, 283.3467 ns/op
WorkloadPilot    9: 4096 op, 1179514.00 ns, 287.9673 ns/op
WorkloadPilot   10: 8192 op, 2331575.00 ns, 284.6161 ns/op
WorkloadPilot   11: 16384 op, 4717263.00 ns, 287.9189 ns/op
WorkloadPilot   12: 32768 op, 9294371.00 ns, 283.6417 ns/op
WorkloadPilot   13: 65536 op, 18519052.00 ns, 282.5783 ns/op
WorkloadPilot   14: 131072 op, 36981668.00 ns, 282.1477 ns/op
WorkloadPilot   15: 262144 op, 73772475.00 ns, 281.4197 ns/op
WorkloadPilot   16: 524288 op, 133947124.00 ns, 255.4839 ns/op
WorkloadPilot   17: 1048576 op, 41737403.00 ns, 39.8039 ns/op
WorkloadPilot   18: 2097152 op, 83705901.00 ns, 39.9141 ns/op
WorkloadPilot   19: 4194304 op, 166906700.00 ns, 39.7937 ns/op
WorkloadPilot   20: 8388608 op, 333657374.00 ns, 39.7751 ns/op
WorkloadPilot   21: 16777216 op, 667340808.00 ns, 39.7766 ns/op

OverheadWarmup   1: 16777216 op, 44053118.00 ns, 2.6258 ns/op
OverheadWarmup   2: 16777216 op, 44107691.00 ns, 2.6290 ns/op
OverheadWarmup   3: 16777216 op, 44068918.00 ns, 2.6267 ns/op
OverheadWarmup   4: 16777216 op, 44037870.00 ns, 2.6249 ns/op
OverheadWarmup   5: 16777216 op, 44058528.00 ns, 2.6261 ns/op
OverheadWarmup   6: 16777216 op, 44210585.00 ns, 2.6352 ns/op
OverheadWarmup   7: 16777216 op, 45614231.00 ns, 2.7188 ns/op
OverheadWarmup   8: 16777216 op, 31217791.00 ns, 1.8607 ns/op

OverheadActual   1: 16777216 op, 35528217.00 ns, 2.1176 ns/op
OverheadActual   2: 16777216 op, 31446202.00 ns, 1.8743 ns/op
OverheadActual   3: 16777216 op, 31024056.00 ns, 1.8492 ns/op
OverheadActual   4: 16777216 op, 31405054.00 ns, 1.8719 ns/op
OverheadActual   5: 16777216 op, 31437045.00 ns, 1.8738 ns/op
OverheadActual   6: 16777216 op, 31238991.00 ns, 1.8620 ns/op
OverheadActual   7: 16777216 op, 30967970.00 ns, 1.8458 ns/op
OverheadActual   8: 16777216 op, 30680448.00 ns, 1.8287 ns/op
OverheadActual   9: 16777216 op, 31316267.00 ns, 1.8666 ns/op
OverheadActual  10: 16777216 op, 31924513.00 ns, 1.9028 ns/op
OverheadActual  11: 16777216 op, 31131869.00 ns, 1.8556 ns/op
OverheadActual  12: 16777216 op, 30902096.00 ns, 1.8419 ns/op
OverheadActual  13: 16777216 op, 31118564.00 ns, 1.8548 ns/op
OverheadActual  14: 16777216 op, 31582118.00 ns, 1.8824 ns/op
OverheadActual  15: 16777216 op, 31278235.00 ns, 1.8643 ns/op

WorkloadWarmup   1: 16777216 op, 668302120.00 ns, 39.8339 ns/op
WorkloadWarmup   2: 16777216 op, 667812858.00 ns, 39.8047 ns/op
WorkloadWarmup   3: 16777216 op, 668341899.00 ns, 39.8363 ns/op
WorkloadWarmup   4: 16777216 op, 667123528.00 ns, 39.7637 ns/op
WorkloadWarmup   5: 16777216 op, 668602676.00 ns, 39.8518 ns/op
WorkloadWarmup   6: 16777216 op, 668007364.00 ns, 39.8163 ns/op

// BeforeActualRun
WorkloadActual   1: 16777216 op, 666796341.00 ns, 39.7442 ns/op
WorkloadActual   2: 16777216 op, 667867541.00 ns, 39.8080 ns/op
WorkloadActual   3: 16777216 op, 672105099.00 ns, 40.0606 ns/op
WorkloadActual   4: 16777216 op, 667912946.00 ns, 39.8107 ns/op
WorkloadActual   5: 16777216 op, 667482434.00 ns, 39.7851 ns/op
WorkloadActual   6: 16777216 op, 668107523.00 ns, 39.8223 ns/op
WorkloadActual   7: 16777216 op, 667166288.00 ns, 39.7662 ns/op
WorkloadActual   8: 16777216 op, 668322238.00 ns, 39.8351 ns/op
WorkloadActual   9: 16777216 op, 668386651.00 ns, 39.8389 ns/op
WorkloadActual  10: 16777216 op, 667148751.00 ns, 39.7652 ns/op
WorkloadActual  11: 16777216 op, 667961854.00 ns, 39.8136 ns/op
WorkloadActual  12: 16777216 op, 667889518.00 ns, 39.8093 ns/op
WorkloadActual  13: 16777216 op, 667016842.00 ns, 39.7573 ns/op
WorkloadActual  14: 16777216 op, 667840675.00 ns, 39.8064 ns/op
WorkloadActual  15: 16777216 op, 668125302.00 ns, 39.8234 ns/op

// AfterActualRun
WorkloadResult   1: 16777216 op, 635518106.00 ns, 37.8798 ns/op
WorkloadResult   2: 16777216 op, 636589306.00 ns, 37.9437 ns/op
WorkloadResult   3: 16777216 op, 636634711.00 ns, 37.9464 ns/op
WorkloadResult   4: 16777216 op, 636204199.00 ns, 37.9207 ns/op
WorkloadResult   5: 16777216 op, 636829288.00 ns, 37.9580 ns/op
WorkloadResult   6: 16777216 op, 635888053.00 ns, 37.9019 ns/op
WorkloadResult   7: 16777216 op, 637044003.00 ns, 37.9708 ns/op
WorkloadResult   8: 16777216 op, 637108416.00 ns, 37.9746 ns/op
WorkloadResult   9: 16777216 op, 635870516.00 ns, 37.9008 ns/op
WorkloadResult  10: 16777216 op, 636683619.00 ns, 37.9493 ns/op
WorkloadResult  11: 16777216 op, 636611283.00 ns, 37.9450 ns/op
WorkloadResult  12: 16777216 op, 635738607.00 ns, 37.8930 ns/op
WorkloadResult  13: 16777216 op, 636562440.00 ns, 37.9421 ns/op
WorkloadResult  14: 16777216 op, 636847067.00 ns, 37.9590 ns/op
// GC:  0 0 0 0 16777216
// Threading:  0 0 16777216

// AfterAll
// Benchmark Process 4583 has exited with code 0.

Mean = 37.935 ns, StdErr = 0.008 ns (0.02%), N = 14, StdDev = 0.030 ns
Min = 37.880 ns, Q1 = 37.907 ns, Median = 37.944 ns, Q3 = 37.956 ns, Max = 37.975 ns
IQR = 0.049 ns, LowerFence = 37.833 ns, UpperFence = 38.030 ns
ConfidenceInterval = [37.901 ns; 37.969 ns] (CI 99.9%), Margin = 0.034 ns (0.09% of Mean)
Skewness = -0.44, Kurtosis = 1.7, MValue = 2

// ** Remained 18 (46.2 %) benchmark(s) to run. Estimated finish 2026-10-04 7:43 (0h 5m from now) **
// **************************
// Benchmark: SecurityBenchmarks.'SecurityEnvelope Deserialize (Span)': .NET 8.0(Runtime=.NET 8.0, Toolchain=net8.0)
// *** Execute ***
// Launch: 1 / 1
// Execute: dotnet "EricksonLopez.Security.Benchmarks-.NET 8.0-2.dll" --anonymousPipes 114 116 --benchmarkName EricksonLopez.Security.Benchmarks.SecurityBenchmarks.Envelope_Deserialize_Span --job ".NET 8.0" --benchmarkId 8 in /home/runner/work/dotnet-security/dotnet-security/benchmarks/EricksonLopez.Security.Benchmarks/bin/Release/net10.0/EricksonLopez.Security.Benchmarks-.NET 8.0-2/bin/Release/net8.0
// Failed to set up high priority (Permission denied). In order to run benchmarks with high priority, make sure you have the right permissions.
// BeforeAnythingElse

// Benchmark Process Environment Information:
// BenchmarkDotNet v0.15.8
// Runtime=.NET 8.0.31 (8.0.31, 8.0.3126.42015), X64 RyuJIT x86-64-v3
// GC=Concurrent Workstation
// HardwareIntrinsics=AVX2+BMI1+BMI2+F16C+FMA+LZCNT+MOVBE,AVX,SSE3+SSSE3+SSE4.1+SSE4.2+POPCNT,X86Base+SSE+SSE2,AES+PCLMUL VectorSize=256
// Job: .NET 8.0

OverheadJitting  1: 1 op, 175391.00 ns, 175.3910 us/op
WorkloadJitting  1: 1 op, 1300401.00 ns, 1.3004 ms/op

OverheadJitting  2: 16 op, 180781.00 ns, 11.2988 us/op
WorkloadJitting  2: 16 op, 237768.00 ns, 14.8605 us/op

WorkloadPilot    1: 16 op, 34214.00 ns, 2.1384 us/op
WorkloadPilot    2: 32 op, 33052.00 ns, 1.0329 us/op
WorkloadPilot    3: 64 op, 55725.00 ns, 870.7031 ns/op
WorkloadPilot    4: 128 op, 79059.00 ns, 617.6484 ns/op
WorkloadPilot    5: 256 op, 153269.00 ns, 598.7070 ns/op
WorkloadPilot    6: 512 op, 324402.00 ns, 633.5977 ns/op
WorkloadPilot    7: 1024 op, 467361.00 ns, 456.4072 ns/op
WorkloadPilot    8: 2048 op, 1000296.00 ns, 488.4258 ns/op
WorkloadPilot    9: 4096 op, 1966226.00 ns, 480.0356 ns/op
WorkloadPilot   10: 8192 op, 3934016.00 ns, 480.2266 ns/op
WorkloadPilot   11: 16384 op, 7805976.00 ns, 476.4390 ns/op
WorkloadPilot   12: 32768 op, 15441261.00 ns, 471.2299 ns/op
WorkloadPilot   13: 65536 op, 20078773.00 ns, 306.3778 ns/op
WorkloadPilot   14: 131072 op, 37403564.00 ns, 285.3665 ns/op
WorkloadPilot   15: 262144 op, 92779900.00 ns, 353.9272 ns/op
WorkloadPilot   16: 524288 op, 209056868.00 ns, 398.7443 ns/op
WorkloadPilot   17: 1048576 op, 119665666.00 ns, 114.1221 ns/op
WorkloadPilot   18: 2097152 op, 233400130.00 ns, 111.2939 ns/op
WorkloadPilot   19: 4194304 op, 458953301.00 ns, 109.4230 ns/op
WorkloadPilot   20: 8388608 op, 920914515.00 ns, 109.7816 ns/op

OverheadWarmup   1: 8388608 op, 24205543.00 ns, 2.8855 ns/op
OverheadWarmup   2: 8388608 op, 19435070.00 ns, 2.3168 ns/op
OverheadWarmup   3: 8388608 op, 19431052.00 ns, 2.3164 ns/op
OverheadWarmup   4: 8388608 op, 19451711.00 ns, 2.3188 ns/op
OverheadWarmup   5: 8388608 op, 19307769.00 ns, 2.3017 ns/op
OverheadWarmup   6: 8388608 op, 19352874.00 ns, 2.3070 ns/op
OverheadWarmup   7: 8388608 op, 19428688.00 ns, 2.3161 ns/op
OverheadWarmup   8: 8388608 op, 19688317.00 ns, 2.3470 ns/op
OverheadWarmup   9: 8388608 op, 19378893.00 ns, 2.3101 ns/op

OverheadActual   1: 8388608 op, 19376919.00 ns, 2.3099 ns/op
OverheadActual   2: 8388608 op, 24012178.00 ns, 2.8625 ns/op
OverheadActual   3: 8388608 op, 19448504.00 ns, 2.3184 ns/op
OverheadActual   4: 8388608 op, 19373664.00 ns, 2.3095 ns/op
OverheadActual   5: 8388608 op, 19388281.00 ns, 2.3113 ns/op
OverheadActual   6: 8388608 op, 19333778.00 ns, 2.3048 ns/op
OverheadActual   7: 8388608 op, 19759761.00 ns, 2.3555 ns/op
OverheadActual   8: 8388608 op, 19432635.00 ns, 2.3166 ns/op
OverheadActual   9: 8388608 op, 19326565.00 ns, 2.3039 ns/op
OverheadActual  10: 8388608 op, 19550618.00 ns, 2.3306 ns/op
OverheadActual  11: 8388608 op, 13734122.00 ns, 1.6372 ns/op
OverheadActual  12: 8388608 op, 13757646.00 ns, 1.6400 ns/op
OverheadActual  13: 8388608 op, 13748940.00 ns, 1.6390 ns/op
OverheadActual  14: 8388608 op, 13696682.00 ns, 1.6328 ns/op
OverheadActual  15: 8388608 op, 13703133.00 ns, 1.6335 ns/op
OverheadActual  16: 8388608 op, 13722971.00 ns, 1.6359 ns/op
OverheadActual  17: 8388608 op, 13707882.00 ns, 1.6341 ns/op
OverheadActual  18: 8388608 op, 13712250.00 ns, 1.6346 ns/op
OverheadActual  19: 8388608 op, 13712230.00 ns, 1.6346 ns/op
OverheadActual  20: 8388608 op, 13694176.00 ns, 1.6325 ns/op

WorkloadWarmup   1: 8388608 op, 927481744.00 ns, 110.5644 ns/op
WorkloadWarmup   2: 8388608 op, 927857847.00 ns, 110.6093 ns/op
WorkloadWarmup   3: 8388608 op, 916814078.00 ns, 109.2928 ns/op
WorkloadWarmup   4: 8388608 op, 923943409.00 ns, 110.1426 ns/op
WorkloadWarmup   5: 8388608 op, 915840052.00 ns, 109.1766 ns/op
WorkloadWarmup   6: 8388608 op, 917007702.00 ns, 109.3158 ns/op

// BeforeActualRun
WorkloadActual   1: 8388608 op, 919940802.00 ns, 109.6655 ns/op
WorkloadActual   2: 8388608 op, 930686009.00 ns, 110.9464 ns/op
WorkloadActual   3: 8388608 op, 930148585.00 ns, 110.8824 ns/op
WorkloadActual   4: 8388608 op, 935277166.00 ns, 111.4937 ns/op
WorkloadActual   5: 8388608 op, 926859378.00 ns, 110.4902 ns/op
WorkloadActual   6: 8388608 op, 932179547.00 ns, 111.1245 ns/op
WorkloadActual   7: 8388608 op, 942652312.00 ns, 112.3729 ns/op
WorkloadActual   8: 8388608 op, 928662898.00 ns, 110.7052 ns/op
WorkloadActual   9: 8388608 op, 929002268.00 ns, 110.7457 ns/op
WorkloadActual  10: 8388608 op, 932837538.00 ns, 111.2029 ns/op
WorkloadActual  11: 8388608 op, 926290736.00 ns, 110.4225 ns/op
WorkloadActual  12: 8388608 op, 939757480.00 ns, 112.0278 ns/op
WorkloadActual  13: 8388608 op, 930339374.00 ns, 110.9051 ns/op
WorkloadActual  14: 8388608 op, 939763560.00 ns, 112.0285 ns/op
WorkloadActual  15: 8388608 op, 936952531.00 ns, 111.6934 ns/op

// AfterActualRun
WorkloadResult   1: 8388608 op, 903398696.50 ns, 107.6935 ns/op
WorkloadResult   2: 8388608 op, 914143903.50 ns, 108.9744 ns/op
WorkloadResult   3: 8388608 op, 913606479.50 ns, 108.9104 ns/op
WorkloadResult   4: 8388608 op, 918735060.50 ns, 109.5218 ns/op
WorkloadResult   5: 8388608 op, 910317272.50 ns, 108.5183 ns/op
WorkloadResult   6: 8388608 op, 915637441.50 ns, 109.1525 ns/op
WorkloadResult   7: 8388608 op, 926110206.50 ns, 110.4009 ns/op
WorkloadResult   8: 8388608 op, 912120792.50 ns, 108.7333 ns/op
WorkloadResult   9: 8388608 op, 912460162.50 ns, 108.7737 ns/op
WorkloadResult  10: 8388608 op, 916295432.50 ns, 109.2309 ns/op
WorkloadResult  11: 8388608 op, 909748630.50 ns, 108.4505 ns/op
WorkloadResult  12: 8388608 op, 923215374.50 ns, 110.0558 ns/op
WorkloadResult  13: 8388608 op, 913797268.50 ns, 108.9331 ns/op
WorkloadResult  14: 8388608 op, 923221454.50 ns, 110.0566 ns/op
WorkloadResult  15: 8388608 op, 920410425.50 ns, 109.7215 ns/op
// GC:  236 0 0 3959515880 8388608
// Threading:  0 0 8388608

// AfterAll
// Benchmark Process 4598 has exited with code 0.

Mean = 109.142 ns, StdErr = 0.184 ns (0.17%), N = 15, StdDev = 0.714 ns
Min = 107.694 ns, Q1 = 108.753 ns, Median = 108.974 ns, Q3 = 109.622 ns, Max = 110.401 ns
IQR = 0.868 ns, LowerFence = 107.451 ns, UpperFence = 110.924 ns
ConfidenceInterval = [108.378 ns; 109.905 ns] (CI 99.9%), Margin = 0.763 ns (0.70% of Mean)
Skewness = 0, Kurtosis = 2.28, MValue = 2

// ** Remained 17 (43.6 %) benchmark(s) to run. Estimated finish 2026-10-04 7:44 (0h 5m from now) **
// **************************
// Benchmark: SecurityBenchmarks.'ConstantTime FixedTimeEquals (32 bytes)': .NET 8.0(Runtime=.NET 8.0, Toolchain=net8.0)
// *** Execute ***
// Launch: 1 / 1
// Execute: dotnet "EricksonLopez.Security.Benchmarks-.NET 8.0-2.dll" --anonymousPipes 114 116 --benchmarkName EricksonLopez.Security.Benchmarks.SecurityBenchmarks.ConstantTime_Compare --job ".NET 8.0" --benchmarkId 9 in /home/runner/work/dotnet-security/dotnet-security/benchmarks/EricksonLopez.Security.Benchmarks/bin/Release/net10.0/EricksonLopez.Security.Benchmarks-.NET 8.0-2/bin/Release/net8.0
// Failed to set up high priority (Permission denied). In order to run benchmarks with high priority, make sure you have the right permissions.
// BeforeAnythingElse

// Benchmark Process Environment Information:
// BenchmarkDotNet v0.15.8
// Runtime=.NET 8.0.31 (8.0.31, 8.0.3126.42015), X64 RyuJIT x86-64-v3
// GC=Concurrent Workstation
// HardwareIntrinsics=AVX2+BMI1+BMI2+F16C+FMA+LZCNT+MOVBE,AVX,SSE3+SSSE3+SSE4.1+SSE4.2+POPCNT,X86Base+SSE+SSE2,AES+PCLMUL VectorSize=256
// Job: .NET 8.0

OverheadJitting  1: 1 op, 178717.00 ns, 178.7170 us/op
WorkloadJitting  1: 1 op, 371861.00 ns, 371.8610 us/op

OverheadJitting  2: 16 op, 378373.00 ns, 23.6483 us/op
WorkloadJitting  2: 16 op, 329201.00 ns, 20.5751 us/op

WorkloadPilot    1: 16 op, 3356.00 ns, 209.7500 ns/op
WorkloadPilot    2: 32 op, 5481.00 ns, 171.2813 ns/op
WorkloadPilot    3: 64 op, 19808.00 ns, 309.5000 ns/op
WorkloadPilot    4: 128 op, 29886.00 ns, 233.4844 ns/op
WorkloadPilot    5: 256 op, 47790.00 ns, 186.6797 ns/op
WorkloadPilot    6: 512 op, 83257.00 ns, 162.6113 ns/op
WorkloadPilot    7: 1024 op, 154030.00 ns, 150.4199 ns/op
WorkloadPilot    8: 2048 op, 296439.00 ns, 144.7456 ns/op
WorkloadPilot    9: 4096 op, 579323.00 ns, 141.4363 ns/op
WorkloadPilot   10: 8192 op, 1173342.00 ns, 143.2302 ns/op
WorkloadPilot   11: 16384 op, 2328599.00 ns, 142.1264 ns/op
WorkloadPilot   12: 32768 op, 4635098.00 ns, 141.4520 ns/op
WorkloadPilot   13: 65536 op, 9266298.00 ns, 141.3925 ns/op
WorkloadPilot   14: 131072 op, 18522058.00 ns, 141.3121 ns/op
WorkloadPilot   15: 262144 op, 36683995.00 ns, 139.9383 ns/op
WorkloadPilot   16: 524288 op, 73247243.00 ns, 139.7080 ns/op
WorkloadPilot   17: 1048576 op, 230103896.00 ns, 219.4442 ns/op
WorkloadPilot   18: 2097152 op, 282093606.00 ns, 134.5127 ns/op
WorkloadPilot   19: 4194304 op, 563100514.00 ns, 134.2536 ns/op

OverheadWarmup   1: 4194304 op, 11040333.00 ns, 2.6322 ns/op
OverheadWarmup   2: 4194304 op, 11041645.00 ns, 2.6325 ns/op
OverheadWarmup   3: 4194304 op, 11342774.00 ns, 2.7043 ns/op
OverheadWarmup   4: 4194304 op, 11099935.00 ns, 2.6464 ns/op
OverheadWarmup   5: 4194304 op, 11022920.00 ns, 2.6281 ns/op
OverheadWarmup   6: 4194304 op, 11039322.00 ns, 2.6320 ns/op
OverheadWarmup   7: 4194304 op, 11020516.00 ns, 2.6275 ns/op

OverheadActual   1: 4194304 op, 11063497.00 ns, 2.6377 ns/op
OverheadActual   2: 4194304 op, 11098793.00 ns, 2.6462 ns/op
OverheadActual   3: 4194304 op, 11077493.00 ns, 2.6411 ns/op
OverheadActual   4: 4194304 op, 11078735.00 ns, 2.6414 ns/op
OverheadActual   5: 4194304 op, 11094696.00 ns, 2.6452 ns/op
OverheadActual   6: 4194304 op, 11022129.00 ns, 2.6279 ns/op
OverheadActual   7: 4194304 op, 11023431.00 ns, 2.6282 ns/op
OverheadActual   8: 4194304 op, 11018151.00 ns, 2.6269 ns/op
OverheadActual   9: 4194304 op, 11022028.00 ns, 2.6279 ns/op
OverheadActual  10: 4194304 op, 11049951.00 ns, 2.6345 ns/op
OverheadActual  11: 4194304 op, 11019313.00 ns, 2.6272 ns/op
OverheadActual  12: 4194304 op, 11020686.00 ns, 2.6275 ns/op
OverheadActual  13: 4194304 op, 11018923.00 ns, 2.6271 ns/op
OverheadActual  14: 4194304 op, 11037096.00 ns, 2.6314 ns/op
OverheadActual  15: 4194304 op, 11079888.00 ns, 2.6417 ns/op

WorkloadWarmup   1: 4194304 op, 585450057.00 ns, 139.5822 ns/op
WorkloadWarmup   2: 4194304 op, 563757222.00 ns, 134.4102 ns/op
WorkloadWarmup   3: 4194304 op, 567041563.00 ns, 135.1932 ns/op
WorkloadWarmup   4: 4194304 op, 563473238.00 ns, 134.3425 ns/op
WorkloadWarmup   5: 4194304 op, 563419226.00 ns, 134.3296 ns/op
WorkloadWarmup   6: 4194304 op, 563485771.00 ns, 134.3455 ns/op
WorkloadWarmup   7: 4194304 op, 564124986.00 ns, 134.4979 ns/op
WorkloadWarmup   8: 4194304 op, 563122887.00 ns, 134.2590 ns/op

// BeforeActualRun
WorkloadActual   1: 4194304 op, 563932824.00 ns, 134.4521 ns/op
WorkloadActual   2: 4194304 op, 564016211.00 ns, 134.4719 ns/op
WorkloadActual   3: 4194304 op, 566178366.00 ns, 134.9874 ns/op
WorkloadActual   4: 4194304 op, 563781979.00 ns, 134.4161 ns/op
WorkloadActual   5: 4194304 op, 563389530.00 ns, 134.3225 ns/op
WorkloadActual   6: 4194304 op, 563471995.00 ns, 134.3422 ns/op
WorkloadActual   7: 4194304 op, 563706297.00 ns, 134.3981 ns/op
WorkloadActual   8: 4194304 op, 563491793.00 ns, 134.3469 ns/op
WorkloadActual   9: 4194304 op, 563739579.00 ns, 134.4060 ns/op
WorkloadActual  10: 4194304 op, 566714030.00 ns, 135.1152 ns/op
WorkloadActual  11: 4194304 op, 563557422.00 ns, 134.3626 ns/op
WorkloadActual  12: 4194304 op, 563501616.00 ns, 134.3493 ns/op
WorkloadActual  13: 4194304 op, 564661453.00 ns, 134.6258 ns/op
WorkloadActual  14: 4194304 op, 563379907.00 ns, 134.3202 ns/op
WorkloadActual  15: 4194304 op, 563431675.00 ns, 134.3326 ns/op

// AfterActualRun
WorkloadResult   1: 4194304 op, 552895728.00 ns, 131.8206 ns/op
WorkloadResult   2: 4194304 op, 552979115.00 ns, 131.8405 ns/op
WorkloadResult   3: 4194304 op, 552744883.00 ns, 131.7846 ns/op
WorkloadResult   4: 4194304 op, 552352434.00 ns, 131.6911 ns/op
WorkloadResult   5: 4194304 op, 552434899.00 ns, 131.7107 ns/op
WorkloadResult   6: 4194304 op, 552669201.00 ns, 131.7666 ns/op
WorkloadResult   7: 4194304 op, 552454697.00 ns, 131.7155 ns/op
WorkloadResult   8: 4194304 op, 552702483.00 ns, 131.7745 ns/op
WorkloadResult   9: 4194304 op, 552520326.00 ns, 131.7311 ns/op
WorkloadResult  10: 4194304 op, 552464520.00 ns, 131.7178 ns/op
WorkloadResult  11: 4194304 op, 553624357.00 ns, 131.9943 ns/op
WorkloadResult  12: 4194304 op, 552342811.00 ns, 131.6888 ns/op
WorkloadResult  13: 4194304 op, 552394579.00 ns, 131.7011 ns/op
// GC:  0 0 0 0 4194304
// Threading:  0 0 4194304

// AfterAll
// Benchmark Process 4613 has exited with code 0.

Mean = 131.764 ns, StdErr = 0.023 ns (0.02%), N = 13, StdDev = 0.085 ns
Min = 131.689 ns, Q1 = 131.711 ns, Median = 131.731 ns, Q3 = 131.785 ns, Max = 131.994 ns
IQR = 0.074 ns, LowerFence = 131.600 ns, UpperFence = 131.896 ns
ConfidenceInterval = [131.663 ns; 131.866 ns] (CI 99.9%), Margin = 0.101 ns (0.08% of Mean)
Skewness = 1.43, Kurtosis = 4.4, MValue = 2

// ** Remained 16 (41.0 %) benchmark(s) to run. Estimated finish 2026-10-04 7:43 (0h 4m from now) **
// **************************
// Benchmark: SecurityBenchmarks.'Token Generation (URL-Safe 32 bytes)': .NET 8.0(Runtime=.NET 8.0, Toolchain=net8.0)
// *** Execute ***
// Launch: 1 / 1
// Execute: dotnet "EricksonLopez.Security.Benchmarks-.NET 8.0-2.dll" --anonymousPipes 114 116 --benchmarkName EricksonLopez.Security.Benchmarks.SecurityBenchmarks.Token_Generate --job ".NET 8.0" --benchmarkId 10 in /home/runner/work/dotnet-security/dotnet-security/benchmarks/EricksonLopez.Security.Benchmarks/bin/Release/net10.0/EricksonLopez.Security.Benchmarks-.NET 8.0-2/bin/Release/net8.0
// Failed to set up high priority (Permission denied). In order to run benchmarks with high priority, make sure you have the right permissions.
// BeforeAnythingElse

// Benchmark Process Environment Information:
// BenchmarkDotNet v0.15.8
// Runtime=.NET 8.0.31 (8.0.31, 8.0.3126.42015), X64 RyuJIT x86-64-v3
// GC=Concurrent Workstation
// HardwareIntrinsics=AVX2+BMI1+BMI2+F16C+FMA+LZCNT+MOVBE,AVX,SSE3+SSSE3+SSE4.1+SSE4.2+POPCNT,X86Base+SSE+SSE2,AES+PCLMUL VectorSize=256
// Job: .NET 8.0

OverheadJitting  1: 1 op, 191661.00 ns, 191.6610 us/op
WorkloadJitting  1: 1 op, 575145.00 ns, 575.1450 us/op

OverheadJitting  2: 16 op, 435702.00 ns, 27.2314 us/op
WorkloadJitting  2: 16 op, 456280.00 ns, 28.5175 us/op

WorkloadPilot    1: 16 op, 63931.00 ns, 3.9957 us/op
WorkloadPilot    2: 32 op, 88667.00 ns, 2.7708 us/op
WorkloadPilot    3: 64 op, 174780.00 ns, 2.7309 us/op
WorkloadPilot    4: 128 op, 280679.00 ns, 2.1928 us/op
WorkloadPilot    5: 256 op, 516142.00 ns, 2.0162 us/op
WorkloadPilot    6: 512 op, 971461.00 ns, 1.8974 us/op
WorkloadPilot    7: 1024 op, 1806606.00 ns, 1.7643 us/op
WorkloadPilot    8: 2048 op, 3671111.00 ns, 1.7925 us/op
WorkloadPilot    9: 4096 op, 7268634.00 ns, 1.7746 us/op
WorkloadPilot   10: 8192 op, 14701466.00 ns, 1.7946 us/op
WorkloadPilot   11: 16384 op, 28997937.00 ns, 1.7699 us/op
WorkloadPilot   12: 32768 op, 58087127.00 ns, 1.7727 us/op
WorkloadPilot   13: 65536 op, 120291263.00 ns, 1.8355 us/op
WorkloadPilot   14: 131072 op, 186173435.00 ns, 1.4204 us/op
WorkloadPilot   15: 262144 op, 357473799.00 ns, 1.3637 us/op
WorkloadPilot   16: 524288 op, 713952197.00 ns, 1.3618 us/op

OverheadWarmup   1: 524288 op, 2424049.00 ns, 4.6235 ns/op
OverheadWarmup   2: 524288 op, 2412388.00 ns, 4.6013 ns/op
OverheadWarmup   3: 524288 op, 2408200.00 ns, 4.5933 ns/op
OverheadWarmup   4: 524288 op, 2476108.00 ns, 4.7228 ns/op
OverheadWarmup   5: 524288 op, 2410464.00 ns, 4.5976 ns/op
OverheadWarmup   6: 524288 op, 2435381.00 ns, 4.6451 ns/op
OverheadWarmup   7: 524288 op, 2396317.00 ns, 4.5706 ns/op

OverheadActual   1: 524288 op, 2417087.00 ns, 4.6102 ns/op
OverheadActual   2: 524288 op, 2412879.00 ns, 4.6022 ns/op
OverheadActual   3: 524288 op, 2413170.00 ns, 4.6028 ns/op
OverheadActual   4: 524288 op, 2402630.00 ns, 4.5827 ns/op
OverheadActual   5: 524288 op, 2415663.00 ns, 4.6075 ns/op
OverheadActual   6: 524288 op, 2416605.00 ns, 4.6093 ns/op
OverheadActual   7: 524288 op, 2412949.00 ns, 4.6023 ns/op
OverheadActual   8: 524288 op, 2411506.00 ns, 4.5996 ns/op
OverheadActual   9: 524288 op, 2396187.00 ns, 4.5704 ns/op
OverheadActual  10: 524288 op, 2397009.00 ns, 4.5719 ns/op
OverheadActual  11: 524288 op, 2411797.00 ns, 4.6001 ns/op
OverheadActual  12: 524288 op, 2410684.00 ns, 4.5980 ns/op
OverheadActual  13: 524288 op, 2409372.00 ns, 4.5955 ns/op
OverheadActual  14: 524288 op, 2416927.00 ns, 4.6099 ns/op
OverheadActual  15: 524288 op, 2419811.00 ns, 4.6154 ns/op

WorkloadWarmup   1: 524288 op, 730719707.00 ns, 1.3937 us/op
WorkloadWarmup   2: 524288 op, 716891247.00 ns, 1.3674 us/op
WorkloadWarmup   3: 524288 op, 710802138.00 ns, 1.3557 us/op
WorkloadWarmup   4: 524288 op, 710997558.00 ns, 1.3561 us/op
WorkloadWarmup   5: 524288 op, 710920623.00 ns, 1.3560 us/op
WorkloadWarmup   6: 524288 op, 711411569.00 ns, 1.3569 us/op
WorkloadWarmup   7: 524288 op, 718213965.00 ns, 1.3699 us/op
WorkloadWarmup   8: 524288 op, 710747246.00 ns, 1.3556 us/op

// BeforeActualRun
WorkloadActual   1: 524288 op, 716107710.00 ns, 1.3659 us/op
WorkloadActual   2: 524288 op, 713155226.00 ns, 1.3602 us/op
WorkloadActual   3: 524288 op, 721113540.00 ns, 1.3754 us/op
WorkloadActual   4: 524288 op, 715579246.00 ns, 1.3649 us/op
WorkloadActual   5: 524288 op, 713363609.00 ns, 1.3606 us/op
WorkloadActual   6: 524288 op, 712746234.00 ns, 1.3595 us/op
WorkloadActual   7: 524288 op, 715882057.00 ns, 1.3654 us/op
WorkloadActual   8: 524288 op, 716714711.00 ns, 1.3670 us/op
WorkloadActual   9: 524288 op, 714381855.00 ns, 1.3626 us/op
WorkloadActual  10: 524288 op, 711371950.00 ns, 1.3568 us/op
WorkloadActual  11: 524288 op, 708829978.00 ns, 1.3520 us/op
WorkloadActual  12: 524288 op, 712611587.00 ns, 1.3592 us/op
WorkloadActual  13: 524288 op, 708871626.00 ns, 1.3521 us/op
WorkloadActual  14: 524288 op, 712958582.00 ns, 1.3599 us/op
WorkloadActual  15: 524288 op, 714749438.00 ns, 1.3633 us/op

// AfterActualRun
WorkloadResult   1: 524288 op, 713694831.00 ns, 1.3613 us/op
WorkloadResult   2: 524288 op, 710742347.00 ns, 1.3556 us/op
WorkloadResult   3: 524288 op, 713166367.00 ns, 1.3603 us/op
WorkloadResult   4: 524288 op, 710950730.00 ns, 1.3560 us/op
WorkloadResult   5: 524288 op, 710333355.00 ns, 1.3549 us/op
WorkloadResult   6: 524288 op, 713469178.00 ns, 1.3608 us/op
WorkloadResult   7: 524288 op, 714301832.00 ns, 1.3624 us/op
WorkloadResult   8: 524288 op, 711968976.00 ns, 1.3580 us/op
WorkloadResult   9: 524288 op, 708959071.00 ns, 1.3522 us/op
WorkloadResult  10: 524288 op, 706417099.00 ns, 1.3474 us/op
WorkloadResult  11: 524288 op, 710198708.00 ns, 1.3546 us/op
WorkloadResult  12: 524288 op, 706458747.00 ns, 1.3475 us/op
WorkloadResult  13: 524288 op, 710545703.00 ns, 1.3553 us/op
WorkloadResult  14: 524288 op, 712336559.00 ns, 1.3587 us/op
// GC:  12 0 0 203676144 524288
// Threading:  0 0 524288

// AfterAll
// Benchmark Process 4630 has exited with code 0.

Mean = 1.356 μs, StdErr = 0.001 μs (0.09%), N = 14, StdDev = 0.005 μs
Min = 1.347 μs, Q1 = 1.355 μs, Median = 1.356 μs, Q3 = 1.360 μs, Max = 1.362 μs
IQR = 0.005 μs, LowerFence = 1.347 μs, UpperFence = 1.368 μs
ConfidenceInterval = [1.351 μs; 1.361 μs] (CI 99.9%), Margin = 0.005 μs (0.39% of Mean)
Skewness = -0.51, Kurtosis = 2.15, MValue = 2

// ** Remained 15 (38.5 %) benchmark(s) to run. Estimated finish 2026-10-04 7:43 (0h 4m from now) **
// **************************
// Benchmark: SecurityBenchmarks.'Token Hash (SHA-256)': .NET 8.0(Runtime=.NET 8.0, Toolchain=net8.0)
// *** Execute ***
// Launch: 1 / 1
// Execute: dotnet "EricksonLopez.Security.Benchmarks-.NET 8.0-2.dll" --anonymousPipes 114 116 --benchmarkName EricksonLopez.Security.Benchmarks.SecurityBenchmarks.Token_Hash --job ".NET 8.0" --benchmarkId 11 in /home/runner/work/dotnet-security/dotnet-security/benchmarks/EricksonLopez.Security.Benchmarks/bin/Release/net10.0/EricksonLopez.Security.Benchmarks-.NET 8.0-2/bin/Release/net8.0
// Failed to set up high priority (Permission denied). In order to run benchmarks with high priority, make sure you have the right permissions.
// BeforeAnythingElse

// Benchmark Process Environment Information:
// BenchmarkDotNet v0.15.8
// Runtime=.NET 8.0.31 (8.0.31, 8.0.3126.42015), X64 RyuJIT x86-64-v3
// GC=Concurrent Workstation
// HardwareIntrinsics=AVX2+BMI1+BMI2+F16C+FMA+LZCNT+MOVBE,AVX,SSE3+SSSE3+SSE4.1+SSE4.2+POPCNT,X86Base+SSE+SSE2,AES+PCLMUL VectorSize=256
// Job: .NET 8.0

OverheadJitting  1: 1 op, 190309.00 ns, 190.3090 us/op
WorkloadJitting  1: 1 op, 1006908.00 ns, 1.0069 ms/op

OverheadJitting  2: 16 op, 437525.00 ns, 27.3453 us/op
WorkloadJitting  2: 16 op, 467912.00 ns, 29.2445 us/op

WorkloadPilot    1: 16 op, 31439.00 ns, 1.9649 us/op
WorkloadPilot    2: 32 op, 60715.00 ns, 1.8973 us/op
WorkloadPilot    3: 64 op, 101601.00 ns, 1.5875 us/op
WorkloadPilot    4: 128 op, 194337.00 ns, 1.5183 us/op
WorkloadPilot    5: 256 op, 457573.00 ns, 1.7874 us/op
WorkloadPilot    6: 512 op, 852207.00 ns, 1.6645 us/op
WorkloadPilot    7: 1024 op, 1614804.00 ns, 1.5770 us/op
WorkloadPilot    8: 2048 op, 3032788.00 ns, 1.4809 us/op
WorkloadPilot    9: 4096 op, 6101793.00 ns, 1.4897 us/op
WorkloadPilot   10: 8192 op, 12276084.00 ns, 1.4985 us/op
WorkloadPilot   11: 16384 op, 24264926.00 ns, 1.4810 us/op
WorkloadPilot   12: 32768 op, 48256555.00 ns, 1.4727 us/op
WorkloadPilot   13: 65536 op, 99277662.00 ns, 1.5149 us/op
WorkloadPilot   14: 131072 op, 137745764.00 ns, 1.0509 us/op
WorkloadPilot   15: 262144 op, 271099198.00 ns, 1.0342 us/op
WorkloadPilot   16: 524288 op, 536187905.00 ns, 1.0227 us/op

OverheadWarmup   1: 524288 op, 2420022.00 ns, 4.6158 ns/op
OverheadWarmup   2: 524288 op, 2402479.00 ns, 4.5824 ns/op
OverheadWarmup   3: 524288 op, 2457593.00 ns, 4.6875 ns/op
OverheadWarmup   4: 524288 op, 2409672.00 ns, 4.5961 ns/op
OverheadWarmup   5: 524288 op, 2413179.00 ns, 4.6028 ns/op
OverheadWarmup   6: 524288 op, 2410144.00 ns, 4.5970 ns/op

OverheadActual   1: 524288 op, 2418339.00 ns, 4.6126 ns/op
OverheadActual   2: 524288 op, 2408731.00 ns, 4.5943 ns/op
OverheadActual   3: 524288 op, 2420113.00 ns, 4.6160 ns/op
OverheadActual   4: 524288 op, 2412138.00 ns, 4.6008 ns/op
OverheadActual   5: 524288 op, 2420423.00 ns, 4.6166 ns/op
OverheadActual   6: 524288 op, 2393573.00 ns, 4.5654 ns/op
OverheadActual   7: 524288 op, 2401287.00 ns, 4.5801 ns/op
OverheadActual   8: 524288 op, 2446422.00 ns, 4.6662 ns/op
OverheadActual   9: 524288 op, 2403271.00 ns, 4.5839 ns/op
OverheadActual  10: 524288 op, 2404453.00 ns, 4.5861 ns/op
OverheadActual  11: 524288 op, 2401968.00 ns, 4.5814 ns/op
OverheadActual  12: 524288 op, 2410615.00 ns, 4.5979 ns/op
OverheadActual  13: 524288 op, 2410123.00 ns, 4.5969 ns/op
OverheadActual  14: 524288 op, 2410043.00 ns, 4.5968 ns/op
OverheadActual  15: 524288 op, 2414091.00 ns, 4.6045 ns/op

WorkloadWarmup   1: 524288 op, 546142375.00 ns, 1.0417 us/op
WorkloadWarmup   2: 524288 op, 537601478.00 ns, 1.0254 us/op
WorkloadWarmup   3: 524288 op, 537032947.00 ns, 1.0243 us/op
WorkloadWarmup   4: 524288 op, 539914429.00 ns, 1.0298 us/op
WorkloadWarmup   5: 524288 op, 536763158.00 ns, 1.0238 us/op
WorkloadWarmup   6: 524288 op, 544254579.00 ns, 1.0381 us/op
WorkloadWarmup   7: 524288 op, 535127975.00 ns, 1.0207 us/op

// BeforeActualRun
WorkloadActual   1: 524288 op, 539608081.00 ns, 1.0292 us/op
WorkloadActual   2: 524288 op, 538361030.00 ns, 1.0268 us/op
WorkloadActual   3: 524288 op, 537329465.00 ns, 1.0249 us/op
WorkloadActual   4: 524288 op, 537254714.00 ns, 1.0247 us/op
WorkloadActual   5: 524288 op, 537315148.00 ns, 1.0248 us/op
WorkloadActual   6: 524288 op, 536411174.00 ns, 1.0231 us/op
WorkloadActual   7: 524288 op, 537124127.00 ns, 1.0245 us/op
WorkloadActual   8: 524288 op, 537806275.00 ns, 1.0258 us/op
WorkloadActual   9: 524288 op, 537428304.00 ns, 1.0251 us/op
WorkloadActual  10: 524288 op, 535629096.00 ns, 1.0216 us/op
WorkloadActual  11: 524288 op, 537045546.00 ns, 1.0243 us/op
WorkloadActual  12: 524288 op, 537519710.00 ns, 1.0252 us/op
WorkloadActual  13: 524288 op, 536453590.00 ns, 1.0232 us/op
WorkloadActual  14: 524288 op, 537295869.00 ns, 1.0248 us/op
WorkloadActual  15: 524288 op, 535417587.00 ns, 1.0212 us/op

// AfterActualRun
WorkloadResult   1: 524288 op, 535950907.00 ns, 1.0222 us/op
WorkloadResult   2: 524288 op, 534919342.00 ns, 1.0203 us/op
WorkloadResult   3: 524288 op, 534844591.00 ns, 1.0201 us/op
WorkloadResult   4: 524288 op, 534905025.00 ns, 1.0203 us/op
WorkloadResult   5: 524288 op, 534001051.00 ns, 1.0185 us/op
WorkloadResult   6: 524288 op, 534714004.00 ns, 1.0199 us/op
WorkloadResult   7: 524288 op, 535396152.00 ns, 1.0212 us/op
WorkloadResult   8: 524288 op, 535018181.00 ns, 1.0205 us/op
WorkloadResult   9: 524288 op, 533218973.00 ns, 1.0170 us/op
WorkloadResult  10: 524288 op, 534635423.00 ns, 1.0197 us/op
WorkloadResult  11: 524288 op, 535109587.00 ns, 1.0206 us/op
WorkloadResult  12: 524288 op, 534043467.00 ns, 1.0186 us/op
WorkloadResult  13: 524288 op, 534885746.00 ns, 1.0202 us/op
WorkloadResult  14: 524288 op, 533007464.00 ns, 1.0166 us/op
// GC:  5 0 0 96468992 524288
// Threading:  0 0 524288

// AfterAll
// Benchmark Process 4708 has exited with code 0.

Mean = 1.020 μs, StdErr = 0.000 μs (0.04%), N = 14, StdDev = 0.002 μs
Min = 1.017 μs, Q1 = 1.019 μs, Median = 1.020 μs, Q3 = 1.020 μs, Max = 1.022 μs
IQR = 0.002 μs, LowerFence = 1.017 μs, UpperFence = 1.023 μs
ConfidenceInterval = [1.018 μs; 1.021 μs] (CI 99.9%), Margin = 0.002 μs (0.17% of Mean)
Skewness = -0.59, Kurtosis = 2.5, MValue = 2

// ** Remained 14 (35.9 %) benchmark(s) to run. Estimated finish 2026-10-04 7:43 (0h 4m from now) **
// **************************
// Benchmark: SecurityBenchmarks.'SecretBuffer Allocate & Dispose (ZeroMemory)': .NET 8.0(Runtime=.NET 8.0, Toolchain=net8.0)
// *** Execute ***
// Launch: 1 / 1
// Execute: dotnet "EricksonLopez.Security.Benchmarks-.NET 8.0-2.dll" --anonymousPipes 114 116 --benchmarkName EricksonLopez.Security.Benchmarks.SecurityBenchmarks.SecretBuffer_RentAndScrub --job ".NET 8.0" --benchmarkId 12 in /home/runner/work/dotnet-security/dotnet-security/benchmarks/EricksonLopez.Security.Benchmarks/bin/Release/net10.0/EricksonLopez.Security.Benchmarks-.NET 8.0-2/bin/Release/net8.0
// Failed to set up high priority (Permission denied). In order to run benchmarks with high priority, make sure you have the right permissions.
// BeforeAnythingElse

// Benchmark Process Environment Information:
// BenchmarkDotNet v0.15.8
// Runtime=.NET 8.0.31 (8.0.31, 8.0.3126.42015), X64 RyuJIT x86-64-v3
// GC=Concurrent Workstation
// HardwareIntrinsics=AVX2+BMI1+BMI2+F16C+FMA+LZCNT+MOVBE,AVX,SSE3+SSSE3+SSE4.1+SSE4.2+POPCNT,X86Base+SSE+SSE2,AES+PCLMUL VectorSize=256
// Job: .NET 8.0

OverheadJitting  1: 1 op, 148690.00 ns, 148.6900 us/op
WorkloadJitting  1: 1 op, 636650.00 ns, 636.6500 us/op

OverheadJitting  2: 16 op, 228471.00 ns, 14.2794 us/op
WorkloadJitting  2: 16 op, 240844.00 ns, 15.0528 us/op

WorkloadPilot    1: 16 op, 7675.00 ns, 479.6875 ns/op
WorkloadPilot    2: 32 op, 9979.00 ns, 311.8438 ns/op
WorkloadPilot    3: 64 op, 16121.00 ns, 251.8906 ns/op
WorkloadPilot    4: 128 op, 36649.00 ns, 286.3203 ns/op
WorkloadPilot    5: 256 op, 58561.00 ns, 228.7539 ns/op
WorkloadPilot    6: 512 op, 80892.00 ns, 157.9922 ns/op
WorkloadPilot    7: 1024 op, 163518.00 ns, 159.6855 ns/op
WorkloadPilot    8: 2048 op, 305987.00 ns, 149.4077 ns/op
WorkloadPilot    9: 4096 op, 578771.00 ns, 141.3015 ns/op
WorkloadPilot   10: 8192 op, 1171278.00 ns, 142.9783 ns/op
WorkloadPilot   11: 16384 op, 2235725.00 ns, 136.4578 ns/op
WorkloadPilot   12: 32768 op, 4451663.00 ns, 135.8540 ns/op
WorkloadPilot   13: 65536 op, 8794540.00 ns, 134.1940 ns/op
WorkloadPilot   14: 131072 op, 17072406.00 ns, 130.2521 ns/op
WorkloadPilot   15: 262144 op, 36048731.00 ns, 137.5150 ns/op
WorkloadPilot   16: 524288 op, 76164810.00 ns, 145.2728 ns/op
WorkloadPilot   17: 1048576 op, 100179834.00 ns, 95.5389 ns/op
WorkloadPilot   18: 2097152 op, 191001907.00 ns, 91.0768 ns/op
WorkloadPilot   19: 4194304 op, 370258871.00 ns, 88.2766 ns/op
WorkloadPilot   20: 8388608 op, 745156799.00 ns, 88.8296 ns/op

OverheadWarmup   1: 8388608 op, 18937723.00 ns, 2.2576 ns/op
OverheadWarmup   2: 8388608 op, 18945937.00 ns, 2.2585 ns/op
OverheadWarmup   3: 8388608 op, 18953372.00 ns, 2.2594 ns/op
OverheadWarmup   4: 8388608 op, 19501255.00 ns, 2.3247 ns/op
OverheadWarmup   5: 8388608 op, 18956438.00 ns, 2.2598 ns/op
OverheadWarmup   6: 8388608 op, 18961638.00 ns, 2.2604 ns/op
OverheadWarmup   7: 8388608 op, 18955155.00 ns, 2.2596 ns/op

OverheadActual   1: 8388608 op, 19020949.00 ns, 2.2675 ns/op
OverheadActual   2: 8388608 op, 18970995.00 ns, 2.2615 ns/op
OverheadActual   3: 8388608 op, 18995631.00 ns, 2.2645 ns/op
OverheadActual   4: 8388608 op, 19044984.00 ns, 2.2703 ns/op
OverheadActual   5: 8388608 op, 18994309.00 ns, 2.2643 ns/op
OverheadActual   6: 8388608 op, 18992696.00 ns, 2.2641 ns/op
OverheadActual   7: 8388608 op, 18988287.00 ns, 2.2636 ns/op
OverheadActual   8: 8388608 op, 19006933.00 ns, 2.2658 ns/op
OverheadActual   9: 8388608 op, 19023975.00 ns, 2.2678 ns/op
OverheadActual  10: 8388608 op, 19002073.00 ns, 2.2652 ns/op
OverheadActual  11: 8388608 op, 18952471.00 ns, 2.2593 ns/op
OverheadActual  12: 8388608 op, 18953662.00 ns, 2.2595 ns/op
OverheadActual  13: 8388608 op, 20743316.00 ns, 2.4728 ns/op
OverheadActual  14: 8388608 op, 17836887.00 ns, 2.1263 ns/op
OverheadActual  15: 8388608 op, 13789987.00 ns, 1.6439 ns/op
OverheadActual  16: 8388608 op, 13714775.00 ns, 1.6349 ns/op
OverheadActual  17: 8388608 op, 13761454.00 ns, 1.6405 ns/op
OverheadActual  18: 8388608 op, 13732790.00 ns, 1.6371 ns/op
OverheadActual  19: 8388608 op, 13772334.00 ns, 1.6418 ns/op
OverheadActual  20: 8388608 op, 13707032.00 ns, 1.6340 ns/op

WorkloadWarmup   1: 8388608 op, 749150798.00 ns, 89.3057 ns/op
WorkloadWarmup   2: 8388608 op, 738751533.00 ns, 88.0660 ns/op
WorkloadWarmup   3: 8388608 op, 732266291.00 ns, 87.2929 ns/op
WorkloadWarmup   4: 8388608 op, 730269171.00 ns, 87.0549 ns/op
WorkloadWarmup   5: 8388608 op, 729365988.00 ns, 86.9472 ns/op
WorkloadWarmup   6: 8388608 op, 728262397.00 ns, 86.8156 ns/op
WorkloadWarmup   7: 8388608 op, 729832377.00 ns, 87.0028 ns/op
WorkloadWarmup   8: 8388608 op, 729393900.00 ns, 86.9505 ns/op
WorkloadWarmup   9: 8388608 op, 728981323.00 ns, 86.9013 ns/op
WorkloadWarmup  10: 8388608 op, 730174693.00 ns, 87.0436 ns/op
WorkloadWarmup  11: 8388608 op, 728783179.00 ns, 86.8777 ns/op

// BeforeActualRun
WorkloadActual   1: 8388608 op, 731878876.00 ns, 87.2468 ns/op
WorkloadActual   2: 8388608 op, 730198157.00 ns, 87.0464 ns/op
WorkloadActual   3: 8388608 op, 731292453.00 ns, 87.1769 ns/op
WorkloadActual   4: 8388608 op, 731780421.00 ns, 87.2350 ns/op
WorkloadActual   5: 8388608 op, 731793345.00 ns, 87.2366 ns/op
WorkloadActual   6: 8388608 op, 730906804.00 ns, 87.1309 ns/op
WorkloadActual   7: 8388608 op, 731220666.00 ns, 87.1683 ns/op
WorkloadActual   8: 8388608 op, 731222569.00 ns, 87.1685 ns/op
WorkloadActual   9: 8388608 op, 749615885.00 ns, 89.3612 ns/op
WorkloadActual  10: 8388608 op, 733632002.00 ns, 87.4557 ns/op
WorkloadActual  11: 8388608 op, 732100134.00 ns, 87.2731 ns/op
WorkloadActual  12: 8388608 op, 732795875.00 ns, 87.3561 ns/op
WorkloadActual  13: 8388608 op, 733373254.00 ns, 87.4249 ns/op
WorkloadActual  14: 8388608 op, 731090130.00 ns, 87.1527 ns/op
WorkloadActual  15: 8388608 op, 732371516.00 ns, 87.3055 ns/op

// AfterActualRun
WorkloadResult   1: 8388608 op, 712899235.00 ns, 84.9842 ns/op
WorkloadResult   2: 8388608 op, 711218516.00 ns, 84.7839 ns/op
WorkloadResult   3: 8388608 op, 712312812.00 ns, 84.9143 ns/op
WorkloadResult   4: 8388608 op, 712800780.00 ns, 84.9725 ns/op
WorkloadResult   5: 8388608 op, 712813704.00 ns, 84.9740 ns/op
WorkloadResult   6: 8388608 op, 711927163.00 ns, 84.8683 ns/op
WorkloadResult   7: 8388608 op, 712241025.00 ns, 84.9057 ns/op
WorkloadResult   8: 8388608 op, 712242928.00 ns, 84.9060 ns/op
WorkloadResult   9: 8388608 op, 714652361.00 ns, 85.1932 ns/op
WorkloadResult  10: 8388608 op, 713120493.00 ns, 85.0106 ns/op
WorkloadResult  11: 8388608 op, 713816234.00 ns, 85.0935 ns/op
WorkloadResult  12: 8388608 op, 714393613.00 ns, 85.1624 ns/op
WorkloadResult  13: 8388608 op, 712110489.00 ns, 84.8902 ns/op
WorkloadResult  14: 8388608 op, 713391875.00 ns, 85.0429 ns/op
// GC:  16 0 0 268435456 8388608
// Threading:  0 0 8388608

// AfterAll
// Benchmark Process 4719 has exited with code 0.

Mean = 84.979 ns, StdErr = 0.031 ns (0.04%), N = 14, StdDev = 0.115 ns
Min = 84.784 ns, Q1 = 84.906 ns, Median = 84.973 ns, Q3 = 85.035 ns, Max = 85.193 ns
IQR = 0.129 ns, LowerFence = 84.712 ns, UpperFence = 85.228 ns
ConfidenceInterval = [84.849 ns; 85.108 ns] (CI 99.9%), Margin = 0.129 ns (0.15% of Mean)
Skewness = 0.35, Kurtosis = 2.14, MValue = 2

// ** Remained 13 (33.3 %) benchmark(s) to run. Estimated finish 2026-10-04 7:43 (0h 4m from now) **
// **************************
// Benchmark: SecurityBenchmarks.'AES-GCM 256-bit Encrypt (Span, Zero-Alloc)': .NET 9.0(Runtime=.NET 9.0, Toolchain=net9.0)
// *** Execute ***
// Launch: 1 / 1
// Execute: dotnet "EricksonLopez.Security.Benchmarks-.NET 9.0-3.dll" --anonymousPipes 114 116 --benchmarkName EricksonLopez.Security.Benchmarks.SecurityBenchmarks.AesGcm_Encrypt_Span --job ".NET 9.0" --benchmarkId 0 in /home/runner/work/dotnet-security/dotnet-security/benchmarks/EricksonLopez.Security.Benchmarks/bin/Release/net10.0/EricksonLopez.Security.Benchmarks-.NET 9.0-3/bin/Release/net9.0
// Failed to set up high priority (Permission denied). In order to run benchmarks with high priority, make sure you have the right permissions.
// BeforeAnythingElse

// Benchmark Process Environment Information:
// BenchmarkDotNet v0.15.8
// Runtime=.NET 9.0.20 (9.0.20, 9.0.2026.41315), X64 RyuJIT x86-64-v3
// GC=Concurrent Workstation
// HardwareIntrinsics=AVX2+BMI1+BMI2+F16C+FMA+LZCNT+MOVBE,AVX,SSE3+SSSE3+SSE4.1+SSE4.2+POPCNT,X86Base+SSE+SSE2,AES+PCLMUL VectorSize=256
// Job: .NET 9.0

OverheadJitting  1: 1 op, 142910.00 ns, 142.9100 us/op
WorkloadJitting  1: 1 op, 304324.00 ns, 304.3240 us/op

OverheadJitting  2: 16 op, 182604.00 ns, 11.4128 us/op
WorkloadJitting  2: 16 op, 275279.00 ns, 17.2049 us/op

WorkloadPilot    1: 16 op, 90110.00 ns, 5.6319 us/op
WorkloadPilot    2: 32 op, 174980.00 ns, 5.4681 us/op
WorkloadPilot    3: 64 op, 296489.00 ns, 4.6326 us/op
WorkloadPilot    4: 128 op, 576848.00 ns, 4.5066 us/op
WorkloadPilot    5: 256 op, 1151210.00 ns, 4.4969 us/op
WorkloadPilot    6: 512 op, 2225857.00 ns, 4.3474 us/op
WorkloadPilot    7: 1024 op, 4425432.00 ns, 4.3217 us/op
WorkloadPilot    8: 2048 op, 8766066.00 ns, 4.2803 us/op
WorkloadPilot    9: 4096 op, 17609899.00 ns, 4.2993 us/op
WorkloadPilot   10: 8192 op, 35013328.00 ns, 4.2741 us/op
WorkloadPilot   11: 16384 op, 71926939.00 ns, 4.3901 us/op
WorkloadPilot   12: 32768 op, 130681695.00 ns, 3.9881 us/op
WorkloadPilot   13: 65536 op, 257745609.00 ns, 3.9329 us/op
WorkloadPilot   14: 131072 op, 516493247.00 ns, 3.9405 us/op

OverheadWarmup   1: 131072 op, 335713.00 ns, 2.5613 ns/op
OverheadWarmup   2: 131072 op, 350581.00 ns, 2.6747 ns/op
OverheadWarmup   3: 131072 op, 334350.00 ns, 2.5509 ns/op
OverheadWarmup   4: 131072 op, 334300.00 ns, 2.5505 ns/op
OverheadWarmup   5: 131072 op, 334411.00 ns, 2.5514 ns/op
OverheadWarmup   6: 131072 op, 334311.00 ns, 2.5506 ns/op

OverheadActual   1: 131072 op, 334370.00 ns, 2.5510 ns/op
OverheadActual   2: 131072 op, 334441.00 ns, 2.5516 ns/op
OverheadActual   3: 131072 op, 353296.00 ns, 2.6954 ns/op
OverheadActual   4: 131072 op, 334390.00 ns, 2.5512 ns/op
OverheadActual   5: 131072 op, 337967.00 ns, 2.5785 ns/op
OverheadActual   6: 131072 op, 334310.00 ns, 2.5506 ns/op
OverheadActual   7: 131072 op, 334260.00 ns, 2.5502 ns/op
OverheadActual   8: 131072 op, 334300.00 ns, 2.5505 ns/op
OverheadActual   9: 131072 op, 334380.00 ns, 2.5511 ns/op
OverheadActual  10: 131072 op, 353357.00 ns, 2.6959 ns/op
OverheadActual  11: 131072 op, 351673.00 ns, 2.6831 ns/op
OverheadActual  12: 131072 op, 350581.00 ns, 2.6747 ns/op
OverheadActual  13: 131072 op, 334271.00 ns, 2.5503 ns/op
OverheadActual  14: 131072 op, 334320.00 ns, 2.5507 ns/op
OverheadActual  15: 131072 op, 334340.00 ns, 2.5508 ns/op

WorkloadWarmup   1: 131072 op, 523333282.00 ns, 3.9927 us/op
WorkloadWarmup   2: 131072 op, 515722855.00 ns, 3.9347 us/op
WorkloadWarmup   3: 131072 op, 512751763.00 ns, 3.9120 us/op
WorkloadWarmup   4: 131072 op, 512958182.00 ns, 3.9136 us/op
WorkloadWarmup   5: 131072 op, 511578672.00 ns, 3.9030 us/op
WorkloadWarmup   6: 131072 op, 512426359.00 ns, 3.9095 us/op
WorkloadWarmup   7: 131072 op, 511960347.00 ns, 3.9059 us/op

// BeforeActualRun
WorkloadActual   1: 131072 op, 515833399.00 ns, 3.9355 us/op
WorkloadActual   2: 131072 op, 515559914.00 ns, 3.9334 us/op
WorkloadActual   3: 131072 op, 513135704.00 ns, 3.9149 us/op
WorkloadActual   4: 131072 op, 512237991.00 ns, 3.9081 us/op
WorkloadActual   5: 131072 op, 510713627.00 ns, 3.8964 us/op
WorkloadActual   6: 131072 op, 513482658.00 ns, 3.9176 us/op
WorkloadActual   7: 131072 op, 512318443.00 ns, 3.9087 us/op
WorkloadActual   8: 131072 op, 511256601.00 ns, 3.9006 us/op
WorkloadActual   9: 131072 op, 511718863.00 ns, 3.9041 us/op
WorkloadActual  10: 131072 op, 515275189.00 ns, 3.9312 us/op
WorkloadActual  11: 131072 op, 512976804.00 ns, 3.9137 us/op
WorkloadActual  12: 131072 op, 511360527.00 ns, 3.9014 us/op
WorkloadActual  13: 131072 op, 512162329.00 ns, 3.9075 us/op
WorkloadActual  14: 131072 op, 511573649.00 ns, 3.9030 us/op
WorkloadActual  15: 131072 op, 512605062.00 ns, 3.9109 us/op

// AfterActualRun
WorkloadResult   1: 131072 op, 515225534.00 ns, 3.9309 us/op
WorkloadResult   2: 131072 op, 512801324.00 ns, 3.9124 us/op
WorkloadResult   3: 131072 op, 511903611.00 ns, 3.9055 us/op
WorkloadResult   4: 131072 op, 510379247.00 ns, 3.8939 us/op
WorkloadResult   5: 131072 op, 513148278.00 ns, 3.9150 us/op
WorkloadResult   6: 131072 op, 511984063.00 ns, 3.9061 us/op
WorkloadResult   7: 131072 op, 510922221.00 ns, 3.8980 us/op
WorkloadResult   8: 131072 op, 511384483.00 ns, 3.9016 us/op
WorkloadResult   9: 131072 op, 514940809.00 ns, 3.9287 us/op
WorkloadResult  10: 131072 op, 512642424.00 ns, 3.9112 us/op
WorkloadResult  11: 131072 op, 511026147.00 ns, 3.8988 us/op
WorkloadResult  12: 131072 op, 511827949.00 ns, 3.9049 us/op
WorkloadResult  13: 131072 op, 511239269.00 ns, 3.9004 us/op
WorkloadResult  14: 131072 op, 512270682.00 ns, 3.9083 us/op
// GC:  0 0 0 8388824 131072
// Threading:  0 0 131072

// AfterAll
// Benchmark Process 4735 has exited with code 0.

Mean = 3.908 μs, StdErr = 0.003 μs (0.07%), N = 14, StdDev = 0.011 μs
Min = 3.894 μs, Q1 = 3.901 μs, Median = 3.906 μs, Q3 = 3.912 μs, Max = 3.931 μs
IQR = 0.011 μs, LowerFence = 3.884 μs, UpperFence = 3.929 μs
ConfidenceInterval = [3.896 μs; 3.920 μs] (CI 99.9%), Margin = 0.012 μs (0.31% of Mean)
Skewness = 0.82, Kurtosis = 2.61, MValue = 2

// ** Remained 12 (30.8 %) benchmark(s) to run. Estimated finish 2026-10-04 7:43 (0h 3m from now) **
// **************************
// Benchmark: SecurityBenchmarks.'AES-GCM 256-bit Decrypt (Span, Zero-Alloc)': .NET 9.0(Runtime=.NET 9.0, Toolchain=net9.0)
// *** Execute ***
// Launch: 1 / 1
// Execute: dotnet "EricksonLopez.Security.Benchmarks-.NET 9.0-3.dll" --anonymousPipes 114 116 --benchmarkName EricksonLopez.Security.Benchmarks.SecurityBenchmarks.AesGcm_Decrypt_Span --job ".NET 9.0" --benchmarkId 1 in /home/runner/work/dotnet-security/dotnet-security/benchmarks/EricksonLopez.Security.Benchmarks/bin/Release/net10.0/EricksonLopez.Security.Benchmarks-.NET 9.0-3/bin/Release/net9.0
// Failed to set up high priority (Permission denied). In order to run benchmarks with high priority, make sure you have the right permissions.
// BeforeAnythingElse

// Benchmark Process Environment Information:
// BenchmarkDotNet v0.15.8
// Runtime=.NET 9.0.20 (9.0.20, 9.0.2026.41315), X64 RyuJIT x86-64-v3
// GC=Concurrent Workstation
// HardwareIntrinsics=AVX2+BMI1+BMI2+F16C+FMA+LZCNT+MOVBE,AVX,SSE3+SSSE3+SSE4.1+SSE4.2+POPCNT,X86Base+SSE+SSE2,AES+PCLMUL VectorSize=256
// Job: .NET 9.0

OverheadJitting  1: 1 op, 163950.00 ns, 163.9500 us/op
WorkloadJitting  1: 1 op, 956954.00 ns, 956.9540 us/op

OverheadJitting  2: 16 op, 215656.00 ns, 13.4785 us/op
WorkloadJitting  2: 16 op, 268737.00 ns, 16.7961 us/op

WorkloadPilot    1: 16 op, 92544.00 ns, 5.7840 us/op
WorkloadPilot    2: 32 op, 127370.00 ns, 3.9803 us/op
WorkloadPilot    3: 64 op, 251975.00 ns, 3.9371 us/op
WorkloadPilot    4: 128 op, 428347.00 ns, 3.3465 us/op
WorkloadPilot    5: 256 op, 791773.00 ns, 3.0929 us/op
WorkloadPilot    6: 512 op, 1499316.00 ns, 2.9284 us/op
WorkloadPilot    7: 1024 op, 3019413.00 ns, 2.9486 us/op
WorkloadPilot    8: 2048 op, 7009945.00 ns, 3.4228 us/op
WorkloadPilot    9: 4096 op, 11963995.00 ns, 2.9209 us/op
WorkloadPilot   10: 8192 op, 23507768.00 ns, 2.8696 us/op
WorkloadPilot   11: 16384 op, 47117256.00 ns, 2.8758 us/op
WorkloadPilot   12: 32768 op, 93914369.00 ns, 2.8660 us/op
WorkloadPilot   13: 65536 op, 179536885.00 ns, 2.7395 us/op
WorkloadPilot   14: 131072 op, 343406615.00 ns, 2.6200 us/op
WorkloadPilot   15: 262144 op, 687133273.00 ns, 2.6212 us/op

OverheadWarmup   1: 262144 op, 712674.00 ns, 2.7186 ns/op
OverheadWarmup   2: 262144 op, 690271.00 ns, 2.6332 ns/op
OverheadWarmup   3: 262144 op, 689030.00 ns, 2.6284 ns/op
OverheadWarmup   4: 262144 op, 691092.00 ns, 2.6363 ns/op
OverheadWarmup   5: 262144 op, 672948.00 ns, 2.5671 ns/op
OverheadWarmup   6: 262144 op, 690241.00 ns, 2.6331 ns/op
OverheadWarmup   7: 262144 op, 689830.00 ns, 2.6315 ns/op

OverheadActual   1: 262144 op, 673811.00 ns, 2.5704 ns/op
OverheadActual   2: 262144 op, 692315.00 ns, 2.6410 ns/op
OverheadActual   3: 262144 op, 692345.00 ns, 2.6411 ns/op
OverheadActual   4: 262144 op, 673049.00 ns, 2.5675 ns/op
OverheadActual   5: 262144 op, 693186.00 ns, 2.6443 ns/op
OverheadActual   6: 262144 op, 689129.00 ns, 2.6288 ns/op
OverheadActual   7: 262144 op, 672868.00 ns, 2.5668 ns/op
OverheadActual   8: 262144 op, 696844.00 ns, 2.6582 ns/op
OverheadActual   9: 262144 op, 689821.00 ns, 2.6315 ns/op
OverheadActual  10: 262144 op, 688959.00 ns, 2.6282 ns/op
OverheadActual  11: 262144 op, 672868.00 ns, 2.5668 ns/op
OverheadActual  12: 262144 op, 690361.00 ns, 2.6335 ns/op
OverheadActual  13: 262144 op, 690021.00 ns, 2.6322 ns/op
OverheadActual  14: 262144 op, 708906.00 ns, 2.7043 ns/op
OverheadActual  15: 262144 op, 672908.00 ns, 2.5669 ns/op

WorkloadWarmup   1: 262144 op, 687492731.00 ns, 2.6226 us/op
WorkloadWarmup   2: 262144 op, 680368030.00 ns, 2.5954 us/op
WorkloadWarmup   3: 262144 op, 674351417.00 ns, 2.5724 us/op
WorkloadWarmup   4: 262144 op, 674381393.00 ns, 2.5726 us/op
WorkloadWarmup   5: 262144 op, 673766204.00 ns, 2.5702 us/op
WorkloadWarmup   6: 262144 op, 674994209.00 ns, 2.5749 us/op
WorkloadWarmup   7: 262144 op, 673936665.00 ns, 2.5709 us/op

// BeforeActualRun
WorkloadActual   1: 262144 op, 677332757.00 ns, 2.5838 us/op
WorkloadActual   2: 262144 op, 676020745.00 ns, 2.5788 us/op
WorkloadActual   3: 262144 op, 674012453.00 ns, 2.5712 us/op
WorkloadActual   4: 262144 op, 674061845.00 ns, 2.5713 us/op
WorkloadActual   5: 262144 op, 673339123.00 ns, 2.5686 us/op
WorkloadActual   6: 262144 op, 674833301.00 ns, 2.5743 us/op
WorkloadActual   7: 262144 op, 674271822.00 ns, 2.5721 us/op
WorkloadActual   8: 262144 op, 674320744.00 ns, 2.5723 us/op
WorkloadActual   9: 262144 op, 674512665.00 ns, 2.5731 us/op
WorkloadActual  10: 262144 op, 675428883.00 ns, 2.5766 us/op
WorkloadActual  11: 262144 op, 673396221.00 ns, 2.5688 us/op
WorkloadActual  12: 262144 op, 675071419.00 ns, 2.5752 us/op
WorkloadActual  13: 262144 op, 674447843.00 ns, 2.5728 us/op
WorkloadActual  14: 262144 op, 673293818.00 ns, 2.5684 us/op
WorkloadActual  15: 262144 op, 674633924.00 ns, 2.5735 us/op

// AfterActualRun
WorkloadResult   1: 262144 op, 675330924.00 ns, 2.5762 us/op
WorkloadResult   2: 262144 op, 673322632.00 ns, 2.5685 us/op
WorkloadResult   3: 262144 op, 673372024.00 ns, 2.5687 us/op
WorkloadResult   4: 262144 op, 672649302.00 ns, 2.5660 us/op
WorkloadResult   5: 262144 op, 674143480.00 ns, 2.5717 us/op
WorkloadResult   6: 262144 op, 673582001.00 ns, 2.5695 us/op
WorkloadResult   7: 262144 op, 673630923.00 ns, 2.5697 us/op
WorkloadResult   8: 262144 op, 673822844.00 ns, 2.5704 us/op
WorkloadResult   9: 262144 op, 674739062.00 ns, 2.5739 us/op
WorkloadResult  10: 262144 op, 672706400.00 ns, 2.5662 us/op
WorkloadResult  11: 262144 op, 674381598.00 ns, 2.5726 us/op
WorkloadResult  12: 262144 op, 673758022.00 ns, 2.5702 us/op
WorkloadResult  13: 262144 op, 672603997.00 ns, 2.5658 us/op
WorkloadResult  14: 262144 op, 673944103.00 ns, 2.5709 us/op
// GC:  1 0 0 16777648 262144
// Threading:  0 0 262144

// AfterAll
// Benchmark Process 4746 has exited with code 0.

Mean = 2.570 μs, StdErr = 0.001 μs (0.03%), N = 14, StdDev = 0.003 μs
Min = 2.566 μs, Q1 = 2.569 μs, Median = 2.570 μs, Q3 = 2.571 μs, Max = 2.576 μs
IQR = 0.003 μs, LowerFence = 2.564 μs, UpperFence = 2.576 μs
ConfidenceInterval = [2.567 μs; 2.573 μs] (CI 99.9%), Margin = 0.003 μs (0.13% of Mean)
Skewness = 0.3, Kurtosis = 2.25, MValue = 2

// ** Remained 11 (28.2 %) benchmark(s) to run. Estimated finish 2026-10-04 7:43 (0h 3m from now) **
// **************************
// Benchmark: SecurityBenchmarks.'AES-GCM Parallel Concurrent Throughput (100 ops)': .NET 9.0(Runtime=.NET 9.0, Toolchain=net9.0)
// *** Execute ***
// Launch: 1 / 1
// Execute: dotnet "EricksonLopez.Security.Benchmarks-.NET 9.0-3.dll" --anonymousPipes 114 116 --benchmarkName EricksonLopez.Security.Benchmarks.SecurityBenchmarks.AesGcm_Concurrent_Throughput --job ".NET 9.0" --benchmarkId 2 in /home/runner/work/dotnet-security/dotnet-security/benchmarks/EricksonLopez.Security.Benchmarks/bin/Release/net10.0/EricksonLopez.Security.Benchmarks-.NET 9.0-3/bin/Release/net9.0
// Failed to set up high priority (Permission denied). In order to run benchmarks with high priority, make sure you have the right permissions.
// BeforeAnythingElse

// Benchmark Process Environment Information:
// BenchmarkDotNet v0.15.8
// Runtime=.NET 9.0.20 (9.0.20, 9.0.2026.41315), X64 RyuJIT x86-64-v3
// GC=Concurrent Workstation
// HardwareIntrinsics=AVX2+BMI1+BMI2+F16C+FMA+LZCNT+MOVBE,AVX,SSE3+SSSE3+SSE4.1+SSE4.2+POPCNT,X86Base+SSE+SSE2,AES+PCLMUL VectorSize=256
// Job: .NET 9.0

OverheadJitting  1: 1 op, 142739.00 ns, 142.7390 us/op
WorkloadJitting  1: 1 op, 45826387.00 ns, 45.8264 ms/op

WorkloadPilot    1: 2 op, 582258.00 ns, 291.1290 us/op
WorkloadPilot    2: 3 op, 810467.00 ns, 270.1557 us/op
WorkloadPilot    3: 4 op, 1673505.00 ns, 418.3763 us/op
WorkloadPilot    4: 5 op, 1560662.00 ns, 312.1324 us/op
WorkloadPilot    5: 6 op, 1750209.00 ns, 291.7015 us/op
WorkloadPilot    6: 7 op, 1634461.00 ns, 233.4944 us/op
WorkloadPilot    7: 8 op, 2104112.00 ns, 263.0140 us/op
WorkloadPilot    8: 9 op, 2446292.00 ns, 271.8102 us/op
WorkloadPilot    9: 10 op, 2314073.00 ns, 231.4073 us/op
WorkloadPilot   10: 11 op, 2529339.00 ns, 229.9399 us/op
WorkloadPilot   11: 12 op, 2874930.00 ns, 239.5775 us/op
WorkloadPilot   12: 13 op, 2894346.00 ns, 222.6420 us/op
WorkloadPilot   13: 14 op, 3210372.00 ns, 229.3123 us/op
WorkloadPilot   14: 15 op, 3435687.00 ns, 229.0458 us/op
WorkloadPilot   15: 16 op, 3745911.00 ns, 234.1194 us/op
WorkloadPilot   16: 32 op, 7362551.00 ns, 230.0797 us/op
WorkloadPilot   17: 64 op, 14334974.00 ns, 223.9840 us/op
WorkloadPilot   18: 128 op, 31675856.00 ns, 247.4676 us/op
WorkloadPilot   19: 256 op, 72736204.00 ns, 284.1258 us/op
WorkloadPilot   20: 512 op, 119960011.00 ns, 234.2969 us/op
WorkloadPilot   21: 1024 op, 234832882.00 ns, 229.3290 us/op
WorkloadPilot   22: 2048 op, 452850721.00 ns, 221.1185 us/op
WorkloadPilot   23: 4096 op, 825612487.00 ns, 201.5655 us/op

WorkloadWarmup   1: 4096 op, 804724261.00 ns, 196.4659 us/op
WorkloadWarmup   2: 4096 op, 805360574.00 ns, 196.6212 us/op
WorkloadWarmup   3: 4096 op, 808406523.00 ns, 197.3649 us/op
WorkloadWarmup   4: 4096 op, 809524101.00 ns, 197.6377 us/op
WorkloadWarmup   5: 4096 op, 809064742.00 ns, 197.5256 us/op
WorkloadWarmup   6: 4096 op, 801217572.00 ns, 195.6098 us/op
WorkloadWarmup   7: 4096 op, 801551591.00 ns, 195.6913 us/op
WorkloadWarmup   8: 4096 op, 805764620.00 ns, 196.7199 us/op
WorkloadWarmup   9: 4096 op, 796507522.00 ns, 194.4598 us/op

// BeforeActualRun
WorkloadActual   1: 4096 op, 823864793.00 ns, 201.1389 us/op
WorkloadActual   2: 4096 op, 812471477.00 ns, 198.3573 us/op
WorkloadActual   3: 4096 op, 796394919.00 ns, 194.4324 us/op
WorkloadActual   4: 4096 op, 794682642.00 ns, 194.0143 us/op
WorkloadActual   5: 4096 op, 795005483.00 ns, 194.0931 us/op
WorkloadActual   6: 4096 op, 798991576.00 ns, 195.0663 us/op
WorkloadActual   7: 4096 op, 804865268.00 ns, 196.5003 us/op
WorkloadActual   8: 4096 op, 805575503.00 ns, 196.6737 us/op
WorkloadActual   9: 4096 op, 799201424.00 ns, 195.1175 us/op
WorkloadActual  10: 4096 op, 798826567.00 ns, 195.0260 us/op
WorkloadActual  11: 4096 op, 809568478.00 ns, 197.6486 us/op
WorkloadActual  12: 4096 op, 804098273.00 ns, 196.3131 us/op
WorkloadActual  13: 4096 op, 812696442.00 ns, 198.4122 us/op
WorkloadActual  14: 4096 op, 801299223.00 ns, 195.6297 us/op
WorkloadActual  15: 4096 op, 799773072.00 ns, 195.2571 us/op

// AfterActualRun
WorkloadResult   1: 4096 op, 812471477.00 ns, 198.3573 us/op
WorkloadResult   2: 4096 op, 796394919.00 ns, 194.4324 us/op
WorkloadResult   3: 4096 op, 794682642.00 ns, 194.0143 us/op
WorkloadResult   4: 4096 op, 795005483.00 ns, 194.0931 us/op
WorkloadResult   5: 4096 op, 798991576.00 ns, 195.0663 us/op
WorkloadResult   6: 4096 op, 804865268.00 ns, 196.5003 us/op
WorkloadResult   7: 4096 op, 805575503.00 ns, 196.6737 us/op
WorkloadResult   8: 4096 op, 799201424.00 ns, 195.1175 us/op
WorkloadResult   9: 4096 op, 798826567.00 ns, 195.0260 us/op
WorkloadResult  10: 4096 op, 809568478.00 ns, 197.6486 us/op
WorkloadResult  11: 4096 op, 804098273.00 ns, 196.3131 us/op
WorkloadResult  12: 4096 op, 812696442.00 ns, 198.4122 us/op
WorkloadResult  13: 4096 op, 801299223.00 ns, 195.6297 us/op
WorkloadResult  14: 4096 op, 799773072.00 ns, 195.2571 us/op
// GC:  2 0 0 35333688 4096
// Threading:  16589 3 4096

// AfterAll
// Benchmark Process 4758 has exited with code 0.

Mean = 195.896 μs, StdErr = 0.393 μs (0.20%), N = 14, StdDev = 1.469 μs
Min = 194.014 μs, Q1 = 195.036 μs, Median = 195.443 μs, Q3 = 196.630 μs, Max = 198.412 μs
IQR = 1.594 μs, LowerFence = 192.645 μs, UpperFence = 199.022 μs
ConfidenceInterval = [194.238 μs; 197.553 μs] (CI 99.9%), Margin = 1.658 μs (0.85% of Mean)
Skewness = 0.44, Kurtosis = 1.78, MValue = 2

// ** Remained 10 (25.6 %) benchmark(s) to run. Estimated finish 2026-10-04 7:43 (0h 3m from now) **
// **************************
// Benchmark: SecurityBenchmarks.'PBKDF2-SHA512 Password Hash (10k iters)': .NET 9.0(Runtime=.NET 9.0, Toolchain=net9.0)
// *** Execute ***
// Launch: 1 / 1
// Execute: dotnet "EricksonLopez.Security.Benchmarks-.NET 9.0-3.dll" --anonymousPipes 114 116 --benchmarkName EricksonLopez.Security.Benchmarks.SecurityBenchmarks.Pbkdf2_HashPassword --job ".NET 9.0" --benchmarkId 3 in /home/runner/work/dotnet-security/dotnet-security/benchmarks/EricksonLopez.Security.Benchmarks/bin/Release/net10.0/EricksonLopez.Security.Benchmarks-.NET 9.0-3/bin/Release/net9.0
// Failed to set up high priority (Permission denied). In order to run benchmarks with high priority, make sure you have the right permissions.
// BeforeAnythingElse

// Benchmark Process Environment Information:
// BenchmarkDotNet v0.15.8
// Runtime=.NET 9.0.20 (9.0.20, 9.0.2026.41315), X64 RyuJIT x86-64-v3
// GC=Concurrent Workstation
// HardwareIntrinsics=AVX2+BMI1+BMI2+F16C+FMA+LZCNT+MOVBE,AVX,SSE3+SSSE3+SSE4.1+SSE4.2+POPCNT,X86Base+SSE+SSE2,AES+PCLMUL VectorSize=256
// Job: .NET 9.0

OverheadJitting  1: 1 op, 178998.00 ns, 178.9980 us/op
WorkloadJitting  1: 1 op, 6990057.00 ns, 6.9901 ms/op

OverheadJitting  2: 16 op, 406747.00 ns, 25.4217 us/op
WorkloadJitting  2: 16 op, 108941388.00 ns, 6.8088 ms/op

WorkloadPilot    1: 16 op, 108476843.00 ns, 6.7798 ms/op
WorkloadPilot    2: 32 op, 221941760.00 ns, 6.9357 ms/op
WorkloadPilot    3: 64 op, 436552418.00 ns, 6.8211 ms/op
WorkloadPilot    4: 128 op, 871191371.00 ns, 6.8062 ms/op

OverheadWarmup   1: 128 op, 2855.00 ns, 22.3047 ns/op
OverheadWarmup   2: 128 op, 1091.00 ns, 8.5234 ns/op
OverheadWarmup   3: 128 op, 1122.00 ns, 8.7656 ns/op
OverheadWarmup   4: 128 op, 1122.00 ns, 8.7656 ns/op
OverheadWarmup   5: 128 op, 1122.00 ns, 8.7656 ns/op
OverheadWarmup   6: 128 op, 1092.00 ns, 8.5313 ns/op

OverheadActual   1: 128 op, 1142.00 ns, 8.9219 ns/op
OverheadActual   2: 128 op, 1133.00 ns, 8.8516 ns/op
OverheadActual   3: 128 op, 1122.00 ns, 8.7656 ns/op
OverheadActual   4: 128 op, 1132.00 ns, 8.8438 ns/op
OverheadActual   5: 128 op, 1132.00 ns, 8.8438 ns/op
OverheadActual   6: 128 op, 1102.00 ns, 8.6094 ns/op
OverheadActual   7: 128 op, 1102.00 ns, 8.6094 ns/op
OverheadActual   8: 128 op, 1122.00 ns, 8.7656 ns/op
OverheadActual   9: 128 op, 1112.00 ns, 8.6875 ns/op
OverheadActual  10: 128 op, 1112.00 ns, 8.6875 ns/op
OverheadActual  11: 128 op, 1092.00 ns, 8.5313 ns/op
OverheadActual  12: 128 op, 1082.00 ns, 8.4531 ns/op
OverheadActual  13: 128 op, 1092.00 ns, 8.5313 ns/op
OverheadActual  14: 128 op, 1102.00 ns, 8.6094 ns/op
OverheadActual  15: 128 op, 1093.00 ns, 8.5391 ns/op

WorkloadWarmup   1: 128 op, 870132843.00 ns, 6.7979 ms/op
WorkloadWarmup   2: 128 op, 869560946.00 ns, 6.7934 ms/op
WorkloadWarmup   3: 128 op, 868184911.00 ns, 6.7827 ms/op
WorkloadWarmup   4: 128 op, 869508577.00 ns, 6.7930 ms/op
WorkloadWarmup   5: 128 op, 869330270.00 ns, 6.7916 ms/op
WorkloadWarmup   6: 128 op, 867768326.00 ns, 6.7794 ms/op
WorkloadWarmup   7: 128 op, 869298027.00 ns, 6.7914 ms/op
WorkloadWarmup   8: 128 op, 867844465.00 ns, 6.7800 ms/op

// BeforeActualRun
WorkloadActual   1: 128 op, 868676413.00 ns, 6.7865 ms/op
WorkloadActual   2: 128 op, 871460492.00 ns, 6.8083 ms/op
WorkloadActual   3: 128 op, 868491925.00 ns, 6.7851 ms/op
WorkloadActual   4: 128 op, 868652759.00 ns, 6.7863 ms/op
WorkloadActual   5: 128 op, 868908441.00 ns, 6.7883 ms/op
WorkloadActual   6: 128 op, 870818752.00 ns, 6.8033 ms/op
WorkloadActual   7: 128 op, 868221746.00 ns, 6.7830 ms/op
WorkloadActual   8: 128 op, 869084492.00 ns, 6.7897 ms/op
WorkloadActual   9: 128 op, 868005897.00 ns, 6.7813 ms/op
WorkloadActual  10: 128 op, 871641961.00 ns, 6.8097 ms/op
WorkloadActual  11: 128 op, 871484925.00 ns, 6.8085 ms/op
WorkloadActual  12: 128 op, 868446527.00 ns, 6.7847 ms/op
WorkloadActual  13: 128 op, 869675244.00 ns, 6.7943 ms/op
WorkloadActual  14: 128 op, 869605593.00 ns, 6.7938 ms/op
WorkloadActual  15: 128 op, 870681781.00 ns, 6.8022 ms/op

// AfterActualRun
WorkloadResult   1: 128 op, 868675301.00 ns, 6.7865 ms/op
WorkloadResult   2: 128 op, 871459380.00 ns, 6.8083 ms/op
WorkloadResult   3: 128 op, 868490813.00 ns, 6.7851 ms/op
WorkloadResult   4: 128 op, 868651647.00 ns, 6.7863 ms/op
WorkloadResult   5: 128 op, 868907329.00 ns, 6.7883 ms/op
WorkloadResult   6: 128 op, 870817640.00 ns, 6.8033 ms/op
WorkloadResult   7: 128 op, 868220634.00 ns, 6.7830 ms/op
WorkloadResult   8: 128 op, 869083380.00 ns, 6.7897 ms/op
WorkloadResult   9: 128 op, 868004785.00 ns, 6.7813 ms/op
WorkloadResult  10: 128 op, 871640849.00 ns, 6.8097 ms/op
WorkloadResult  11: 128 op, 871483813.00 ns, 6.8085 ms/op
WorkloadResult  12: 128 op, 868445415.00 ns, 6.7847 ms/op
WorkloadResult  13: 128 op, 869674132.00 ns, 6.7943 ms/op
WorkloadResult  14: 128 op, 869604481.00 ns, 6.7938 ms/op
WorkloadResult  15: 128 op, 870680669.00 ns, 6.8022 ms/op
// GC:  0 0 0 59392 128
// Threading:  0 0 128

// AfterAll
// Benchmark Process 4778 has exited with code 0.

Mean = 6.794 ms, StdErr = 0.003 ms (0.04%), N = 15, StdDev = 0.010 ms
Min = 6.781 ms, Q1 = 6.786 ms, Median = 6.790 ms, Q3 = 6.803 ms, Max = 6.810 ms
IQR = 0.017 ms, LowerFence = 6.760 ms, UpperFence = 6.828 ms
ConfidenceInterval = [6.783 ms; 6.804 ms] (CI 99.9%), Margin = 0.011 ms (0.16% of Mean)
Skewness = 0.43, Kurtosis = 1.47, MValue = 2

// ** Remained 9 (23.1 %) benchmark(s) to run. Estimated finish 2026-10-04 7:44 (0h 2m from now) **
// **************************
// Benchmark: SecurityBenchmarks.'PBKDF2-SHA512 Password Hash (600K iters — PRODUCTION COST)': .NET 9.0(Runtime=.NET 9.0, Toolchain=net9.0)
// *** Execute ***
// Launch: 1 / 1
// Execute: dotnet "EricksonLopez.Security.Benchmarks-.NET 9.0-3.dll" --anonymousPipes 114 116 --benchmarkName EricksonLopez.Security.Benchmarks.SecurityBenchmarks.Pbkdf2_HashPassword_Production --job ".NET 9.0" --benchmarkId 4 in /home/runner/work/dotnet-security/dotnet-security/benchmarks/EricksonLopez.Security.Benchmarks/bin/Release/net10.0/EricksonLopez.Security.Benchmarks-.NET 9.0-3/bin/Release/net9.0
// Failed to set up high priority (Permission denied). In order to run benchmarks with high priority, make sure you have the right permissions.
// BeforeAnythingElse

// Benchmark Process Environment Information:
// BenchmarkDotNet v0.15.8
// Runtime=.NET 9.0.20 (9.0.20, 9.0.2026.41315), X64 RyuJIT x86-64-v3
// GC=Concurrent Workstation
// HardwareIntrinsics=AVX2+BMI1+BMI2+F16C+FMA+LZCNT+MOVBE,AVX,SSE3+SSSE3+SSE4.1+SSE4.2+POPCNT,X86Base+SSE+SSE2,AES+PCLMUL VectorSize=256
// Job: .NET 9.0

OverheadJitting  1: 1 op, 181642.00 ns, 181.6420 us/op
WorkloadJitting  1: 1 op, 405318372.00 ns, 405.3184 ms/op

OverheadJitting  2: 1 op, 320.00 ns, 320.0000 ns/op
WorkloadJitting  2: 1 op, 405829353.00 ns, 405.8294 ms/op

WorkloadWarmup   1: 1 op, 405082324.00 ns, 405.0823 ms/op
WorkloadWarmup   2: 1 op, 404637855.00 ns, 404.6379 ms/op
WorkloadWarmup   3: 1 op, 404881105.00 ns, 404.8811 ms/op
WorkloadWarmup   4: 1 op, 404446054.00 ns, 404.4461 ms/op
WorkloadWarmup   5: 1 op, 404657273.00 ns, 404.6573 ms/op
WorkloadWarmup   6: 1 op, 405021609.00 ns, 405.0216 ms/op
WorkloadWarmup   7: 1 op, 404447949.00 ns, 404.4479 ms/op

// BeforeActualRun
WorkloadActual   1: 1 op, 405275778.00 ns, 405.2758 ms/op
WorkloadActual   2: 1 op, 406024290.00 ns, 406.0243 ms/op
WorkloadActual   3: 1 op, 405720006.00 ns, 405.7200 ms/op
WorkloadActual   4: 1 op, 405498698.00 ns, 405.4987 ms/op
WorkloadActual   5: 1 op, 404391562.00 ns, 404.3916 ms/op
WorkloadActual   6: 1 op, 405918790.00 ns, 405.9188 ms/op
WorkloadActual   7: 1 op, 404918926.00 ns, 404.9189 ms/op
WorkloadActual   8: 1 op, 405848028.00 ns, 405.8480 ms/op
WorkloadActual   9: 1 op, 404960865.00 ns, 404.9609 ms/op
WorkloadActual  10: 1 op, 404660178.00 ns, 404.6602 ms/op
WorkloadActual  11: 1 op, 405197100.00 ns, 405.1971 ms/op
WorkloadActual  12: 1 op, 405354587.00 ns, 405.3546 ms/op
WorkloadActual  13: 1 op, 405534365.00 ns, 405.5344 ms/op
WorkloadActual  14: 1 op, 405341138.00 ns, 405.3411 ms/op
WorkloadActual  15: 1 op, 404775601.00 ns, 404.7756 ms/op

// AfterActualRun
WorkloadResult   1: 1 op, 405275778.00 ns, 405.2758 ms/op
WorkloadResult   2: 1 op, 406024290.00 ns, 406.0243 ms/op
WorkloadResult   3: 1 op, 405720006.00 ns, 405.7200 ms/op
WorkloadResult   4: 1 op, 405498698.00 ns, 405.4987 ms/op
WorkloadResult   5: 1 op, 404391562.00 ns, 404.3916 ms/op
WorkloadResult   6: 1 op, 405918790.00 ns, 405.9188 ms/op
WorkloadResult   7: 1 op, 404918926.00 ns, 404.9189 ms/op
WorkloadResult   8: 1 op, 405848028.00 ns, 405.8480 ms/op
WorkloadResult   9: 1 op, 404960865.00 ns, 404.9609 ms/op
WorkloadResult  10: 1 op, 404660178.00 ns, 404.6602 ms/op
WorkloadResult  11: 1 op, 405197100.00 ns, 405.1971 ms/op
WorkloadResult  12: 1 op, 405354587.00 ns, 405.3546 ms/op
WorkloadResult  13: 1 op, 405534365.00 ns, 405.5344 ms/op
WorkloadResult  14: 1 op, 405341138.00 ns, 405.3411 ms/op
WorkloadResult  15: 1 op, 404775601.00 ns, 404.7756 ms/op
// GC:  0 0 0 504 1
// Threading:  0 0 1

// AfterAll
// Benchmark Process 4797 has exited with code 0.

Mean = 405.295 ms, StdErr = 0.125 ms (0.03%), N = 15, StdDev = 0.483 ms
Min = 404.392 ms, Q1 = 404.940 ms, Median = 405.341 ms, Q3 = 405.627 ms, Max = 406.024 ms
IQR = 0.687 ms, LowerFence = 403.909 ms, UpperFence = 406.658 ms
ConfidenceInterval = [404.778 ms; 405.811 ms] (CI 99.9%), Margin = 0.516 ms (0.13% of Mean)
Skewness = -0.19, Kurtosis = 1.84, MValue = 2

// ** Remained 8 (20.5 %) benchmark(s) to run. Estimated finish 2026-10-04 7:43 (0h 2m from now) **
// **************************
// Benchmark: SecurityBenchmarks.'LegacyPbkdf2 Password Hash (Fast Config)': .NET 9.0(Runtime=.NET 9.0, Toolchain=net9.0)
// *** Execute ***
// Launch: 1 / 1
// Execute: dotnet "EricksonLopez.Security.Benchmarks-.NET 9.0-3.dll" --anonymousPipes 114 116 --benchmarkName EricksonLopez.Security.Benchmarks.SecurityBenchmarks.LegacyPbkdf2_HashPassword --job ".NET 9.0" --benchmarkId 5 in /home/runner/work/dotnet-security/dotnet-security/benchmarks/EricksonLopez.Security.Benchmarks/bin/Release/net10.0/EricksonLopez.Security.Benchmarks-.NET 9.0-3/bin/Release/net9.0
// Failed to set up high priority (Permission denied). In order to run benchmarks with high priority, make sure you have the right permissions.
// BeforeAnythingElse

// Benchmark Process Environment Information:
// BenchmarkDotNet v0.15.8
// Runtime=.NET 9.0.20 (9.0.20, 9.0.2026.41315), X64 RyuJIT x86-64-v3
// GC=Concurrent Workstation
// HardwareIntrinsics=AVX2+BMI1+BMI2+F16C+FMA+LZCNT+MOVBE,AVX,SSE3+SSSE3+SSE4.1+SSE4.2+POPCNT,X86Base+SSE+SSE2,AES+PCLMUL VectorSize=256
// Job: .NET 9.0

OverheadJitting  1: 1 op, 181362.00 ns, 181.3620 us/op
WorkloadJitting  1: 1 op, 47675020.00 ns, 47.6750 ms/op

WorkloadPilot    1: 2 op, 96530095.00 ns, 48.2650 ms/op
WorkloadPilot    2: 3 op, 142702713.00 ns, 47.5676 ms/op
WorkloadPilot    3: 4 op, 189684777.00 ns, 47.4212 ms/op
WorkloadPilot    4: 5 op, 237070953.00 ns, 47.4142 ms/op
WorkloadPilot    5: 6 op, 284356408.00 ns, 47.3927 ms/op
WorkloadPilot    6: 7 op, 331707027.00 ns, 47.3867 ms/op
WorkloadPilot    7: 8 op, 379364674.00 ns, 47.4206 ms/op
WorkloadPilot    8: 9 op, 425674321.00 ns, 47.2971 ms/op
WorkloadPilot    9: 10 op, 473655419.00 ns, 47.3655 ms/op
WorkloadPilot   10: 11 op, 521844087.00 ns, 47.4404 ms/op

WorkloadWarmup   1: 11 op, 521380153.00 ns, 47.3982 ms/op
WorkloadWarmup   2: 11 op, 521193190.00 ns, 47.3812 ms/op
WorkloadWarmup   3: 11 op, 521103572.00 ns, 47.3731 ms/op
WorkloadWarmup   4: 11 op, 520853189.00 ns, 47.3503 ms/op
WorkloadWarmup   5: 11 op, 520668451.00 ns, 47.3335 ms/op
WorkloadWarmup   6: 11 op, 520586967.00 ns, 47.3261 ms/op
WorkloadWarmup   7: 11 op, 528197811.00 ns, 48.0180 ms/op
WorkloadWarmup   8: 11 op, 520555158.00 ns, 47.3232 ms/op
WorkloadWarmup   9: 11 op, 521205144.00 ns, 47.3823 ms/op
WorkloadWarmup  10: 11 op, 520742101.00 ns, 47.3402 ms/op

// BeforeActualRun
WorkloadActual   1: 11 op, 521261471.00 ns, 47.3874 ms/op
WorkloadActual   2: 11 op, 521318668.00 ns, 47.3926 ms/op
WorkloadActual   3: 11 op, 521603705.00 ns, 47.4185 ms/op
WorkloadActual   4: 11 op, 521405622.00 ns, 47.4005 ms/op
WorkloadActual   5: 11 op, 520694171.00 ns, 47.3358 ms/op
WorkloadActual   6: 11 op, 520685404.00 ns, 47.3350 ms/op
WorkloadActual   7: 11 op, 520771668.00 ns, 47.3429 ms/op
WorkloadActual   8: 11 op, 520357956.00 ns, 47.3053 ms/op
WorkloadActual   9: 11 op, 520516065.00 ns, 47.3196 ms/op
WorkloadActual  10: 11 op, 520972635.00 ns, 47.3611 ms/op
WorkloadActual  11: 11 op, 520959461.00 ns, 47.3600 ms/op
WorkloadActual  12: 11 op, 522253004.00 ns, 47.4775 ms/op
WorkloadActual  13: 11 op, 520797198.00 ns, 47.3452 ms/op
WorkloadActual  14: 11 op, 520914299.00 ns, 47.3558 ms/op
WorkloadActual  15: 11 op, 521179951.00 ns, 47.3800 ms/op

// AfterActualRun
WorkloadResult   1: 11 op, 521261471.00 ns, 47.3874 ms/op
WorkloadResult   2: 11 op, 521318668.00 ns, 47.3926 ms/op
WorkloadResult   3: 11 op, 521603705.00 ns, 47.4185 ms/op
WorkloadResult   4: 11 op, 521405622.00 ns, 47.4005 ms/op
WorkloadResult   5: 11 op, 520694171.00 ns, 47.3358 ms/op
WorkloadResult   6: 11 op, 520685404.00 ns, 47.3350 ms/op
WorkloadResult   7: 11 op, 520771668.00 ns, 47.3429 ms/op
WorkloadResult   8: 11 op, 520357956.00 ns, 47.3053 ms/op
WorkloadResult   9: 11 op, 520516065.00 ns, 47.3196 ms/op
WorkloadResult  10: 11 op, 520972635.00 ns, 47.3611 ms/op
WorkloadResult  11: 11 op, 520959461.00 ns, 47.3600 ms/op
WorkloadResult  12: 11 op, 520797198.00 ns, 47.3452 ms/op
WorkloadResult  13: 11 op, 520914299.00 ns, 47.3558 ms/op
WorkloadResult  14: 11 op, 521179951.00 ns, 47.3800 ms/op
// GC:  0 0 0 4576 11
// Threading:  0 0 11

// AfterAll
// Benchmark Process 4807 has exited with code 0.

Mean = 47.360 ms, StdErr = 0.009 ms (0.02%), N = 14, StdDev = 0.032 ms
Min = 47.305 ms, Q1 = 47.338 ms, Median = 47.358 ms, Q3 = 47.386 ms, Max = 47.419 ms
IQR = 0.048 ms, LowerFence = 47.266 ms, UpperFence = 47.457 ms
ConfidenceInterval = [47.323 ms; 47.397 ms] (CI 99.9%), Margin = 0.037 ms (0.08% of Mean)
Skewness = 0.13, Kurtosis = 1.87, MValue = 2

// ** Remained 7 (17.9 %) benchmark(s) to run. Estimated finish 2026-10-04 7:43 (0h 2m from now) **
// **************************
// Benchmark: SecurityBenchmarks.'CompositePasswordHasher Verify & Rehash Check': .NET 9.0(Runtime=.NET 9.0, Toolchain=net9.0)
// *** Execute ***
// Launch: 1 / 1
// Execute: dotnet "EricksonLopez.Security.Benchmarks-.NET 9.0-3.dll" --anonymousPipes 114 116 --benchmarkName EricksonLopez.Security.Benchmarks.SecurityBenchmarks.Composite_VerifyPassword --job ".NET 9.0" --benchmarkId 6 in /home/runner/work/dotnet-security/dotnet-security/benchmarks/EricksonLopez.Security.Benchmarks/bin/Release/net10.0/EricksonLopez.Security.Benchmarks-.NET 9.0-3/bin/Release/net9.0
// Failed to set up high priority (Permission denied). In order to run benchmarks with high priority, make sure you have the right permissions.
// BeforeAnythingElse

// Benchmark Process Environment Information:
// BenchmarkDotNet v0.15.8
// Runtime=.NET 9.0.20 (9.0.20, 9.0.2026.41315), X64 RyuJIT x86-64-v3
// GC=Concurrent Workstation
// HardwareIntrinsics=AVX2+BMI1+BMI2+F16C+FMA+LZCNT+MOVBE,AVX,SSE3+SSSE3+SSE4.1+SSE4.2+POPCNT,X86Base+SSE+SSE2,AES+PCLMUL VectorSize=256
// Job: .NET 9.0

OverheadJitting  1: 1 op, 189467.00 ns, 189.4670 us/op
WorkloadJitting  1: 1 op, 14216702.00 ns, 14.2167 ms/op

OverheadJitting  2: 16 op, 231246.00 ns, 14.4529 us/op
WorkloadJitting  2: 16 op, 108599381.00 ns, 6.7875 ms/op

WorkloadPilot    1: 16 op, 108528006.00 ns, 6.7830 ms/op
WorkloadPilot    2: 32 op, 226172208.00 ns, 7.0679 ms/op
WorkloadPilot    3: 64 op, 435719864.00 ns, 6.8081 ms/op
WorkloadPilot    4: 128 op, 867039442.00 ns, 6.7737 ms/op

OverheadWarmup   1: 128 op, 3457.00 ns, 27.0078 ns/op
OverheadWarmup   2: 128 op, 742.00 ns, 5.7969 ns/op
OverheadWarmup   3: 128 op, 731.00 ns, 5.7109 ns/op
OverheadWarmup   4: 128 op, 762.00 ns, 5.9531 ns/op
OverheadWarmup   5: 128 op, 761.00 ns, 5.9453 ns/op
OverheadWarmup   6: 128 op, 722.00 ns, 5.6406 ns/op
OverheadWarmup   7: 128 op, 742.00 ns, 5.7969 ns/op
OverheadWarmup   8: 128 op, 1362.00 ns, 10.6406 ns/op
OverheadWarmup   9: 128 op, 1423.00 ns, 11.1172 ns/op
OverheadWarmup  10: 128 op, 1423.00 ns, 11.1172 ns/op

OverheadActual   1: 128 op, 1422.00 ns, 11.1094 ns/op
OverheadActual   2: 128 op, 1443.00 ns, 11.2734 ns/op
OverheadActual   3: 128 op, 1383.00 ns, 10.8047 ns/op
OverheadActual   4: 128 op, 1432.00 ns, 11.1875 ns/op
OverheadActual   5: 128 op, 1432.00 ns, 11.1875 ns/op
OverheadActual   6: 128 op, 751.00 ns, 5.8672 ns/op
OverheadActual   7: 128 op, 741.00 ns, 5.7891 ns/op
OverheadActual   8: 128 op, 762.00 ns, 5.9531 ns/op
OverheadActual   9: 128 op, 781.00 ns, 6.1016 ns/op
OverheadActual  10: 128 op, 782.00 ns, 6.1094 ns/op
OverheadActual  11: 128 op, 782.00 ns, 6.1094 ns/op
OverheadActual  12: 128 op, 761.00 ns, 5.9453 ns/op
OverheadActual  13: 128 op, 761.00 ns, 5.9453 ns/op
OverheadActual  14: 128 op, 792.00 ns, 6.1875 ns/op
OverheadActual  15: 128 op, 761.00 ns, 5.9453 ns/op
OverheadActual  16: 128 op, 741.00 ns, 5.7891 ns/op
OverheadActual  17: 128 op, 751.00 ns, 5.8672 ns/op
OverheadActual  18: 128 op, 782.00 ns, 6.1094 ns/op
OverheadActual  19: 128 op, 782.00 ns, 6.1094 ns/op
OverheadActual  20: 128 op, 1543.00 ns, 12.0547 ns/op

WorkloadWarmup   1: 128 op, 874521057.00 ns, 6.8322 ms/op
WorkloadWarmup   2: 128 op, 871386528.00 ns, 6.8077 ms/op
WorkloadWarmup   3: 128 op, 866875834.00 ns, 6.7725 ms/op
WorkloadWarmup   4: 128 op, 867698895.00 ns, 6.7789 ms/op
WorkloadWarmup   5: 128 op, 868215834.00 ns, 6.7829 ms/op
WorkloadWarmup   6: 128 op, 868295371.00 ns, 6.7836 ms/op
WorkloadWarmup   7: 128 op, 868648006.00 ns, 6.7863 ms/op
WorkloadWarmup   8: 128 op, 868149105.00 ns, 6.7824 ms/op
WorkloadWarmup   9: 128 op, 871230815.00 ns, 6.8065 ms/op
WorkloadWarmup  10: 128 op, 889441076.00 ns, 6.9488 ms/op
WorkloadWarmup  11: 128 op, 882383360.00 ns, 6.8936 ms/op

// BeforeActualRun
WorkloadActual   1: 128 op, 897528260.00 ns, 7.0119 ms/op
WorkloadActual   2: 128 op, 882592355.00 ns, 6.8953 ms/op
WorkloadActual   3: 128 op, 882399887.00 ns, 6.8937 ms/op
WorkloadActual   4: 128 op, 877383867.00 ns, 6.8546 ms/op
WorkloadActual   5: 128 op, 874723852.00 ns, 6.8338 ms/op
WorkloadActual   6: 128 op, 882256263.00 ns, 6.8926 ms/op
WorkloadActual   7: 128 op, 899396910.00 ns, 7.0265 ms/op
WorkloadActual   8: 128 op, 866797400.00 ns, 6.7719 ms/op
WorkloadActual   9: 128 op, 867005081.00 ns, 6.7735 ms/op
WorkloadActual  10: 128 op, 867673681.00 ns, 6.7787 ms/op
WorkloadActual  11: 128 op, 866934979.00 ns, 6.7729 ms/op
WorkloadActual  12: 128 op, 867173238.00 ns, 6.7748 ms/op
WorkloadActual  13: 128 op, 867076846.00 ns, 6.7740 ms/op
WorkloadActual  14: 128 op, 870785268.00 ns, 6.8030 ms/op
WorkloadActual  15: 128 op, 868615798.00 ns, 6.7861 ms/op

// AfterActualRun
WorkloadResult   1: 128 op, 897527478.00 ns, 7.0119 ms/op
WorkloadResult   2: 128 op, 882591573.00 ns, 6.8952 ms/op
WorkloadResult   3: 128 op, 882399105.00 ns, 6.8937 ms/op
WorkloadResult   4: 128 op, 877383085.00 ns, 6.8546 ms/op
WorkloadResult   5: 128 op, 874723070.00 ns, 6.8338 ms/op
WorkloadResult   6: 128 op, 882255481.00 ns, 6.8926 ms/op
WorkloadResult   7: 128 op, 899396128.00 ns, 7.0265 ms/op
WorkloadResult   8: 128 op, 866796618.00 ns, 6.7718 ms/op
WorkloadResult   9: 128 op, 867004299.00 ns, 6.7735 ms/op
WorkloadResult  10: 128 op, 867672899.00 ns, 6.7787 ms/op
WorkloadResult  11: 128 op, 866934197.00 ns, 6.7729 ms/op
WorkloadResult  12: 128 op, 867172456.00 ns, 6.7748 ms/op
WorkloadResult  13: 128 op, 867076064.00 ns, 6.7740 ms/op
WorkloadResult  14: 128 op, 870784486.00 ns, 6.8030 ms/op
WorkloadResult  15: 128 op, 868615016.00 ns, 6.7861 ms/op
// GC:  0 0 0 59392 128
// Threading:  0 0 128

// AfterAll
// Benchmark Process 4818 has exited with code 0.

Mean = 6.843 ms, StdErr = 0.022 ms (0.32%), N = 15, StdDev = 0.086 ms
Min = 6.772 ms, Q1 = 6.774 ms, Median = 6.803 ms, Q3 = 6.893 ms, Max = 7.027 ms
IQR = 0.119 ms, LowerFence = 6.596 ms, UpperFence = 7.071 ms
ConfidenceInterval = [6.751 ms; 6.935 ms] (CI 99.9%), Margin = 0.092 ms (1.34% of Mean)
Skewness = 0.97, Kurtosis = 2.59, MValue = 2

// ** Remained 6 (15.4 %) benchmark(s) to run. Estimated finish 2026-10-04 7:43 (0h 1m from now) **
// **************************
// Benchmark: SecurityBenchmarks.'SecurityEnvelope Serialize (Span, Zero-Alloc)': .NET 9.0(Runtime=.NET 9.0, Toolchain=net9.0)
// *** Execute ***
// Launch: 1 / 1
// Execute: dotnet "EricksonLopez.Security.Benchmarks-.NET 9.0-3.dll" --anonymousPipes 114 116 --benchmarkName EricksonLopez.Security.Benchmarks.SecurityBenchmarks.Envelope_Serialize_Span --job ".NET 9.0" --benchmarkId 7 in /home/runner/work/dotnet-security/dotnet-security/benchmarks/EricksonLopez.Security.Benchmarks/bin/Release/net10.0/EricksonLopez.Security.Benchmarks-.NET 9.0-3/bin/Release/net9.0
// Failed to set up high priority (Permission denied). In order to run benchmarks with high priority, make sure you have the right permissions.
// BeforeAnythingElse

// Benchmark Process Environment Information:
// BenchmarkDotNet v0.15.8
// Runtime=.NET 9.0.20 (9.0.20, 9.0.2026.41315), X64 RyuJIT x86-64-v3
// GC=Concurrent Workstation
// HardwareIntrinsics=AVX2+BMI1+BMI2+F16C+FMA+LZCNT+MOVBE,AVX,SSE3+SSSE3+SSE4.1+SSE4.2+POPCNT,X86Base+SSE+SSE2,AES+PCLMUL VectorSize=256
// Job: .NET 9.0

OverheadJitting  1: 1 op, 167526.00 ns, 167.5260 us/op
WorkloadJitting  1: 1 op, 213993.00 ns, 213.9930 us/op

OverheadJitting  2: 16 op, 367002.00 ns, 22.9376 us/op
WorkloadJitting  2: 16 op, 371611.00 ns, 23.2257 us/op

WorkloadPilot    1: 16 op, 7403.00 ns, 462.6875 ns/op
WorkloadPilot    2: 32 op, 11773.00 ns, 367.9063 ns/op
WorkloadPilot    3: 64 op, 20639.00 ns, 322.4844 ns/op
WorkloadPilot    4: 128 op, 39023.00 ns, 304.8672 ns/op
WorkloadPilot    5: 256 op, 75353.00 ns, 294.3477 ns/op
WorkloadPilot    6: 512 op, 146826.00 ns, 286.7695 ns/op
WorkloadPilot    7: 1024 op, 292761.00 ns, 285.8994 ns/op
WorkloadPilot    8: 2048 op, 579723.00 ns, 283.0679 ns/op
WorkloadPilot    9: 4096 op, 1176538.00 ns, 287.2407 ns/op
WorkloadPilot   10: 8192 op, 2373965.00 ns, 289.7906 ns/op
WorkloadPilot   11: 16384 op, 4707414.00 ns, 287.3177 ns/op
WorkloadPilot   12: 32768 op, 9406954.00 ns, 287.0775 ns/op
WorkloadPilot   13: 65536 op, 18795965.00 ns, 286.8037 ns/op
WorkloadPilot   14: 131072 op, 37512590.00 ns, 286.1983 ns/op
WorkloadPilot   15: 262144 op, 75360913.00 ns, 287.4791 ns/op
WorkloadPilot   16: 524288 op, 131449341.00 ns, 250.7197 ns/op
WorkloadPilot   17: 1048576 op, 41729249.00 ns, 39.7961 ns/op
WorkloadPilot   18: 2097152 op, 83557392.00 ns, 39.8433 ns/op
WorkloadPilot   19: 4194304 op, 166741095.00 ns, 39.7542 ns/op
WorkloadPilot   20: 8388608 op, 333387682.00 ns, 39.7429 ns/op
WorkloadPilot   21: 16777216 op, 667390092.00 ns, 39.7795 ns/op

OverheadWarmup   1: 16777216 op, 44332998.00 ns, 2.6425 ns/op
OverheadWarmup   2: 16777216 op, 44165231.00 ns, 2.6325 ns/op
OverheadWarmup   3: 16777216 op, 44049083.00 ns, 2.6255 ns/op
OverheadWarmup   4: 16777216 op, 44129314.00 ns, 2.6303 ns/op
OverheadWarmup   5: 16777216 op, 44132760.00 ns, 2.6305 ns/op
OverheadWarmup   6: 16777216 op, 44124765.00 ns, 2.6300 ns/op
OverheadWarmup   7: 16777216 op, 45822015.00 ns, 2.7312 ns/op
OverheadWarmup   8: 16777216 op, 31549278.00 ns, 1.8805 ns/op

OverheadActual   1: 16777216 op, 30833348.00 ns, 1.8378 ns/op
OverheadActual   2: 16777216 op, 31191664.00 ns, 1.8592 ns/op
OverheadActual   3: 16777216 op, 31162088.00 ns, 1.8574 ns/op
OverheadActual   4: 16777216 op, 31029968.00 ns, 1.8495 ns/op
OverheadActual   5: 16777216 op, 31042562.00 ns, 1.8503 ns/op
OverheadActual   6: 16777216 op, 31650217.00 ns, 1.8865 ns/op
OverheadActual   7: 16777216 op, 31048013.00 ns, 1.8506 ns/op
OverheadActual   8: 16777216 op, 31508490.00 ns, 1.8781 ns/op
OverheadActual   9: 16777216 op, 35636273.00 ns, 2.1241 ns/op
OverheadActual  10: 16777216 op, 31396630.00 ns, 1.8714 ns/op
OverheadActual  11: 16777216 op, 31037703.00 ns, 1.8500 ns/op
OverheadActual  12: 16777216 op, 30921093.00 ns, 1.8430 ns/op
OverheadActual  13: 16777216 op, 31278497.00 ns, 1.8643 ns/op
OverheadActual  14: 16777216 op, 30985685.00 ns, 1.8469 ns/op
OverheadActual  15: 16777216 op, 30866801.00 ns, 1.8398 ns/op

WorkloadWarmup   1: 16777216 op, 667796678.00 ns, 39.8038 ns/op
WorkloadWarmup   2: 16777216 op, 667791729.00 ns, 39.8035 ns/op
WorkloadWarmup   3: 16777216 op, 667882962.00 ns, 39.8089 ns/op
WorkloadWarmup   4: 16777216 op, 669171241.00 ns, 39.8857 ns/op
WorkloadWarmup   5: 16777216 op, 667163296.00 ns, 39.7660 ns/op
WorkloadWarmup   6: 16777216 op, 667015687.00 ns, 39.7572 ns/op
WorkloadWarmup   7: 16777216 op, 666764794.00 ns, 39.7423 ns/op
WorkloadWarmup   8: 16777216 op, 667622921.00 ns, 39.7934 ns/op
WorkloadWarmup   9: 16777216 op, 667095577.00 ns, 39.7620 ns/op

// BeforeActualRun
WorkloadActual   1: 16777216 op, 666946246.00 ns, 39.7531 ns/op
WorkloadActual   2: 16777216 op, 666880111.00 ns, 39.7492 ns/op
WorkloadActual   3: 16777216 op, 667560654.00 ns, 39.7897 ns/op
WorkloadActual   4: 16777216 op, 666927301.00 ns, 39.7520 ns/op
WorkloadActual   5: 16777216 op, 667077323.00 ns, 39.7609 ns/op
WorkloadActual   6: 16777216 op, 667585149.00 ns, 39.7912 ns/op
WorkloadActual   7: 16777216 op, 666908843.00 ns, 39.7509 ns/op
WorkloadActual   8: 16777216 op, 667707378.00 ns, 39.7985 ns/op
WorkloadActual   9: 16777216 op, 668098786.00 ns, 39.8218 ns/op
WorkloadActual  10: 16777216 op, 667018069.00 ns, 39.7574 ns/op
WorkloadActual  11: 16777216 op, 668045075.00 ns, 39.8186 ns/op
WorkloadActual  12: 16777216 op, 667826703.00 ns, 39.8056 ns/op
WorkloadActual  13: 16777216 op, 666980358.00 ns, 39.7551 ns/op
WorkloadActual  14: 16777216 op, 668468095.00 ns, 39.8438 ns/op
WorkloadActual  15: 16777216 op, 666681915.00 ns, 39.7373 ns/op

// AfterActualRun
WorkloadResult   1: 16777216 op, 635898233.00 ns, 37.9025 ns/op
WorkloadResult   2: 16777216 op, 635832098.00 ns, 37.8985 ns/op
WorkloadResult   3: 16777216 op, 636512641.00 ns, 37.9391 ns/op
WorkloadResult   4: 16777216 op, 635879288.00 ns, 37.9014 ns/op
WorkloadResult   5: 16777216 op, 636029310.00 ns, 37.9103 ns/op
WorkloadResult   6: 16777216 op, 636537136.00 ns, 37.9406 ns/op
WorkloadResult   7: 16777216 op, 635860830.00 ns, 37.9003 ns/op
WorkloadResult   8: 16777216 op, 636659365.00 ns, 37.9479 ns/op
WorkloadResult   9: 16777216 op, 637050773.00 ns, 37.9712 ns/op
WorkloadResult  10: 16777216 op, 635970056.00 ns, 37.9068 ns/op
WorkloadResult  11: 16777216 op, 636997062.00 ns, 37.9680 ns/op
WorkloadResult  12: 16777216 op, 636778690.00 ns, 37.9550 ns/op
WorkloadResult  13: 16777216 op, 635932345.00 ns, 37.9045 ns/op
WorkloadResult  14: 16777216 op, 637420082.00 ns, 37.9932 ns/op
WorkloadResult  15: 16777216 op, 635633902.00 ns, 37.8867 ns/op
// GC:  0 0 0 0 16777216
// Threading:  0 0 16777216

// AfterAll
// Benchmark Process 5484 has exited with code 0.

Mean = 37.928 ns, StdErr = 0.008 ns (0.02%), N = 15, StdDev = 0.033 ns
Min = 37.887 ns, Q1 = 37.902 ns, Median = 37.910 ns, Q3 = 37.951 ns, Max = 37.993 ns
IQR = 0.049 ns, LowerFence = 37.828 ns, UpperFence = 38.026 ns
ConfidenceInterval = [37.893 ns; 37.964 ns] (CI 99.9%), Margin = 0.035 ns (0.09% of Mean)
Skewness = 0.48, Kurtosis = 1.72, MValue = 2

// ** Remained 5 (12.8 %) benchmark(s) to run. Estimated finish 2026-10-04 7:43 (0h 1m from now) **
// **************************
// Benchmark: SecurityBenchmarks.'SecurityEnvelope Deserialize (Span)': .NET 9.0(Runtime=.NET 9.0, Toolchain=net9.0)
// *** Execute ***
// Launch: 1 / 1
// Execute: dotnet "EricksonLopez.Security.Benchmarks-.NET 9.0-3.dll" --anonymousPipes 114 116 --benchmarkName EricksonLopez.Security.Benchmarks.SecurityBenchmarks.Envelope_Deserialize_Span --job ".NET 9.0" --benchmarkId 8 in /home/runner/work/dotnet-security/dotnet-security/benchmarks/EricksonLopez.Security.Benchmarks/bin/Release/net10.0/EricksonLopez.Security.Benchmarks-.NET 9.0-3/bin/Release/net9.0
// Failed to set up high priority (Permission denied). In order to run benchmarks with high priority, make sure you have the right permissions.
// BeforeAnythingElse

// Benchmark Process Environment Information:
// BenchmarkDotNet v0.15.8
// Runtime=.NET 9.0.20 (9.0.20, 9.0.2026.41315), X64 RyuJIT x86-64-v3
// GC=Concurrent Workstation
// HardwareIntrinsics=AVX2+BMI1+BMI2+F16C+FMA+LZCNT+MOVBE,AVX,SSE3+SSSE3+SSE4.1+SSE4.2+POPCNT,X86Base+SSE+SSE2,AES+PCLMUL VectorSize=256
// Job: .NET 9.0

OverheadJitting  1: 1 op, 185930.00 ns, 185.9300 us/op
WorkloadJitting  1: 1 op, 1716055.00 ns, 1.7161 ms/op

OverheadJitting  2: 16 op, 185190.00 ns, 11.5744 us/op
WorkloadJitting  2: 16 op, 273616.00 ns, 17.1010 us/op

WorkloadPilot    1: 16 op, 40717.00 ns, 2.5448 us/op
WorkloadPilot    2: 32 op, 37521.00 ns, 1.1725 us/op
WorkloadPilot    3: 64 op, 82876.00 ns, 1.2949 us/op
WorkloadPilot    4: 128 op, 79039.00 ns, 617.4922 ns/op
WorkloadPilot    5: 256 op, 156405.00 ns, 610.9570 ns/op
WorkloadPilot    6: 512 op, 286600.00 ns, 559.7656 ns/op
WorkloadPilot    7: 1024 op, 479054.00 ns, 467.8262 ns/op
WorkloadPilot    8: 2048 op, 995236.00 ns, 485.9551 ns/op
WorkloadPilot    9: 4096 op, 1972509.00 ns, 481.5696 ns/op
WorkloadPilot   10: 8192 op, 3907988.00 ns, 477.0493 ns/op
WorkloadPilot   11: 16384 op, 7687353.00 ns, 469.1988 ns/op
WorkloadPilot   12: 32768 op, 15403120.00 ns, 470.0659 ns/op
WorkloadPilot   13: 65536 op, 19840947.00 ns, 302.7488 ns/op
WorkloadPilot   14: 131072 op, 37836264.00 ns, 288.6678 ns/op
WorkloadPilot   15: 262144 op, 91751732.00 ns, 350.0051 ns/op
WorkloadPilot   16: 524288 op, 226937712.00 ns, 432.8493 ns/op
WorkloadPilot   17: 1048576 op, 116637771.00 ns, 111.2344 ns/op
WorkloadPilot   18: 2097152 op, 216412542.00 ns, 103.1935 ns/op
WorkloadPilot   19: 4194304 op, 431212457.00 ns, 102.8091 ns/op
WorkloadPilot   20: 8388608 op, 858337108.00 ns, 102.3218 ns/op

OverheadWarmup   1: 8388608 op, 21615912.00 ns, 2.5768 ns/op
OverheadWarmup   2: 8388608 op, 21555878.00 ns, 2.5697 ns/op
OverheadWarmup   3: 8388608 op, 21547142.00 ns, 2.5686 ns/op
OverheadWarmup   4: 8388608 op, 21585305.00 ns, 2.5732 ns/op
OverheadWarmup   5: 8388608 op, 21577779.00 ns, 2.5723 ns/op
OverheadWarmup   6: 8388608 op, 21547783.00 ns, 2.5687 ns/op
OverheadWarmup   7: 8388608 op, 21567199.00 ns, 2.5710 ns/op
OverheadWarmup   8: 8388608 op, 21538285.00 ns, 2.5676 ns/op

OverheadActual   1: 8388608 op, 21545098.00 ns, 2.5684 ns/op
OverheadActual   2: 8388608 op, 21646609.00 ns, 2.5805 ns/op
OverheadActual   3: 8388608 op, 21554586.00 ns, 2.5695 ns/op
OverheadActual   4: 8388608 op, 21631120.00 ns, 2.5786 ns/op
OverheadActual   5: 8388608 op, 21547823.00 ns, 2.5687 ns/op
OverheadActual   6: 8388608 op, 21540610.00 ns, 2.5678 ns/op
OverheadActual   7: 8388608 op, 21551530.00 ns, 2.5691 ns/op
OverheadActual   8: 8388608 op, 21598880.00 ns, 2.5748 ns/op
OverheadActual   9: 8388608 op, 21604029.00 ns, 2.5754 ns/op
OverheadActual  10: 8388608 op, 22799232.00 ns, 2.7179 ns/op
OverheadActual  11: 8388608 op, 13767045.00 ns, 1.6412 ns/op
OverheadActual  12: 8388608 op, 13719375.00 ns, 1.6355 ns/op
OverheadActual  13: 8388608 op, 13726178.00 ns, 1.6363 ns/op
OverheadActual  14: 8388608 op, 13703455.00 ns, 1.6336 ns/op
OverheadActual  15: 8388608 op, 13718062.00 ns, 1.6353 ns/op
OverheadActual  16: 8388608 op, 13725646.00 ns, 1.6362 ns/op
OverheadActual  17: 8388608 op, 13770581.00 ns, 1.6416 ns/op
OverheadActual  18: 8388608 op, 13914913.00 ns, 1.6588 ns/op
OverheadActual  19: 8388608 op, 13716610.00 ns, 1.6351 ns/op
OverheadActual  20: 8388608 op, 13756765.00 ns, 1.6399 ns/op

WorkloadWarmup   1: 8388608 op, 872069417.00 ns, 103.9588 ns/op
WorkloadWarmup   2: 8388608 op, 867331836.00 ns, 103.3940 ns/op
WorkloadWarmup   3: 8388608 op, 874022509.00 ns, 104.1916 ns/op
WorkloadWarmup   4: 8388608 op, 861609407.00 ns, 102.7118 ns/op
WorkloadWarmup   5: 8388608 op, 873886072.00 ns, 104.1753 ns/op
WorkloadWarmup   6: 8388608 op, 863018033.00 ns, 102.8798 ns/op

// BeforeActualRun
WorkloadActual   1: 8388608 op, 869782697.00 ns, 103.6862 ns/op
WorkloadActual   2: 8388608 op, 866903741.00 ns, 103.3430 ns/op
WorkloadActual   3: 8388608 op, 868210986.00 ns, 103.4988 ns/op
WorkloadActual   4: 8388608 op, 870813091.00 ns, 103.8090 ns/op
WorkloadActual   5: 8388608 op, 873369972.00 ns, 104.1138 ns/op
WorkloadActual   6: 8388608 op, 875583505.00 ns, 104.3777 ns/op
WorkloadActual   7: 8388608 op, 874751887.00 ns, 104.2786 ns/op
WorkloadActual   8: 8388608 op, 867199999.00 ns, 103.3783 ns/op
WorkloadActual   9: 8388608 op, 882244734.00 ns, 105.1718 ns/op
WorkloadActual  10: 8388608 op, 880497759.00 ns, 104.9635 ns/op
WorkloadActual  11: 8388608 op, 870636604.00 ns, 103.7880 ns/op
WorkloadActual  12: 8388608 op, 866902680.00 ns, 103.3429 ns/op
WorkloadActual  13: 8388608 op, 870122361.00 ns, 103.7267 ns/op
WorkloadActual  14: 8388608 op, 867860848.00 ns, 103.4571 ns/op
WorkloadActual  15: 8388608 op, 866974657.00 ns, 103.3514 ns/op

// AfterActualRun
WorkloadResult   1: 8388608 op, 852054935.50 ns, 101.5729 ns/op
WorkloadResult   2: 8388608 op, 849175979.50 ns, 101.2297 ns/op
WorkloadResult   3: 8388608 op, 850483224.50 ns, 101.3855 ns/op
WorkloadResult   4: 8388608 op, 853085329.50 ns, 101.6957 ns/op
WorkloadResult   5: 8388608 op, 855642210.50 ns, 102.0005 ns/op
WorkloadResult   6: 8388608 op, 857855743.50 ns, 102.2644 ns/op
WorkloadResult   7: 8388608 op, 857024125.50 ns, 102.1652 ns/op
WorkloadResult   8: 8388608 op, 849472237.50 ns, 101.2650 ns/op
WorkloadResult   9: 8388608 op, 864516972.50 ns, 103.0585 ns/op
WorkloadResult  10: 8388608 op, 862769997.50 ns, 102.8502 ns/op
WorkloadResult  11: 8388608 op, 852908842.50 ns, 101.6747 ns/op
WorkloadResult  12: 8388608 op, 849174918.50 ns, 101.2295 ns/op
WorkloadResult  13: 8388608 op, 852394599.50 ns, 101.6134 ns/op
WorkloadResult  14: 8388608 op, 850133086.50 ns, 101.3438 ns/op
WorkloadResult  15: 8388608 op, 849246895.50 ns, 101.2381 ns/op
// GC:  236 0 0 3959515880 8388608
// Threading:  0 0 8388608

// AfterAll
// Benchmark Process 5495 has exited with code 0.

Mean = 101.772 ns, StdErr = 0.151 ns (0.15%), N = 15, StdDev = 0.586 ns
Min = 101.230 ns, Q1 = 101.304 ns, Median = 101.613 ns, Q3 = 102.083 ns, Max = 103.058 ns
IQR = 0.778 ns, LowerFence = 100.137 ns, UpperFence = 103.251 ns
ConfidenceInterval = [101.146 ns; 102.399 ns] (CI 99.9%), Margin = 0.627 ns (0.62% of Mean)
Skewness = 0.93, Kurtosis = 2.57, MValue = 2

// ** Remained 4 (10.3 %) benchmark(s) to run. Estimated finish 2026-10-04 7:44 (0h 1m from now) **
// **************************
// Benchmark: SecurityBenchmarks.'ConstantTime FixedTimeEquals (32 bytes)': .NET 9.0(Runtime=.NET 9.0, Toolchain=net9.0)
// *** Execute ***
// Launch: 1 / 1
// Execute: dotnet "EricksonLopez.Security.Benchmarks-.NET 9.0-3.dll" --anonymousPipes 114 116 --benchmarkName EricksonLopez.Security.Benchmarks.SecurityBenchmarks.ConstantTime_Compare --job ".NET 9.0" --benchmarkId 9 in /home/runner/work/dotnet-security/dotnet-security/benchmarks/EricksonLopez.Security.Benchmarks/bin/Release/net10.0/EricksonLopez.Security.Benchmarks-.NET 9.0-3/bin/Release/net9.0
// Failed to set up high priority (Permission denied). In order to run benchmarks with high priority, make sure you have the right permissions.
// BeforeAnythingElse

// Benchmark Process Environment Information:
// BenchmarkDotNet v0.15.8
// Runtime=.NET 9.0.20 (9.0.20, 9.0.2026.41315), X64 RyuJIT x86-64-v3
// GC=Concurrent Workstation
// HardwareIntrinsics=AVX2+BMI1+BMI2+F16C+FMA+LZCNT+MOVBE,AVX,SSE3+SSSE3+SSE4.1+SSE4.2+POPCNT,X86Base+SSE+SSE2,AES+PCLMUL VectorSize=256
// Job: .NET 9.0

OverheadJitting  1: 1 op, 168508.00 ns, 168.5080 us/op
WorkloadJitting  1: 1 op, 391288.00 ns, 391.2880 us/op

OverheadJitting  2: 16 op, 316857.00 ns, 19.8036 us/op
WorkloadJitting  2: 16 op, 357013.00 ns, 22.3133 us/op

WorkloadPilot    1: 16 op, 3246.00 ns, 202.8750 ns/op
WorkloadPilot    2: 32 op, 5410.00 ns, 169.0625 ns/op
WorkloadPilot    3: 64 op, 9908.00 ns, 154.8125 ns/op
WorkloadPilot    4: 128 op, 18715.00 ns, 146.2109 ns/op
WorkloadPilot    5: 256 op, 53521.00 ns, 209.0664 ns/op
WorkloadPilot    6: 512 op, 82686.00 ns, 161.4961 ns/op
WorkloadPilot    7: 1024 op, 180550.00 ns, 176.3184 ns/op
WorkloadPilot    8: 2048 op, 323691.00 ns, 158.0522 ns/op
WorkloadPilot    9: 4096 op, 604891.00 ns, 147.6785 ns/op
WorkloadPilot   10: 8192 op, 1157793.00 ns, 141.3322 ns/op
WorkloadPilot   11: 16384 op, 2313322.00 ns, 141.1940 ns/op
WorkloadPilot   12: 32768 op, 4666708.00 ns, 142.4166 ns/op
WorkloadPilot   13: 65536 op, 9206367.00 ns, 140.4780 ns/op
WorkloadPilot   14: 131072 op, 18407865.00 ns, 140.4409 ns/op
WorkloadPilot   15: 262144 op, 36746730.00 ns, 140.1777 ns/op
WorkloadPilot   16: 524288 op, 74064185.00 ns, 141.2662 ns/op
WorkloadPilot   17: 1048576 op, 141813394.00 ns, 135.2438 ns/op
WorkloadPilot   18: 2097152 op, 283126825.00 ns, 135.0054 ns/op
WorkloadPilot   19: 4194304 op, 566391851.00 ns, 135.0383 ns/op

OverheadWarmup   1: 4194304 op, 11121397.00 ns, 2.6515 ns/op
OverheadWarmup   2: 4194304 op, 11025747.00 ns, 2.6287 ns/op
OverheadWarmup   3: 4194304 op, 11018504.00 ns, 2.6270 ns/op
OverheadWarmup   4: 4194304 op, 11018754.00 ns, 2.6271 ns/op
OverheadWarmup   5: 4194304 op, 11048259.00 ns, 2.6341 ns/op
OverheadWarmup   6: 4194304 op, 11022921.00 ns, 2.6281 ns/op
OverheadWarmup   7: 4194304 op, 11021940.00 ns, 2.6278 ns/op
OverheadWarmup   8: 4194304 op, 11015147.00 ns, 2.6262 ns/op
OverheadWarmup   9: 4194304 op, 11042679.00 ns, 2.6328 ns/op
OverheadWarmup  10: 4194304 op, 11022672.00 ns, 2.6280 ns/op

OverheadActual   1: 4194304 op, 11089657.00 ns, 2.6440 ns/op
OverheadActual   2: 4194304 op, 11082043.00 ns, 2.6422 ns/op
OverheadActual   3: 4194304 op, 11081733.00 ns, 2.6421 ns/op
OverheadActual   4: 4194304 op, 11055583.00 ns, 2.6359 ns/op
OverheadActual   5: 4194304 op, 11021409.00 ns, 2.6277 ns/op
OverheadActual   6: 4194304 op, 11023673.00 ns, 2.6282 ns/op
OverheadActual   7: 4194304 op, 11046205.00 ns, 2.6336 ns/op
OverheadActual   8: 4194304 op, 11023022.00 ns, 2.6281 ns/op
OverheadActual   9: 4194304 op, 11021649.00 ns, 2.6278 ns/op
OverheadActual  10: 4194304 op, 11017091.00 ns, 2.6267 ns/op
OverheadActual  11: 4194304 op, 11023593.00 ns, 2.6282 ns/op
OverheadActual  12: 4194304 op, 11024866.00 ns, 2.6285 ns/op
OverheadActual  13: 4194304 op, 11020317.00 ns, 2.6274 ns/op
OverheadActual  14: 4194304 op, 11016209.00 ns, 2.6265 ns/op
OverheadActual  15: 4194304 op, 11061154.00 ns, 2.6372 ns/op

WorkloadWarmup   1: 4194304 op, 571272643.00 ns, 136.2020 ns/op
WorkloadWarmup   2: 4194304 op, 567523946.00 ns, 135.3083 ns/op
WorkloadWarmup   3: 4194304 op, 565559734.00 ns, 134.8399 ns/op
WorkloadWarmup   4: 4194304 op, 564942732.00 ns, 134.6928 ns/op
WorkloadWarmup   5: 4194304 op, 567661189.00 ns, 135.3410 ns/op
WorkloadWarmup   6: 4194304 op, 565836658.00 ns, 134.9060 ns/op
WorkloadWarmup   7: 4194304 op, 565369798.00 ns, 134.7947 ns/op
WorkloadWarmup   8: 4194304 op, 566004285.00 ns, 134.9459 ns/op
WorkloadWarmup   9: 4194304 op, 568612523.00 ns, 135.5678 ns/op
WorkloadWarmup  10: 4194304 op, 567437818.00 ns, 135.2877 ns/op

// BeforeActualRun
WorkloadActual   1: 4194304 op, 565539637.00 ns, 134.8352 ns/op
WorkloadActual   2: 4194304 op, 565866745.00 ns, 134.9131 ns/op
WorkloadActual   3: 4194304 op, 564856190.00 ns, 134.6722 ns/op
WorkloadActual   4: 4194304 op, 565945304.00 ns, 134.9319 ns/op
WorkloadActual   5: 4194304 op, 567315747.00 ns, 135.2586 ns/op
WorkloadActual   6: 4194304 op, 564887070.00 ns, 134.6796 ns/op
WorkloadActual   7: 4194304 op, 565975108.00 ns, 134.9390 ns/op
WorkloadActual   8: 4194304 op, 565140792.00 ns, 134.7401 ns/op
WorkloadActual   9: 4194304 op, 568656761.00 ns, 135.5783 ns/op
WorkloadActual  10: 4194304 op, 565325972.00 ns, 134.7842 ns/op
WorkloadActual  11: 4194304 op, 565181449.00 ns, 134.7498 ns/op
WorkloadActual  12: 4194304 op, 565100877.00 ns, 134.7305 ns/op
WorkloadActual  13: 4194304 op, 565411242.00 ns, 134.8045 ns/op
WorkloadActual  14: 4194304 op, 566596927.00 ns, 135.0872 ns/op
WorkloadActual  15: 4194304 op, 565167232.00 ns, 134.7464 ns/op

// AfterActualRun
WorkloadResult   1: 4194304 op, 554515964.00 ns, 132.2069 ns/op
WorkloadResult   2: 4194304 op, 554843072.00 ns, 132.2849 ns/op
WorkloadResult   3: 4194304 op, 553832517.00 ns, 132.0440 ns/op
WorkloadResult   4: 4194304 op, 554921631.00 ns, 132.3036 ns/op
WorkloadResult   5: 4194304 op, 553863397.00 ns, 132.0513 ns/op
WorkloadResult   6: 4194304 op, 554951435.00 ns, 132.3107 ns/op
WorkloadResult   7: 4194304 op, 554117119.00 ns, 132.1118 ns/op
WorkloadResult   8: 4194304 op, 554302299.00 ns, 132.1560 ns/op
WorkloadResult   9: 4194304 op, 554157776.00 ns, 132.1215 ns/op
WorkloadResult  10: 4194304 op, 554077204.00 ns, 132.1023 ns/op
WorkloadResult  11: 4194304 op, 554387569.00 ns, 132.1763 ns/op
WorkloadResult  12: 4194304 op, 555573254.00 ns, 132.4590 ns/op
WorkloadResult  13: 4194304 op, 554143559.00 ns, 132.1181 ns/op
// GC:  0 0 0 0 4194304
// Threading:  0 0 4194304

// AfterAll
// Benchmark Process 5505 has exited with code 0.

Mean = 132.188 ns, StdErr = 0.033 ns (0.03%), N = 13, StdDev = 0.121 ns
Min = 132.044 ns, Q1 = 132.112 ns, Median = 132.156 ns, Q3 = 132.285 ns, Max = 132.459 ns
IQR = 0.173 ns, LowerFence = 131.852 ns, UpperFence = 132.545 ns
ConfidenceInterval = [132.044 ns; 132.333 ns] (CI 99.9%), Margin = 0.144 ns (0.11% of Mean)
Skewness = 0.74, Kurtosis = 2.46, MValue = 2

// ** Remained 3 (7.7 %) benchmark(s) to run. Estimated finish 2026-10-04 7:43 (0h 0m from now) **
// **************************
// Benchmark: SecurityBenchmarks.'Token Generation (URL-Safe 32 bytes)': .NET 9.0(Runtime=.NET 9.0, Toolchain=net9.0)
// *** Execute ***
// Launch: 1 / 1
// Execute: dotnet "EricksonLopez.Security.Benchmarks-.NET 9.0-3.dll" --anonymousPipes 114 116 --benchmarkName EricksonLopez.Security.Benchmarks.SecurityBenchmarks.Token_Generate --job ".NET 9.0" --benchmarkId 10 in /home/runner/work/dotnet-security/dotnet-security/benchmarks/EricksonLopez.Security.Benchmarks/bin/Release/net10.0/EricksonLopez.Security.Benchmarks-.NET 9.0-3/bin/Release/net9.0
// Failed to set up high priority (Permission denied). In order to run benchmarks with high priority, make sure you have the right permissions.
// BeforeAnythingElse

// Benchmark Process Environment Information:
// BenchmarkDotNet v0.15.8
// Runtime=.NET 9.0.20 (9.0.20, 9.0.2026.41315), X64 RyuJIT x86-64-v3
// GC=Concurrent Workstation
// HardwareIntrinsics=AVX2+BMI1+BMI2+F16C+FMA+LZCNT+MOVBE,AVX,SSE3+SSSE3+SSE4.1+SSE4.2+POPCNT,X86Base+SSE+SSE2,AES+PCLMUL VectorSize=256
// Job: .NET 9.0

OverheadJitting  1: 1 op, 179599.00 ns, 179.5990 us/op
WorkloadJitting  1: 1 op, 617865.00 ns, 617.8650 us/op

OverheadJitting  2: 16 op, 449627.00 ns, 28.1017 us/op
WorkloadJitting  2: 16 op, 485004.00 ns, 30.3128 us/op

WorkloadPilot    1: 16 op, 45717.00 ns, 2.8573 us/op
WorkloadPilot    2: 32 op, 74431.00 ns, 2.3260 us/op
WorkloadPilot    3: 64 op, 155934.00 ns, 2.4365 us/op
WorkloadPilot    4: 128 op, 244762.00 ns, 1.9122 us/op
WorkloadPilot    5: 256 op, 483692.00 ns, 1.8894 us/op
WorkloadPilot    6: 512 op, 983034.00 ns, 1.9200 us/op
WorkloadPilot    7: 1024 op, 1794213.00 ns, 1.7522 us/op
WorkloadPilot    8: 2048 op, 3685498.00 ns, 1.7996 us/op
WorkloadPilot    9: 4096 op, 7359905.00 ns, 1.7969 us/op
WorkloadPilot   10: 8192 op, 14714561.00 ns, 1.7962 us/op
WorkloadPilot   11: 16384 op, 29788728.00 ns, 1.8182 us/op
WorkloadPilot   12: 32768 op, 59248920.00 ns, 1.8081 us/op
WorkloadPilot   13: 65536 op, 119218859.00 ns, 1.8191 us/op
WorkloadPilot   14: 131072 op, 191150460.00 ns, 1.4584 us/op
WorkloadPilot   15: 262144 op, 371079565.00 ns, 1.4156 us/op
WorkloadPilot   16: 524288 op, 743303196.00 ns, 1.4177 us/op

OverheadWarmup   1: 524288 op, 2445700.00 ns, 4.6648 ns/op
OverheadWarmup   2: 524288 op, 2421405.00 ns, 4.6185 ns/op
OverheadWarmup   3: 524288 op, 2422176.00 ns, 4.6199 ns/op
OverheadWarmup   4: 524288 op, 2413931.00 ns, 4.6042 ns/op
OverheadWarmup   5: 524288 op, 2420112.00 ns, 4.6160 ns/op
OverheadWarmup   6: 524288 op, 2421836.00 ns, 4.6193 ns/op
OverheadWarmup   7: 524288 op, 2421405.00 ns, 4.6185 ns/op

OverheadActual   1: 524288 op, 2424171.00 ns, 4.6237 ns/op
OverheadActual   2: 524288 op, 2422718.00 ns, 4.6210 ns/op
OverheadActual   3: 524288 op, 2435832.00 ns, 4.6460 ns/op
OverheadActual   4: 524288 op, 2416796.00 ns, 4.6097 ns/op
OverheadActual   5: 524288 op, 2428959.00 ns, 4.6329 ns/op
OverheadActual   6: 524288 op, 2417668.00 ns, 4.6113 ns/op
OverheadActual   7: 524288 op, 2430242.00 ns, 4.6353 ns/op
OverheadActual   8: 524288 op, 2445570.00 ns, 4.6646 ns/op
OverheadActual   9: 524288 op, 2426414.00 ns, 4.6280 ns/op
OverheadActual  10: 524288 op, 2426564.00 ns, 4.6283 ns/op
OverheadActual  11: 524288 op, 2425823.00 ns, 4.6269 ns/op
OverheadActual  12: 524288 op, 2425373.00 ns, 4.6260 ns/op
OverheadActual  13: 524288 op, 2417668.00 ns, 4.6113 ns/op
OverheadActual  14: 524288 op, 2413831.00 ns, 4.6040 ns/op
OverheadActual  15: 524288 op, 2414792.00 ns, 4.6059 ns/op

WorkloadWarmup   1: 524288 op, 752177545.00 ns, 1.4347 us/op
WorkloadWarmup   2: 524288 op, 744244919.00 ns, 1.4195 us/op
WorkloadWarmup   3: 524288 op, 740884363.00 ns, 1.4131 us/op
WorkloadWarmup   4: 524288 op, 741731481.00 ns, 1.4147 us/op
WorkloadWarmup   5: 524288 op, 741505054.00 ns, 1.4143 us/op
WorkloadWarmup   6: 524288 op, 743388254.00 ns, 1.4179 us/op
WorkloadWarmup   7: 524288 op, 741408251.00 ns, 1.4141 us/op

// BeforeActualRun
WorkloadActual   1: 524288 op, 750970950.00 ns, 1.4324 us/op
WorkloadActual   2: 524288 op, 742919350.00 ns, 1.4170 us/op
WorkloadActual   3: 524288 op, 743549057.00 ns, 1.4182 us/op
WorkloadActual   4: 524288 op, 742869236.00 ns, 1.4169 us/op
WorkloadActual   5: 524288 op, 746587674.00 ns, 1.4240 us/op
WorkloadActual   6: 524288 op, 741698496.00 ns, 1.4147 us/op
WorkloadActual   7: 524288 op, 741691041.00 ns, 1.4147 us/op
WorkloadActual   8: 524288 op, 741779683.00 ns, 1.4148 us/op
WorkloadActual   9: 524288 op, 744329074.00 ns, 1.4197 us/op
WorkloadActual  10: 524288 op, 744351195.00 ns, 1.4197 us/op
WorkloadActual  11: 524288 op, 740435453.00 ns, 1.4123 us/op
WorkloadActual  12: 524288 op, 741141634.00 ns, 1.4136 us/op
WorkloadActual  13: 524288 op, 741098724.00 ns, 1.4135 us/op
WorkloadActual  14: 524288 op, 741661374.00 ns, 1.4146 us/op
WorkloadActual  15: 524288 op, 741443283.00 ns, 1.4142 us/op

// AfterActualRun
WorkloadResult   1: 524288 op, 740493977.00 ns, 1.4124 us/op
WorkloadResult   2: 524288 op, 741123684.00 ns, 1.4136 us/op
WorkloadResult   3: 524288 op, 740443863.00 ns, 1.4123 us/op
WorkloadResult   4: 524288 op, 744162301.00 ns, 1.4194 us/op
WorkloadResult   5: 524288 op, 739273123.00 ns, 1.4101 us/op
WorkloadResult   6: 524288 op, 739265668.00 ns, 1.4100 us/op
WorkloadResult   7: 524288 op, 739354310.00 ns, 1.4102 us/op
WorkloadResult   8: 524288 op, 741903701.00 ns, 1.4151 us/op
WorkloadResult   9: 524288 op, 741925822.00 ns, 1.4151 us/op
WorkloadResult  10: 524288 op, 738010080.00 ns, 1.4076 us/op
WorkloadResult  11: 524288 op, 738716261.00 ns, 1.4090 us/op
WorkloadResult  12: 524288 op, 738673351.00 ns, 1.4089 us/op
WorkloadResult  13: 524288 op, 739236001.00 ns, 1.4100 us/op
WorkloadResult  14: 524288 op, 739017910.00 ns, 1.4096 us/op
// GC:  12 0 0 203703248 524288
// Threading:  0 0 524288

// AfterAll
// Benchmark Process 5514 has exited with code 0.

Mean = 1.412 μs, StdErr = 0.001 μs (0.06%), N = 14, StdDev = 0.003 μs
Min = 1.408 μs, Q1 = 1.410 μs, Median = 1.410 μs, Q3 = 1.413 μs, Max = 1.419 μs
IQR = 0.004 μs, LowerFence = 1.404 μs, UpperFence = 1.419 μs
ConfidenceInterval = [1.408 μs; 1.415 μs] (CI 99.9%), Margin = 0.004 μs (0.26% of Mean)
Skewness = 0.91, Kurtosis = 2.9, MValue = 2

// ** Remained 2 (5.1 %) benchmark(s) to run. Estimated finish 2026-10-04 7:43 (0h 0m from now) **
// **************************
// Benchmark: SecurityBenchmarks.'Token Hash (SHA-256)': .NET 9.0(Runtime=.NET 9.0, Toolchain=net9.0)
// *** Execute ***
// Launch: 1 / 1
// Execute: dotnet "EricksonLopez.Security.Benchmarks-.NET 9.0-3.dll" --anonymousPipes 114 116 --benchmarkName EricksonLopez.Security.Benchmarks.SecurityBenchmarks.Token_Hash --job ".NET 9.0" --benchmarkId 11 in /home/runner/work/dotnet-security/dotnet-security/benchmarks/EricksonLopez.Security.Benchmarks/bin/Release/net10.0/EricksonLopez.Security.Benchmarks-.NET 9.0-3/bin/Release/net9.0
// Failed to set up high priority (Permission denied). In order to run benchmarks with high priority, make sure you have the right permissions.
// BeforeAnythingElse

// Benchmark Process Environment Information:
// BenchmarkDotNet v0.15.8
// Runtime=.NET 9.0.20 (9.0.20, 9.0.2026.41315), X64 RyuJIT x86-64-v3
// GC=Concurrent Workstation
// HardwareIntrinsics=AVX2+BMI1+BMI2+F16C+FMA+LZCNT+MOVBE,AVX,SSE3+SSSE3+SSE4.1+SSE4.2+POPCNT,X86Base+SSE+SSE2,AES+PCLMUL VectorSize=256
// Job: .NET 9.0

OverheadJitting  1: 1 op, 179696.00 ns, 179.6960 us/op
WorkloadJitting  1: 1 op, 1017605.00 ns, 1.0176 ms/op

OverheadJitting  2: 16 op, 409266.00 ns, 25.5791 us/op
WorkloadJitting  2: 16 op, 443220.00 ns, 27.7013 us/op

WorkloadPilot    1: 16 op, 37911.00 ns, 2.3694 us/op
WorkloadPilot    2: 32 op, 61575.00 ns, 1.9242 us/op
WorkloadPilot    3: 64 op, 102832.00 ns, 1.6068 us/op
WorkloadPilot    4: 128 op, 229100.00 ns, 1.7898 us/op
WorkloadPilot    5: 256 op, 480119.00 ns, 1.8755 us/op
WorkloadPilot    6: 512 op, 872363.00 ns, 1.7038 us/op
WorkloadPilot    7: 1024 op, 1656543.00 ns, 1.6177 us/op
WorkloadPilot    8: 2048 op, 3155019.00 ns, 1.5405 us/op
WorkloadPilot    9: 4096 op, 6251838.00 ns, 1.5263 us/op
WorkloadPilot   10: 8192 op, 12457880.00 ns, 1.5207 us/op
WorkloadPilot   11: 16384 op, 25138187.00 ns, 1.5343 us/op
WorkloadPilot   12: 32768 op, 49601101.00 ns, 1.5137 us/op
WorkloadPilot   13: 65536 op, 103282303.00 ns, 1.5760 us/op
WorkloadPilot   14: 131072 op, 140772092.00 ns, 1.0740 us/op
WorkloadPilot   15: 262144 op, 275574938.00 ns, 1.0512 us/op
WorkloadPilot   16: 524288 op, 549967446.00 ns, 1.0490 us/op

OverheadWarmup   1: 524288 op, 2433698.00 ns, 4.6419 ns/op
OverheadWarmup   2: 524288 op, 2474504.00 ns, 4.7197 ns/op
OverheadWarmup   3: 524288 op, 2429300.00 ns, 4.6335 ns/op
OverheadWarmup   4: 524288 op, 2420062.00 ns, 4.6159 ns/op
OverheadWarmup   5: 524288 op, 2400696.00 ns, 4.5790 ns/op
OverheadWarmup   6: 524288 op, 2400495.00 ns, 4.5786 ns/op
OverheadWarmup   7: 524288 op, 2429099.00 ns, 4.6331 ns/op
OverheadWarmup   8: 524288 op, 2412037.00 ns, 4.6006 ns/op

OverheadActual   1: 524288 op, 2403191.00 ns, 4.5837 ns/op
OverheadActual   2: 524288 op, 2412599.00 ns, 4.6017 ns/op
OverheadActual   3: 524288 op, 2422346.00 ns, 4.6203 ns/op
OverheadActual   4: 524288 op, 2401246.00 ns, 4.5800 ns/op
OverheadActual   5: 524288 op, 2412798.00 ns, 4.6020 ns/op
OverheadActual   6: 524288 op, 2484904.00 ns, 4.7396 ns/op
OverheadActual   7: 524288 op, 2418069.00 ns, 4.6121 ns/op
OverheadActual   8: 524288 op, 2417136.00 ns, 4.6103 ns/op
OverheadActual   9: 524288 op, 2503718.00 ns, 4.7755 ns/op
OverheadActual  10: 524288 op, 2507405.00 ns, 4.7825 ns/op
OverheadActual  11: 524288 op, 2412788.00 ns, 4.6020 ns/op
OverheadActual  12: 524288 op, 2409112.00 ns, 4.5950 ns/op
OverheadActual  13: 524288 op, 2429790.00 ns, 4.6345 ns/op
OverheadActual  14: 524288 op, 2451801.00 ns, 4.6764 ns/op
OverheadActual  15: 524288 op, 2437795.00 ns, 4.6497 ns/op

WorkloadWarmup   1: 524288 op, 549987754.00 ns, 1.0490 us/op
WorkloadWarmup   2: 524288 op, 546467378.00 ns, 1.0423 us/op
WorkloadWarmup   3: 524288 op, 543931332.00 ns, 1.0375 us/op
WorkloadWarmup   4: 524288 op, 551871229.00 ns, 1.0526 us/op
WorkloadWarmup   5: 524288 op, 545426510.00 ns, 1.0403 us/op
WorkloadWarmup   6: 524288 op, 544228892.00 ns, 1.0380 us/op
WorkloadWarmup   7: 524288 op, 544417928.00 ns, 1.0384 us/op
WorkloadWarmup   8: 524288 op, 544610201.00 ns, 1.0388 us/op
WorkloadWarmup   9: 524288 op, 545094855.00 ns, 1.0397 us/op
WorkloadWarmup  10: 524288 op, 543849176.00 ns, 1.0373 us/op

// BeforeActualRun
WorkloadActual   1: 524288 op, 549306675.00 ns, 1.0477 us/op
WorkloadActual   2: 524288 op, 546557647.00 ns, 1.0425 us/op
WorkloadActual   3: 524288 op, 543584119.00 ns, 1.0368 us/op
WorkloadActual   4: 524288 op, 544437062.00 ns, 1.0384 us/op
WorkloadActual   5: 524288 op, 544267123.00 ns, 1.0381 us/op
WorkloadActual   6: 524288 op, 546548860.00 ns, 1.0425 us/op
WorkloadActual   7: 524288 op, 545362062.00 ns, 1.0402 us/op
WorkloadActual   8: 524288 op, 547296786.00 ns, 1.0439 us/op
WorkloadActual   9: 524288 op, 545523086.00 ns, 1.0405 us/op
WorkloadActual  10: 524288 op, 545939877.00 ns, 1.0413 us/op
WorkloadActual  11: 524288 op, 546386038.00 ns, 1.0421 us/op
WorkloadActual  12: 524288 op, 547322182.00 ns, 1.0439 us/op
WorkloadActual  13: 524288 op, 545727706.00 ns, 1.0409 us/op
WorkloadActual  14: 524288 op, 545941891.00 ns, 1.0413 us/op
WorkloadActual  15: 524288 op, 546983544.00 ns, 1.0433 us/op

// AfterActualRun
WorkloadResult   1: 524288 op, 544139578.00 ns, 1.0379 us/op
WorkloadResult   2: 524288 op, 541166050.00 ns, 1.0322 us/op
WorkloadResult   3: 524288 op, 542018993.00 ns, 1.0338 us/op
WorkloadResult   4: 524288 op, 541849054.00 ns, 1.0335 us/op
WorkloadResult   5: 524288 op, 544130791.00 ns, 1.0378 us/op
WorkloadResult   6: 524288 op, 542943993.00 ns, 1.0356 us/op
WorkloadResult   7: 524288 op, 544878717.00 ns, 1.0393 us/op
WorkloadResult   8: 524288 op, 543105017.00 ns, 1.0359 us/op
WorkloadResult   9: 524288 op, 543521808.00 ns, 1.0367 us/op
WorkloadResult  10: 524288 op, 543967969.00 ns, 1.0375 us/op
WorkloadResult  11: 524288 op, 544904113.00 ns, 1.0393 us/op
WorkloadResult  12: 524288 op, 543309637.00 ns, 1.0363 us/op
WorkloadResult  13: 524288 op, 543523822.00 ns, 1.0367 us/op
WorkloadResult  14: 524288 op, 544565475.00 ns, 1.0387 us/op
// GC:  5 0 0 96468992 524288
// Threading:  0 0 524288

// AfterAll
// Benchmark Process 5526 has exited with code 0.

Mean = 1.037 μs, StdErr = 0.001 μs (0.06%), N = 14, StdDev = 0.002 μs
Min = 1.032 μs, Q1 = 1.036 μs, Median = 1.037 μs, Q3 = 1.038 μs, Max = 1.039 μs
IQR = 0.002 μs, LowerFence = 1.032 μs, UpperFence = 1.041 μs
ConfidenceInterval = [1.034 μs; 1.039 μs] (CI 99.9%), Margin = 0.002 μs (0.24% of Mean)
Skewness = -0.48, Kurtosis = 2.04, MValue = 2

// ** Remained 1 (2.6 %) benchmark(s) to run. Estimated finish 2026-10-04 7:43 (0h 0m from now) **
// **************************
// Benchmark: SecurityBenchmarks.'SecretBuffer Allocate & Dispose (ZeroMemory)': .NET 9.0(Runtime=.NET 9.0, Toolchain=net9.0)
// *** Execute ***
// Launch: 1 / 1
// Execute: dotnet "EricksonLopez.Security.Benchmarks-.NET 9.0-3.dll" --anonymousPipes 114 116 --benchmarkName EricksonLopez.Security.Benchmarks.SecurityBenchmarks.SecretBuffer_RentAndScrub --job ".NET 9.0" --benchmarkId 12 in /home/runner/work/dotnet-security/dotnet-security/benchmarks/EricksonLopez.Security.Benchmarks/bin/Release/net10.0/EricksonLopez.Security.Benchmarks-.NET 9.0-3/bin/Release/net9.0
// Failed to set up high priority (Permission denied). In order to run benchmarks with high priority, make sure you have the right permissions.
// BeforeAnythingElse

// Benchmark Process Environment Information:
// BenchmarkDotNet v0.15.8
// Runtime=.NET 9.0.20 (9.0.20, 9.0.2026.41315), X64 RyuJIT x86-64-v3
// GC=Concurrent Workstation
// HardwareIntrinsics=AVX2+BMI1+BMI2+F16C+FMA+LZCNT+MOVBE,AVX,SSE3+SSSE3+SSE4.1+SSE4.2+POPCNT,X86Base+SSE+SSE2,AES+PCLMUL VectorSize=256
// Job: .NET 9.0

OverheadJitting  1: 1 op, 136467.00 ns, 136.4670 us/op
WorkloadJitting  1: 1 op, 618864.00 ns, 618.8640 us/op

OverheadJitting  2: 16 op, 159641.00 ns, 9.9776 us/op
WorkloadJitting  2: 16 op, 221737.00 ns, 13.8586 us/op

WorkloadPilot    1: 16 op, 5160.00 ns, 322.5000 ns/op
WorkloadPilot    2: 32 op, 6623.00 ns, 206.9688 ns/op
WorkloadPilot    3: 64 op, 9648.00 ns, 150.7500 ns/op
WorkloadPilot    4: 128 op, 25118.00 ns, 196.2344 ns/op
WorkloadPilot    5: 256 op, 41859.00 ns, 163.5117 ns/op
WorkloadPilot    6: 512 op, 80451.00 ns, 157.1309 ns/op
WorkloadPilot    7: 1024 op, 122481.00 ns, 119.6104 ns/op
WorkloadPilot    8: 2048 op, 247807.00 ns, 120.9995 ns/op
WorkloadPilot    9: 4096 op, 465786.00 ns, 113.7173 ns/op
WorkloadPilot   10: 8192 op, 983591.00 ns, 120.0673 ns/op
WorkloadPilot   11: 16384 op, 1801570.00 ns, 109.9591 ns/op
WorkloadPilot   12: 32768 op, 3708859.00 ns, 113.1854 ns/op
WorkloadPilot   13: 65536 op, 7118144.00 ns, 108.6143 ns/op
WorkloadPilot   14: 131072 op, 14724695.00 ns, 112.3405 ns/op
WorkloadPilot   15: 262144 op, 30090900.00 ns, 114.7877 ns/op
WorkloadPilot   16: 524288 op, 63268118.00 ns, 120.6744 ns/op
WorkloadPilot   17: 1048576 op, 93843721.00 ns, 89.4963 ns/op
WorkloadPilot   18: 2097152 op, 155129869.00 ns, 73.9717 ns/op
WorkloadPilot   19: 4194304 op, 301860717.00 ns, 71.9692 ns/op
WorkloadPilot   20: 8388608 op, 609475840.00 ns, 72.6552 ns/op

OverheadWarmup   1: 8388608 op, 21600625.00 ns, 2.5750 ns/op
OverheadWarmup   2: 8388608 op, 21663172.00 ns, 2.5825 ns/op
OverheadWarmup   3: 8388608 op, 21558234.00 ns, 2.5699 ns/op
OverheadWarmup   4: 8388608 op, 21569707.00 ns, 2.5713 ns/op
OverheadWarmup   5: 8388608 op, 21566010.00 ns, 2.5709 ns/op

OverheadActual   1: 8388608 op, 21817061.00 ns, 2.6008 ns/op
OverheadActual   2: 8388608 op, 21576369.00 ns, 2.5721 ns/op
OverheadActual   3: 8388608 op, 21583603.00 ns, 2.5730 ns/op
OverheadActual   4: 8388608 op, 21610644.00 ns, 2.5762 ns/op
OverheadActual   5: 8388608 op, 21608800.00 ns, 2.5760 ns/op
OverheadActual   6: 8388608 op, 21621293.00 ns, 2.5775 ns/op
OverheadActual   7: 8388608 op, 21620151.00 ns, 2.5773 ns/op
OverheadActual   8: 8388608 op, 21589113.00 ns, 2.5736 ns/op
OverheadActual   9: 8388608 op, 21650298.00 ns, 2.5809 ns/op
OverheadActual  10: 8388608 op, 21608780.00 ns, 2.5760 ns/op
OverheadActual  11: 8388608 op, 21555670.00 ns, 2.5696 ns/op
OverheadActual  12: 8388608 op, 21560650.00 ns, 2.5702 ns/op
OverheadActual  13: 8388608 op, 22008884.00 ns, 2.6237 ns/op
OverheadActual  14: 8388608 op, 13736578.00 ns, 1.6375 ns/op
OverheadActual  15: 8388608 op, 13725436.00 ns, 1.6362 ns/op
OverheadActual  16: 8388608 op, 13723673.00 ns, 1.6360 ns/op
OverheadActual  17: 8388608 op, 13718584.00 ns, 1.6354 ns/op
OverheadActual  18: 8388608 op, 13715858.00 ns, 1.6351 ns/op
OverheadActual  19: 8388608 op, 13727881.00 ns, 1.6365 ns/op
OverheadActual  20: 8388608 op, 13726569.00 ns, 1.6363 ns/op

WorkloadWarmup   1: 8388608 op, 609966604.00 ns, 72.7137 ns/op
WorkloadWarmup   2: 8388608 op, 608403452.00 ns, 72.5273 ns/op
WorkloadWarmup   3: 8388608 op, 603536614.00 ns, 71.9472 ns/op
WorkloadWarmup   4: 8388608 op, 604210513.00 ns, 72.0275 ns/op
WorkloadWarmup   5: 8388608 op, 602277489.00 ns, 71.7971 ns/op
WorkloadWarmup   6: 8388608 op, 605193646.00 ns, 72.1447 ns/op
WorkloadWarmup   7: 8388608 op, 603082406.00 ns, 71.8930 ns/op

// BeforeActualRun
WorkloadActual   1: 8388608 op, 604771460.00 ns, 72.0944 ns/op
WorkloadActual   2: 8388608 op, 606016837.00 ns, 72.2428 ns/op
WorkloadActual   3: 8388608 op, 603647273.00 ns, 71.9604 ns/op
WorkloadActual   4: 8388608 op, 604996236.00 ns, 72.1212 ns/op
WorkloadActual   5: 8388608 op, 604139817.00 ns, 72.0191 ns/op
WorkloadActual   6: 8388608 op, 605103337.00 ns, 72.1339 ns/op
WorkloadActual   7: 8388608 op, 605029869.00 ns, 72.1252 ns/op
WorkloadActual   8: 8388608 op, 605199437.00 ns, 72.1454 ns/op
WorkloadActual   9: 8388608 op, 607480550.00 ns, 72.4173 ns/op
WorkloadActual  10: 8388608 op, 607361383.00 ns, 72.4031 ns/op
WorkloadActual  11: 8388608 op, 616978007.00 ns, 73.5495 ns/op
WorkloadActual  12: 8388608 op, 608638489.00 ns, 72.5554 ns/op
WorkloadActual  13: 8388608 op, 606708645.00 ns, 72.3253 ns/op
WorkloadActual  14: 8388608 op, 607554618.00 ns, 72.4262 ns/op
WorkloadActual  15: 8388608 op, 606752467.00 ns, 72.3305 ns/op

// AfterActualRun
WorkloadResult   1: 8388608 op, 583191474.00 ns, 69.5218 ns/op
WorkloadResult   2: 8388608 op, 584436851.00 ns, 69.6703 ns/op
WorkloadResult   3: 8388608 op, 582067287.00 ns, 69.3878 ns/op
WorkloadResult   4: 8388608 op, 583416250.00 ns, 69.5486 ns/op
WorkloadResult   5: 8388608 op, 582559831.00 ns, 69.4465 ns/op
WorkloadResult   6: 8388608 op, 583523351.00 ns, 69.5614 ns/op
WorkloadResult   7: 8388608 op, 583449883.00 ns, 69.5526 ns/op
WorkloadResult   8: 8388608 op, 583619451.00 ns, 69.5729 ns/op
WorkloadResult   9: 8388608 op, 585900564.00 ns, 69.8448 ns/op
WorkloadResult  10: 8388608 op, 585781397.00 ns, 69.8306 ns/op
WorkloadResult  11: 8388608 op, 587058503.00 ns, 69.9828 ns/op
WorkloadResult  12: 8388608 op, 585128659.00 ns, 69.7528 ns/op
WorkloadResult  13: 8388608 op, 585974632.00 ns, 69.8536 ns/op
WorkloadResult  14: 8388608 op, 585172481.00 ns, 69.7580 ns/op
// GC:  16 0 0 268435456 8388608
// Threading:  0 0 8388608

// AfterAll
// Benchmark Process 5535 has exited with code 0.

Mean = 69.663 ns, StdErr = 0.047 ns (0.07%), N = 14, StdDev = 0.176 ns
Min = 69.388 ns, Q1 = 69.550 ns, Median = 69.622 ns, Q3 = 69.812 ns, Max = 69.983 ns
IQR = 0.263 ns, LowerFence = 69.155 ns, UpperFence = 70.207 ns
ConfidenceInterval = [69.465 ns; 69.862 ns] (CI 99.9%), Margin = 0.199 ns (0.29% of Mean)
Skewness = 0.17, Kurtosis = 1.68, MValue = 2

// ** Remained 0 (0.0 %) benchmark(s) to run. Estimated finish 2026-10-04 7:43 (0h 0m from now) **
// ***** BenchmarkRunner: Finish  *****

// * Export *
  benchmarks/results/results/EricksonLopez.Security.Benchmarks.SecurityBenchmarks-report.csv
  benchmarks/results/results/EricksonLopez.Security.Benchmarks.SecurityBenchmarks-report-github.md
  benchmarks/results/results/EricksonLopez.Security.Benchmarks.SecurityBenchmarks-report.html
  benchmarks/results/results/EricksonLopez.Security.Benchmarks.SecurityBenchmarks-report-full-compressed.json
  benchmarks/results/results/EricksonLopez.Security.Benchmarks.SecurityBenchmarks-report-default.md

// * Detailed results *
SecurityBenchmarks.'AES-GCM 256-bit Encrypt (Span, Zero-Alloc)': .NET 10.0(Runtime=.NET 10.0, Toolchain=net10.0)
Runtime = .NET 10.0.12 (10.0.12, 10.0.1226.42308), X64 RyuJIT x86-64-v3; GC = Concurrent Workstation
Mean = 3.560 μs, StdErr = 0.003 μs (0.08%), N = 15, StdDev = 0.011 μs
Min = 3.545 μs, Q1 = 3.554 μs, Median = 3.556 μs, Q3 = 3.568 μs, Max = 3.580 μs
IQR = 0.014 μs, LowerFence = 3.533 μs, UpperFence = 3.589 μs
ConfidenceInterval = [3.548 μs; 3.572 μs] (CI 99.9%), Margin = 0.012 μs (0.33% of Mean)
Skewness = 0.63, Kurtosis = 1.88, MValue = 2
-------------------- Histogram --------------------
[3.539 μs ; 3.586 μs) | @@@@@@@@@@@@@@@
---------------------------------------------------

SecurityBenchmarks.'AES-GCM 256-bit Encrypt (Span, Zero-Alloc)': .NET 8.0(Runtime=.NET 8.0, Toolchain=net8.0)
Runtime = .NET 8.0.31 (8.0.31, 8.0.3126.42015), X64 RyuJIT x86-64-v3; GC = Concurrent Workstation
Mean = 3.892 μs, StdErr = 0.001 μs (0.02%), N = 13, StdDev = 0.002 μs
Min = 3.889 μs, Q1 = 3.890 μs, Median = 3.892 μs, Q3 = 3.893 μs, Max = 3.895 μs
IQR = 0.003 μs, LowerFence = 3.886 μs, UpperFence = 3.897 μs
ConfidenceInterval = [3.889 μs; 3.894 μs] (CI 99.9%), Margin = 0.003 μs (0.07% of Mean)
Skewness = 0.36, Kurtosis = 1.71, MValue = 2
-------------------- Histogram --------------------
[3.887 μs ; 3.897 μs) | @@@@@@@@@@@@@
---------------------------------------------------

SecurityBenchmarks.'AES-GCM 256-bit Encrypt (Span, Zero-Alloc)': .NET 9.0(Runtime=.NET 9.0, Toolchain=net9.0)
Runtime = .NET 9.0.20 (9.0.20, 9.0.2026.41315), X64 RyuJIT x86-64-v3; GC = Concurrent Workstation
Mean = 3.908 μs, StdErr = 0.003 μs (0.07%), N = 14, StdDev = 0.011 μs
Min = 3.894 μs, Q1 = 3.901 μs, Median = 3.906 μs, Q3 = 3.912 μs, Max = 3.931 μs
IQR = 0.011 μs, LowerFence = 3.884 μs, UpperFence = 3.929 μs
ConfidenceInterval = [3.896 μs; 3.920 μs] (CI 99.9%), Margin = 0.012 μs (0.31% of Mean)
Skewness = 0.82, Kurtosis = 2.61, MValue = 2
-------------------- Histogram --------------------
[3.888 μs ; 3.937 μs) | @@@@@@@@@@@@@@
---------------------------------------------------

SecurityBenchmarks.'AES-GCM 256-bit Decrypt (Span, Zero-Alloc)': .NET 10.0(Runtime=.NET 10.0, Toolchain=net10.0)
Runtime = .NET 10.0.12 (10.0.12, 10.0.1226.42308), X64 RyuJIT x86-64-v3; GC = Concurrent Workstation
Mean = 2.234 μs, StdErr = 0.001 μs (0.05%), N = 14, StdDev = 0.004 μs
Min = 2.230 μs, Q1 = 2.231 μs, Median = 2.232 μs, Q3 = 2.237 μs, Max = 2.243 μs
IQR = 0.006 μs, LowerFence = 2.223 μs, UpperFence = 2.245 μs
ConfidenceInterval = [2.229 μs; 2.238 μs] (CI 99.9%), Margin = 0.004 μs (0.20% of Mean)
Skewness = 1.01, Kurtosis = 2.72, MValue = 2
-------------------- Histogram --------------------
[2.228 μs ; 2.245 μs) | @@@@@@@@@@@@@@
---------------------------------------------------

SecurityBenchmarks.'AES-GCM 256-bit Decrypt (Span, Zero-Alloc)': .NET 8.0(Runtime=.NET 8.0, Toolchain=net8.0)
Runtime = .NET 8.0.31 (8.0.31, 8.0.3126.42015), X64 RyuJIT x86-64-v3; GC = Concurrent Workstation
Mean = 2.290 μs, StdErr = 0.001 μs (0.04%), N = 14, StdDev = 0.004 μs
Min = 2.284 μs, Q1 = 2.288 μs, Median = 2.289 μs, Q3 = 2.292 μs, Max = 2.298 μs
IQR = 0.005 μs, LowerFence = 2.281 μs, UpperFence = 2.299 μs
ConfidenceInterval = [2.286 μs; 2.294 μs] (CI 99.9%), Margin = 0.004 μs (0.18% of Mean)
Skewness = 0.4, Kurtosis = 2.26, MValue = 2
-------------------- Histogram --------------------
[2.282 μs ; 2.300 μs) | @@@@@@@@@@@@@@
---------------------------------------------------

SecurityBenchmarks.'AES-GCM 256-bit Decrypt (Span, Zero-Alloc)': .NET 9.0(Runtime=.NET 9.0, Toolchain=net9.0)
Runtime = .NET 9.0.20 (9.0.20, 9.0.2026.41315), X64 RyuJIT x86-64-v3; GC = Concurrent Workstation
Mean = 2.570 μs, StdErr = 0.001 μs (0.03%), N = 14, StdDev = 0.003 μs
Min = 2.566 μs, Q1 = 2.569 μs, Median = 2.570 μs, Q3 = 2.571 μs, Max = 2.576 μs
IQR = 0.003 μs, LowerFence = 2.564 μs, UpperFence = 2.576 μs
ConfidenceInterval = [2.567 μs; 2.573 μs] (CI 99.9%), Margin = 0.003 μs (0.13% of Mean)
Skewness = 0.3, Kurtosis = 2.25, MValue = 2
-------------------- Histogram --------------------
[2.564 μs ; 2.578 μs) | @@@@@@@@@@@@@@
---------------------------------------------------

SecurityBenchmarks.'AES-GCM Parallel Concurrent Throughput (100 ops)': .NET 10.0(Runtime=.NET 10.0, Toolchain=net10.0)
Runtime = .NET 10.0.12 (10.0.12, 10.0.1226.42308), X64 RyuJIT x86-64-v3; GC = Concurrent Workstation
Mean = 193.646 μs, StdErr = 0.468 μs (0.24%), N = 14, StdDev = 1.752 μs
Min = 191.893 μs, Q1 = 192.345 μs, Median = 193.208 μs, Q3 = 194.453 μs, Max = 197.154 μs
IQR = 2.107 μs, LowerFence = 189.184 μs, UpperFence = 197.614 μs
ConfidenceInterval = [191.670 μs; 195.622 μs] (CI 99.9%), Margin = 1.976 μs (1.02% of Mean)
Skewness = 0.88, Kurtosis = 2.36, MValue = 2
-------------------- Histogram --------------------
[190.939 μs ; 198.108 μs) | @@@@@@@@@@@@@@
---------------------------------------------------

SecurityBenchmarks.'AES-GCM Parallel Concurrent Throughput (100 ops)': .NET 8.0(Runtime=.NET 8.0, Toolchain=net8.0)
Runtime = .NET 8.0.31 (8.0.31, 8.0.3126.42015), X64 RyuJIT x86-64-v3; GC = Concurrent Workstation
Mean = 195.819 μs, StdErr = 0.242 μs (0.12%), N = 13, StdDev = 0.871 μs
Min = 194.534 μs, Q1 = 195.160 μs, Median = 196.162 μs, Q3 = 196.303 μs, Max = 197.291 μs
IQR = 1.143 μs, LowerFence = 193.445 μs, UpperFence = 198.018 μs
ConfidenceInterval = [194.775 μs; 196.862 μs] (CI 99.9%), Margin = 1.044 μs (0.53% of Mean)
Skewness = -0.11, Kurtosis = 1.67, MValue = 2
-------------------- Histogram --------------------
[194.048 μs ; 197.777 μs) | @@@@@@@@@@@@@
---------------------------------------------------

SecurityBenchmarks.'AES-GCM Parallel Concurrent Throughput (100 ops)': .NET 9.0(Runtime=.NET 9.0, Toolchain=net9.0)
Runtime = .NET 9.0.20 (9.0.20, 9.0.2026.41315), X64 RyuJIT x86-64-v3; GC = Concurrent Workstation
Mean = 195.896 μs, StdErr = 0.393 μs (0.20%), N = 14, StdDev = 1.469 μs
Min = 194.014 μs, Q1 = 195.036 μs, Median = 195.443 μs, Q3 = 196.630 μs, Max = 198.412 μs
IQR = 1.594 μs, LowerFence = 192.645 μs, UpperFence = 199.022 μs
ConfidenceInterval = [194.238 μs; 197.553 μs] (CI 99.9%), Margin = 1.658 μs (0.85% of Mean)
Skewness = 0.44, Kurtosis = 1.78, MValue = 2
-------------------- Histogram --------------------
[193.214 μs ; 199.212 μs) | @@@@@@@@@@@@@@
---------------------------------------------------

SecurityBenchmarks.'PBKDF2-SHA512 Password Hash (10k iters)': .NET 10.0(Runtime=.NET 10.0, Toolchain=net10.0)
Runtime = .NET 10.0.12 (10.0.12, 10.0.1226.42308), X64 RyuJIT x86-64-v3; GC = Concurrent Workstation
Mean = 6.735 ms, StdErr = 0.003 ms (0.04%), N = 13, StdDev = 0.009 ms
Min = 6.720 ms, Q1 = 6.726 ms, Median = 6.734 ms, Q3 = 6.741 ms, Max = 6.753 ms
IQR = 0.015 ms, LowerFence = 6.704 ms, UpperFence = 6.763 ms
ConfidenceInterval = [6.724 ms; 6.746 ms] (CI 99.9%), Margin = 0.011 ms (0.16% of Mean)
Skewness = 0.28, Kurtosis = 2.04, MValue = 2
-------------------- Histogram --------------------
[6.715 ms ; 6.758 ms) | @@@@@@@@@@@@@
---------------------------------------------------

SecurityBenchmarks.'PBKDF2-SHA512 Password Hash (10k iters)': .NET 8.0(Runtime=.NET 8.0, Toolchain=net8.0)
Runtime = .NET 8.0.31 (8.0.31, 8.0.3126.42015), X64 RyuJIT x86-64-v3; GC = Concurrent Workstation
Mean = 6.784 ms, StdErr = 0.003 ms (0.05%), N = 14, StdDev = 0.012 ms
Min = 6.769 ms, Q1 = 6.776 ms, Median = 6.781 ms, Q3 = 6.789 ms, Max = 6.809 ms
IQR = 0.014 ms, LowerFence = 6.755 ms, UpperFence = 6.810 ms
ConfidenceInterval = [6.771 ms; 6.798 ms] (CI 99.9%), Margin = 0.014 ms (0.20% of Mean)
Skewness = 0.79, Kurtosis = 2.19, MValue = 2
-------------------- Histogram --------------------
[6.763 ms ; 6.816 ms) | @@@@@@@@@@@@@@
---------------------------------------------------

SecurityBenchmarks.'PBKDF2-SHA512 Password Hash (10k iters)': .NET 9.0(Runtime=.NET 9.0, Toolchain=net9.0)
Runtime = .NET 9.0.20 (9.0.20, 9.0.2026.41315), X64 RyuJIT x86-64-v3; GC = Concurrent Workstation
Mean = 6.794 ms, StdErr = 0.003 ms (0.04%), N = 15, StdDev = 0.010 ms
Min = 6.781 ms, Q1 = 6.786 ms, Median = 6.790 ms, Q3 = 6.803 ms, Max = 6.810 ms
IQR = 0.017 ms, LowerFence = 6.760 ms, UpperFence = 6.828 ms
ConfidenceInterval = [6.783 ms; 6.804 ms] (CI 99.9%), Margin = 0.011 ms (0.16% of Mean)
Skewness = 0.43, Kurtosis = 1.47, MValue = 2
-------------------- Histogram --------------------
[6.776 ms ; 6.815 ms) | @@@@@@@@@@@@@@@
---------------------------------------------------

SecurityBenchmarks.'PBKDF2-SHA512 Password Hash (600K iters — PRODUCTION COST)': .NET 10.0(Runtime=.NET 10.0, Toolchain=net10.0)
Runtime = .NET 10.0.12 (10.0.12, 10.0.1226.42308), X64 RyuJIT x86-64-v3; GC = Concurrent Workstation
Mean = 405.122 ms, StdErr = 0.176 ms (0.04%), N = 14, StdDev = 0.658 ms
Min = 404.306 ms, Q1 = 404.639 ms, Median = 404.990 ms, Q3 = 405.377 ms, Max = 406.462 ms
IQR = 0.738 ms, LowerFence = 403.531 ms, UpperFence = 406.484 ms
ConfidenceInterval = [404.381 ms; 405.864 ms] (CI 99.9%), Margin = 0.742 ms (0.18% of Mean)
Skewness = 0.66, Kurtosis = 2.09, MValue = 2
-------------------- Histogram --------------------
[403.948 ms ; 406.820 ms) | @@@@@@@@@@@@@@
---------------------------------------------------

SecurityBenchmarks.'PBKDF2-SHA512 Password Hash (600K iters — PRODUCTION COST)': .NET 8.0(Runtime=.NET 8.0, Toolchain=net8.0)
Runtime = .NET 8.0.31 (8.0.31, 8.0.3126.42015), X64 RyuJIT x86-64-v3; GC = Concurrent Workstation
Mean = 405.820 ms, StdErr = 0.160 ms (0.04%), N = 13, StdDev = 0.577 ms
Min = 404.893 ms, Q1 = 405.294 ms, Median = 405.986 ms, Q3 = 406.223 ms, Max = 406.902 ms
IQR = 0.930 ms, LowerFence = 403.899 ms, UpperFence = 407.618 ms
ConfidenceInterval = [405.129 ms; 406.512 ms] (CI 99.9%), Margin = 0.691 ms (0.17% of Mean)
Skewness = 0, Kurtosis = 1.89, MValue = 2
-------------------- Histogram --------------------
[404.571 ms ; 407.224 ms) | @@@@@@@@@@@@@
---------------------------------------------------

SecurityBenchmarks.'PBKDF2-SHA512 Password Hash (600K iters — PRODUCTION COST)': .NET 9.0(Runtime=.NET 9.0, Toolchain=net9.0)
Runtime = .NET 9.0.20 (9.0.20, 9.0.2026.41315), X64 RyuJIT x86-64-v3; GC = Concurrent Workstation
Mean = 405.295 ms, StdErr = 0.125 ms (0.03%), N = 15, StdDev = 0.483 ms
Min = 404.392 ms, Q1 = 404.940 ms, Median = 405.341 ms, Q3 = 405.627 ms, Max = 406.024 ms
IQR = 0.687 ms, LowerFence = 403.909 ms, UpperFence = 406.658 ms
ConfidenceInterval = [404.778 ms; 405.811 ms] (CI 99.9%), Margin = 0.516 ms (0.13% of Mean)
Skewness = -0.19, Kurtosis = 1.84, MValue = 2
-------------------- Histogram --------------------
[404.135 ms ; 406.281 ms) | @@@@@@@@@@@@@@@
---------------------------------------------------

SecurityBenchmarks.'LegacyPbkdf2 Password Hash (Fast Config)': .NET 10.0(Runtime=.NET 10.0, Toolchain=net10.0)
Runtime = .NET 10.0.12 (10.0.12, 10.0.1226.42308), X64 RyuJIT x86-64-v3; GC = Concurrent Workstation
Mean = 47.127 ms, StdErr = 0.030 ms (0.06%), N = 13, StdDev = 0.109 ms
Min = 47.030 ms, Q1 = 47.048 ms, Median = 47.109 ms, Q3 = 47.149 ms, Max = 47.421 ms
IQR = 0.102 ms, LowerFence = 46.895 ms, UpperFence = 47.302 ms
ConfidenceInterval = [46.997 ms; 47.257 ms] (CI 99.9%), Margin = 0.130 ms (0.28% of Mean)
Skewness = 1.45, Kurtosis = 4.39, MValue = 2
-------------------- Histogram --------------------
[46.969 ms ; 47.481 ms) | @@@@@@@@@@@@@
---------------------------------------------------

SecurityBenchmarks.'LegacyPbkdf2 Password Hash (Fast Config)': .NET 8.0(Runtime=.NET 8.0, Toolchain=net8.0)
Runtime = .NET 8.0.31 (8.0.31, 8.0.3126.42015), X64 RyuJIT x86-64-v3; GC = Concurrent Workstation
Mean = 47.027 ms, StdErr = 0.013 ms (0.03%), N = 13, StdDev = 0.047 ms
Min = 46.978 ms, Q1 = 46.996 ms, Median = 47.013 ms, Q3 = 47.035 ms, Max = 47.151 ms
IQR = 0.039 ms, LowerFence = 46.937 ms, UpperFence = 47.094 ms
ConfidenceInterval = [46.971 ms; 47.083 ms] (CI 99.9%), Margin = 0.056 ms (0.12% of Mean)
Skewness = 1.32, Kurtosis = 4.13, MValue = 2
-------------------- Histogram --------------------
[46.952 ms ; 47.178 ms) | @@@@@@@@@@@@@
---------------------------------------------------

SecurityBenchmarks.'LegacyPbkdf2 Password Hash (Fast Config)': .NET 9.0(Runtime=.NET 9.0, Toolchain=net9.0)
Runtime = .NET 9.0.20 (9.0.20, 9.0.2026.41315), X64 RyuJIT x86-64-v3; GC = Concurrent Workstation
Mean = 47.360 ms, StdErr = 0.009 ms (0.02%), N = 14, StdDev = 0.032 ms
Min = 47.305 ms, Q1 = 47.338 ms, Median = 47.358 ms, Q3 = 47.386 ms, Max = 47.419 ms
IQR = 0.048 ms, LowerFence = 47.266 ms, UpperFence = 47.457 ms
ConfidenceInterval = [47.323 ms; 47.397 ms] (CI 99.9%), Margin = 0.037 ms (0.08% of Mean)
Skewness = 0.13, Kurtosis = 1.87, MValue = 2
-------------------- Histogram --------------------
[47.288 ms ; 47.436 ms) | @@@@@@@@@@@@@@
---------------------------------------------------

SecurityBenchmarks.'CompositePasswordHasher Verify & Rehash Check': .NET 10.0(Runtime=.NET 10.0, Toolchain=net10.0)
Runtime = .NET 10.0.12 (10.0.12, 10.0.1226.42308), X64 RyuJIT x86-64-v3; GC = Concurrent Workstation
Mean = 6.737 ms, StdErr = 0.004 ms (0.06%), N = 12, StdDev = 0.014 ms
Min = 6.724 ms, Q1 = 6.728 ms, Median = 6.730 ms, Q3 = 6.745 ms, Max = 6.767 ms
IQR = 0.017 ms, LowerFence = 6.702 ms, UpperFence = 6.771 ms
ConfidenceInterval = [6.719 ms; 6.755 ms] (CI 99.9%), Margin = 0.018 ms (0.27% of Mean)
Skewness = 0.92, Kurtosis = 2.2, MValue = 2
-------------------- Histogram --------------------
[6.716 ms ; 6.775 ms) | @@@@@@@@@@@@
---------------------------------------------------

SecurityBenchmarks.'CompositePasswordHasher Verify & Rehash Check': .NET 8.0(Runtime=.NET 8.0, Toolchain=net8.0)
Runtime = .NET 8.0.31 (8.0.31, 8.0.3126.42015), X64 RyuJIT x86-64-v3; GC = Concurrent Workstation
Mean = 6.782 ms, StdErr = 0.001 ms (0.02%), N = 13, StdDev = 0.005 ms
Min = 6.775 ms, Q1 = 6.779 ms, Median = 6.782 ms, Q3 = 6.784 ms, Max = 6.796 ms
IQR = 0.005 ms, LowerFence = 6.772 ms, UpperFence = 6.791 ms
ConfidenceInterval = [6.776 ms; 6.789 ms] (CI 99.9%), Margin = 0.006 ms (0.09% of Mean)
Skewness = 0.94, Kurtosis = 3.59, MValue = 2
-------------------- Histogram --------------------
[6.772 ms ; 6.799 ms) | @@@@@@@@@@@@@
---------------------------------------------------

SecurityBenchmarks.'CompositePasswordHasher Verify & Rehash Check': .NET 9.0(Runtime=.NET 9.0, Toolchain=net9.0)
Runtime = .NET 9.0.20 (9.0.20, 9.0.2026.41315), X64 RyuJIT x86-64-v3; GC = Concurrent Workstation
Mean = 6.843 ms, StdErr = 0.022 ms (0.32%), N = 15, StdDev = 0.086 ms
Min = 6.772 ms, Q1 = 6.774 ms, Median = 6.803 ms, Q3 = 6.893 ms, Max = 7.027 ms
IQR = 0.119 ms, LowerFence = 6.596 ms, UpperFence = 7.071 ms
ConfidenceInterval = [6.751 ms; 6.935 ms] (CI 99.9%), Margin = 0.092 ms (1.34% of Mean)
Skewness = 0.97, Kurtosis = 2.59, MValue = 2
-------------------- Histogram --------------------
[6.745 ms ; 7.072 ms) | @@@@@@@@@@@@@@@
---------------------------------------------------

SecurityBenchmarks.'SecurityEnvelope Serialize (Span, Zero-Alloc)': .NET 10.0(Runtime=.NET 10.0, Toolchain=net10.0)
Runtime = .NET 10.0.12 (10.0.12, 10.0.1226.42308), X64 RyuJIT x86-64-v3; GC = Concurrent Workstation
Mean = 38.679 ns, StdErr = 0.018 ns (0.05%), N = 14, StdDev = 0.069 ns
Min = 38.596 ns, Q1 = 38.629 ns, Median = 38.674 ns, Q3 = 38.692 ns, Max = 38.848 ns
IQR = 0.064 ns, LowerFence = 38.533 ns, UpperFence = 38.788 ns
ConfidenceInterval = [38.601 ns; 38.756 ns] (CI 99.9%), Margin = 0.078 ns (0.20% of Mean)
Skewness = 0.99, Kurtosis = 3.14, MValue = 2
-------------------- Histogram --------------------
[38.559 ns ; 38.886 ns) | @@@@@@@@@@@@@@
---------------------------------------------------

SecurityBenchmarks.'SecurityEnvelope Serialize (Span, Zero-Alloc)': .NET 8.0(Runtime=.NET 8.0, Toolchain=net8.0)
Runtime = .NET 8.0.31 (8.0.31, 8.0.3126.42015), X64 RyuJIT x86-64-v3; GC = Concurrent Workstation
Mean = 37.935 ns, StdErr = 0.008 ns (0.02%), N = 14, StdDev = 0.030 ns
Min = 37.880 ns, Q1 = 37.907 ns, Median = 37.944 ns, Q3 = 37.956 ns, Max = 37.975 ns
IQR = 0.049 ns, LowerFence = 37.833 ns, UpperFence = 38.030 ns
ConfidenceInterval = [37.901 ns; 37.969 ns] (CI 99.9%), Margin = 0.034 ns (0.09% of Mean)
Skewness = -0.44, Kurtosis = 1.7, MValue = 2
-------------------- Histogram --------------------
[37.863 ns ; 37.991 ns) | @@@@@@@@@@@@@@
---------------------------------------------------

SecurityBenchmarks.'SecurityEnvelope Serialize (Span, Zero-Alloc)': .NET 9.0(Runtime=.NET 9.0, Toolchain=net9.0)
Runtime = .NET 9.0.20 (9.0.20, 9.0.2026.41315), X64 RyuJIT x86-64-v3; GC = Concurrent Workstation
Mean = 37.928 ns, StdErr = 0.008 ns (0.02%), N = 15, StdDev = 0.033 ns
Min = 37.887 ns, Q1 = 37.902 ns, Median = 37.910 ns, Q3 = 37.951 ns, Max = 37.993 ns
IQR = 0.049 ns, LowerFence = 37.828 ns, UpperFence = 38.026 ns
ConfidenceInterval = [37.893 ns; 37.964 ns] (CI 99.9%), Margin = 0.035 ns (0.09% of Mean)
Skewness = 0.48, Kurtosis = 1.72, MValue = 2
-------------------- Histogram --------------------
[37.869 ns ; 38.011 ns) | @@@@@@@@@@@@@@@
---------------------------------------------------

SecurityBenchmarks.'SecurityEnvelope Deserialize (Span)': .NET 10.0(Runtime=.NET 10.0, Toolchain=net10.0)
Runtime = .NET 10.0.12 (10.0.12, 10.0.1226.42308), X64 RyuJIT x86-64-v3; GC = Concurrent Workstation
Mean = 97.839 ns, StdErr = 0.082 ns (0.08%), N = 14, StdDev = 0.307 ns
Min = 97.336 ns, Q1 = 97.657 ns, Median = 97.811 ns, Q3 = 97.980 ns, Max = 98.482 ns
IQR = 0.323 ns, LowerFence = 97.173 ns, UpperFence = 98.464 ns
ConfidenceInterval = [97.492 ns; 98.185 ns] (CI 99.9%), Margin = 0.346 ns (0.35% of Mean)
Skewness = 0.51, Kurtosis = 2.52, MValue = 2
-------------------- Histogram --------------------
[97.169 ns ; 98.650 ns) | @@@@@@@@@@@@@@
---------------------------------------------------

SecurityBenchmarks.'SecurityEnvelope Deserialize (Span)': .NET 8.0(Runtime=.NET 8.0, Toolchain=net8.0)
Runtime = .NET 8.0.31 (8.0.31, 8.0.3126.42015), X64 RyuJIT x86-64-v3; GC = Concurrent Workstation
Mean = 109.142 ns, StdErr = 0.184 ns (0.17%), N = 15, StdDev = 0.714 ns
Min = 107.694 ns, Q1 = 108.753 ns, Median = 108.974 ns, Q3 = 109.622 ns, Max = 110.401 ns
IQR = 0.868 ns, LowerFence = 107.451 ns, UpperFence = 110.924 ns
ConfidenceInterval = [108.378 ns; 109.905 ns] (CI 99.9%), Margin = 0.763 ns (0.70% of Mean)
Skewness = 0, Kurtosis = 2.28, MValue = 2
-------------------- Histogram --------------------
[107.313 ns ; 110.781 ns) | @@@@@@@@@@@@@@@
---------------------------------------------------

SecurityBenchmarks.'SecurityEnvelope Deserialize (Span)': .NET 9.0(Runtime=.NET 9.0, Toolchain=net9.0)
Runtime = .NET 9.0.20 (9.0.20, 9.0.2026.41315), X64 RyuJIT x86-64-v3; GC = Concurrent Workstation
Mean = 101.772 ns, StdErr = 0.151 ns (0.15%), N = 15, StdDev = 0.586 ns
Min = 101.230 ns, Q1 = 101.304 ns, Median = 101.613 ns, Q3 = 102.083 ns, Max = 103.058 ns
IQR = 0.778 ns, LowerFence = 100.137 ns, UpperFence = 103.251 ns
ConfidenceInterval = [101.146 ns; 102.399 ns] (CI 99.9%), Margin = 0.627 ns (0.62% of Mean)
Skewness = 0.93, Kurtosis = 2.57, MValue = 2
-------------------- Histogram --------------------
[100.918 ns ; 103.371 ns) | @@@@@@@@@@@@@@@
---------------------------------------------------

SecurityBenchmarks.'ConstantTime FixedTimeEquals (32 bytes)': .NET 10.0(Runtime=.NET 10.0, Toolchain=net10.0)
Runtime = .NET 10.0.12 (10.0.12, 10.0.1226.42308), X64 RyuJIT x86-64-v3; GC = Concurrent Workstation
Mean = 131.131 ns, StdErr = 0.014 ns (0.01%), N = 12, StdDev = 0.050 ns
Min = 131.035 ns, Q1 = 131.100 ns, Median = 131.141 ns, Q3 = 131.176 ns, Max = 131.186 ns
IQR = 0.076 ns, LowerFence = 130.986 ns, UpperFence = 131.290 ns
ConfidenceInterval = [131.067 ns; 131.195 ns] (CI 99.9%), Margin = 0.064 ns (0.05% of Mean)
Skewness = -0.51, Kurtosis = 1.83, MValue = 2
-------------------- Histogram --------------------
[131.006 ns ; 131.215 ns) | @@@@@@@@@@@@
---------------------------------------------------

SecurityBenchmarks.'ConstantTime FixedTimeEquals (32 bytes)': .NET 8.0(Runtime=.NET 8.0, Toolchain=net8.0)
Runtime = .NET 8.0.31 (8.0.31, 8.0.3126.42015), X64 RyuJIT x86-64-v3; GC = Concurrent Workstation
Mean = 131.764 ns, StdErr = 0.023 ns (0.02%), N = 13, StdDev = 0.085 ns
Min = 131.689 ns, Q1 = 131.711 ns, Median = 131.731 ns, Q3 = 131.785 ns, Max = 131.994 ns
IQR = 0.074 ns, LowerFence = 131.600 ns, UpperFence = 131.896 ns
ConfidenceInterval = [131.663 ns; 131.866 ns] (CI 99.9%), Margin = 0.101 ns (0.08% of Mean)
Skewness = 1.43, Kurtosis = 4.4, MValue = 2
-------------------- Histogram --------------------
[131.641 ns ; 132.042 ns) | @@@@@@@@@@@@@
---------------------------------------------------

SecurityBenchmarks.'ConstantTime FixedTimeEquals (32 bytes)': .NET 9.0(Runtime=.NET 9.0, Toolchain=net9.0)
Runtime = .NET 9.0.20 (9.0.20, 9.0.2026.41315), X64 RyuJIT x86-64-v3; GC = Concurrent Workstation
Mean = 132.188 ns, StdErr = 0.033 ns (0.03%), N = 13, StdDev = 0.121 ns
Min = 132.044 ns, Q1 = 132.112 ns, Median = 132.156 ns, Q3 = 132.285 ns, Max = 132.459 ns
IQR = 0.173 ns, LowerFence = 131.852 ns, UpperFence = 132.545 ns
ConfidenceInterval = [132.044 ns; 132.333 ns] (CI 99.9%), Margin = 0.144 ns (0.11% of Mean)
Skewness = 0.74, Kurtosis = 2.46, MValue = 2
-------------------- Histogram --------------------
[131.977 ns ; 132.526 ns) | @@@@@@@@@@@@@
---------------------------------------------------

SecurityBenchmarks.'Token Generation (URL-Safe 32 bytes)': .NET 10.0(Runtime=.NET 10.0, Toolchain=net10.0)
Runtime = .NET 10.0.12 (10.0.12, 10.0.1226.42308), X64 RyuJIT x86-64-v3; GC = Concurrent Workstation
Mean = 1.267 μs, StdErr = 0.000 μs (0.02%), N = 12, StdDev = 0.001 μs
Min = 1.265 μs, Q1 = 1.267 μs, Median = 1.267 μs, Q3 = 1.268 μs, Max = 1.269 μs
IQR = 0.001 μs, LowerFence = 1.266 μs, UpperFence = 1.269 μs
ConfidenceInterval = [1.266 μs; 1.269 μs] (CI 99.9%), Margin = 0.001 μs (0.10% of Mean)
Skewness = -0.8, Kurtosis = 3.31, MValue = 2
-------------------- Histogram --------------------
[1.265 μs ; 1.269 μs) | @@@@@@@@@@@@
---------------------------------------------------

SecurityBenchmarks.'Token Generation (URL-Safe 32 bytes)': .NET 8.0(Runtime=.NET 8.0, Toolchain=net8.0)
Runtime = .NET 8.0.31 (8.0.31, 8.0.3126.42015), X64 RyuJIT x86-64-v3; GC = Concurrent Workstation
Mean = 1.356 μs, StdErr = 0.001 μs (0.09%), N = 14, StdDev = 0.005 μs
Min = 1.347 μs, Q1 = 1.355 μs, Median = 1.356 μs, Q3 = 1.360 μs, Max = 1.362 μs
IQR = 0.005 μs, LowerFence = 1.347 μs, UpperFence = 1.368 μs
ConfidenceInterval = [1.351 μs; 1.361 μs] (CI 99.9%), Margin = 0.005 μs (0.39% of Mean)
Skewness = -0.51, Kurtosis = 2.15, MValue = 2
-------------------- Histogram --------------------
[1.345 μs ; 1.365 μs) | @@@@@@@@@@@@@@
---------------------------------------------------

SecurityBenchmarks.'Token Generation (URL-Safe 32 bytes)': .NET 9.0(Runtime=.NET 9.0, Toolchain=net9.0)
Runtime = .NET 9.0.20 (9.0.20, 9.0.2026.41315), X64 RyuJIT x86-64-v3; GC = Concurrent Workstation
Mean = 1.412 μs, StdErr = 0.001 μs (0.06%), N = 14, StdDev = 0.003 μs
Min = 1.408 μs, Q1 = 1.410 μs, Median = 1.410 μs, Q3 = 1.413 μs, Max = 1.419 μs
IQR = 0.004 μs, LowerFence = 1.404 μs, UpperFence = 1.419 μs
ConfidenceInterval = [1.408 μs; 1.415 μs] (CI 99.9%), Margin = 0.004 μs (0.26% of Mean)
Skewness = 0.91, Kurtosis = 2.9, MValue = 2
-------------------- Histogram --------------------
[1.406 μs ; 1.421 μs) | @@@@@@@@@@@@@@
---------------------------------------------------

SecurityBenchmarks.'Token Hash (SHA-256)': .NET 10.0(Runtime=.NET 10.0, Toolchain=net10.0)
Runtime = .NET 10.0.12 (10.0.12, 10.0.1226.42308), X64 RyuJIT x86-64-v3; GC = Concurrent Workstation
Mean = 627.055 ns, StdErr = 0.433 ns (0.07%), N = 14, StdDev = 1.621 ns
Min = 625.113 ns, Q1 = 625.985 ns, Median = 626.675 ns, Q3 = 627.519 ns, Max = 630.544 ns
IQR = 1.534 ns, LowerFence = 623.684 ns, UpperFence = 629.821 ns
ConfidenceInterval = [625.227 ns; 628.884 ns] (CI 99.9%), Margin = 1.829 ns (0.29% of Mean)
Skewness = 0.93, Kurtosis = 2.62, MValue = 2
-------------------- Histogram --------------------
[624.230 ns ; 631.427 ns) | @@@@@@@@@@@@@@
---------------------------------------------------

SecurityBenchmarks.'Token Hash (SHA-256)': .NET 8.0(Runtime=.NET 8.0, Toolchain=net8.0)
Runtime = .NET 8.0.31 (8.0.31, 8.0.3126.42015), X64 RyuJIT x86-64-v3; GC = Concurrent Workstation
Mean = 1.020 μs, StdErr = 0.000 μs (0.04%), N = 14, StdDev = 0.002 μs
Min = 1.017 μs, Q1 = 1.019 μs, Median = 1.020 μs, Q3 = 1.020 μs, Max = 1.022 μs
IQR = 0.002 μs, LowerFence = 1.017 μs, UpperFence = 1.023 μs
ConfidenceInterval = [1.018 μs; 1.021 μs] (CI 99.9%), Margin = 0.002 μs (0.17% of Mean)
Skewness = -0.59, Kurtosis = 2.5, MValue = 2
-------------------- Histogram --------------------
[1.016 μs ; 1.023 μs) | @@@@@@@@@@@@@@
---------------------------------------------------

SecurityBenchmarks.'Token Hash (SHA-256)': .NET 9.0(Runtime=.NET 9.0, Toolchain=net9.0)
Runtime = .NET 9.0.20 (9.0.20, 9.0.2026.41315), X64 RyuJIT x86-64-v3; GC = Concurrent Workstation
Mean = 1.037 μs, StdErr = 0.001 μs (0.06%), N = 14, StdDev = 0.002 μs
Min = 1.032 μs, Q1 = 1.036 μs, Median = 1.037 μs, Q3 = 1.038 μs, Max = 1.039 μs
IQR = 0.002 μs, LowerFence = 1.032 μs, UpperFence = 1.041 μs
ConfidenceInterval = [1.034 μs; 1.039 μs] (CI 99.9%), Margin = 0.002 μs (0.24% of Mean)
Skewness = -0.48, Kurtosis = 2.04, MValue = 2
-------------------- Histogram --------------------
[1.031 μs ; 1.041 μs) | @@@@@@@@@@@@@@
---------------------------------------------------

SecurityBenchmarks.'SecretBuffer Allocate & Dispose (ZeroMemory)': .NET 10.0(Runtime=.NET 10.0, Toolchain=net10.0)
Runtime = .NET 10.0.12 (10.0.12, 10.0.1226.42308), X64 RyuJIT x86-64-v3; GC = Concurrent Workstation
Mean = 71.297 ns, StdErr = 0.036 ns (0.05%), N = 12, StdDev = 0.123 ns
Min = 71.148 ns, Q1 = 71.210 ns, Median = 71.287 ns, Q3 = 71.357 ns, Max = 71.580 ns
IQR = 0.147 ns, LowerFence = 70.989 ns, UpperFence = 71.578 ns
ConfidenceInterval = [71.139 ns; 71.455 ns] (CI 99.9%), Margin = 0.158 ns (0.22% of Mean)
Skewness = 0.73, Kurtosis = 2.76, MValue = 2
-------------------- Histogram --------------------
[71.077 ns ; 71.651 ns) | @@@@@@@@@@@@
---------------------------------------------------

SecurityBenchmarks.'SecretBuffer Allocate & Dispose (ZeroMemory)': .NET 8.0(Runtime=.NET 8.0, Toolchain=net8.0)
Runtime = .NET 8.0.31 (8.0.31, 8.0.3126.42015), X64 RyuJIT x86-64-v3; GC = Concurrent Workstation
Mean = 84.979 ns, StdErr = 0.031 ns (0.04%), N = 14, StdDev = 0.115 ns
Min = 84.784 ns, Q1 = 84.906 ns, Median = 84.973 ns, Q3 = 85.035 ns, Max = 85.193 ns
IQR = 0.129 ns, LowerFence = 84.712 ns, UpperFence = 85.228 ns
ConfidenceInterval = [84.849 ns; 85.108 ns] (CI 99.9%), Margin = 0.129 ns (0.15% of Mean)
Skewness = 0.35, Kurtosis = 2.14, MValue = 2
-------------------- Histogram --------------------
[84.721 ns ; 85.256 ns) | @@@@@@@@@@@@@@
---------------------------------------------------

SecurityBenchmarks.'SecretBuffer Allocate & Dispose (ZeroMemory)': .NET 9.0(Runtime=.NET 9.0, Toolchain=net9.0)
Runtime = .NET 9.0.20 (9.0.20, 9.0.2026.41315), X64 RyuJIT x86-64-v3; GC = Concurrent Workstation
Mean = 69.663 ns, StdErr = 0.047 ns (0.07%), N = 14, StdDev = 0.176 ns
Min = 69.388 ns, Q1 = 69.550 ns, Median = 69.622 ns, Q3 = 69.812 ns, Max = 69.983 ns
IQR = 0.263 ns, LowerFence = 69.155 ns, UpperFence = 70.207 ns
ConfidenceInterval = [69.465 ns; 69.862 ns] (CI 99.9%), Margin = 0.199 ns (0.29% of Mean)
Skewness = 0.17, Kurtosis = 1.68, MValue = 2
-------------------- Histogram --------------------
[69.292 ns ; 70.079 ns) | @@@@@@@@@@@@@@
---------------------------------------------------

// * Summary *

BenchmarkDotNet v0.15.8, Linux Ubuntu 24.04.5 LTS (Noble Numbat)
AMD EPYC 7763 2.45GHz, 1 CPU, 4 logical and 2 physical cores
.NET SDK 10.0.401
  [Host]    : .NET 10.0.12 (10.0.12, 10.0.1226.42308), X64 RyuJIT x86-64-v3
  .NET 10.0 : .NET 10.0.12 (10.0.12, 10.0.1226.42308), X64 RyuJIT x86-64-v3
  .NET 8.0  : .NET 8.0.31 (8.0.31, 8.0.3126.42015), X64 RyuJIT x86-64-v3
  .NET 9.0  : .NET 9.0.20 (9.0.20, 9.0.2026.41315), X64 RyuJIT x86-64-v3


| Method                                                       | Job       | Runtime   | Mean              | Error          | StdDev         | Ratio | Gen0   | Allocated | Alloc Ratio |
|------------------------------------------------------------- |---------- |---------- |------------------:|---------------:|---------------:|------:|-------:|----------:|------------:|
| 'AES-GCM 256-bit Encrypt (Span, Zero-Alloc)'                 | .NET 10.0 | .NET 10.0 |       3,560.21 ns |      11.837 ns |      11.073 ns |  0.91 | 0.0038 |      64 B |        1.00 |
| 'AES-GCM 256-bit Encrypt (Span, Zero-Alloc)'                 | .NET 8.0  | .NET 8.0  |       3,891.72 ns |       2.596 ns |       2.168 ns |  1.00 |      - |      64 B |        1.00 |
| 'AES-GCM 256-bit Encrypt (Span, Zero-Alloc)'                 | .NET 9.0  | .NET 9.0  |       3,908.26 ns |      12.231 ns |      10.843 ns |  1.00 |      - |      64 B |        1.00 |
|                                                              |           |           |                   |                |                |       |        |           |             |
| 'AES-GCM 256-bit Decrypt (Span, Zero-Alloc)'                 | .NET 10.0 | .NET 10.0 |       2,233.85 ns |       4.476 ns |       3.968 ns |  0.98 |      - |      32 B |        0.50 |
| 'AES-GCM 256-bit Decrypt (Span, Zero-Alloc)'                 | .NET 8.0  | .NET 8.0  |       2,289.99 ns |       4.069 ns |       3.607 ns |  1.00 | 0.0038 |      64 B |        1.00 |
| 'AES-GCM 256-bit Decrypt (Span, Zero-Alloc)'                 | .NET 9.0  | .NET 9.0  |       2,570.01 ns |       3.384 ns |       2.999 ns |  1.12 | 0.0038 |      64 B |        1.00 |
|                                                              |           |           |                   |                |                |       |        |           |             |
| 'AES-GCM Parallel Concurrent Throughput (100 ops)'           | .NET 10.0 | .NET 10.0 |     193,646.22 ns |   1,976.089 ns |   1,751.752 ns |  0.99 | 0.4883 |    8630 B |        1.00 |
| 'AES-GCM Parallel Concurrent Throughput (100 ops)'           | .NET 8.0  | .NET 8.0  |     195,818.63 ns |   1,043.527 ns |     871.392 ns |  1.00 | 0.4883 |    8629 B |        1.00 |
| 'AES-GCM Parallel Concurrent Throughput (100 ops)'           | .NET 9.0  | .NET 9.0  |     195,895.83 ns |   1,657.568 ns |   1,469.391 ns |  1.00 | 0.4883 |    8626 B |        1.00 |
|                                                              |           |           |                   |                |                |       |        |           |             |
| 'PBKDF2-SHA512 Password Hash (10k iters)'                    | .NET 10.0 | .NET 10.0 |   6,734,630.11 ns |  11,018.713 ns |   9,201.124 ns |  0.99 |      - |     464 B |        0.92 |
| 'PBKDF2-SHA512 Password Hash (10k iters)'                    | .NET 8.0  | .NET 8.0  |   6,784,156.46 ns |  13,645.499 ns |  12,096.379 ns |  1.00 |      - |     504 B |        1.00 |
| 'PBKDF2-SHA512 Password Hash (10k iters)'                    | .NET 9.0  | .NET 9.0  |   6,793,666.81 ns |  10,783.343 ns |  10,086.745 ns |  1.00 |      - |     464 B |        0.92 |
|                                                              |           |           |                   |                |                |       |        |           |             |
| 'PBKDF2-SHA512 Password Hash (600K iters — PRODUCTION COST)' | .NET 10.0 | .NET 10.0 | 405,122,262.43 ns | 741,738.129 ns | 657,531.532 ns |  1.00 |      - |     504 B |        1.00 |
| 'PBKDF2-SHA512 Password Hash (600K iters — PRODUCTION COST)' | .NET 8.0  | .NET 8.0  | 405,820,266.62 ns | 691,280.117 ns | 577,250.206 ns |  1.00 |      - |     504 B |        1.00 |
| 'PBKDF2-SHA512 Password Hash (600K iters — PRODUCTION COST)' | .NET 9.0  | .NET 9.0  | 405,294,660.80 ns | 516,188.232 ns | 482,842.793 ns |  1.00 |      - |     504 B |        1.00 |
|                                                              |           |           |                   |                |                |       |        |           |             |
| 'LegacyPbkdf2 Password Hash (Fast Config)'                   | .NET 10.0 | .NET 10.0 |  47,127,059.98 ns | 130,072.497 ns | 108,616.426 ns |  1.00 |      - |     416 B |        0.91 |
| 'LegacyPbkdf2 Password Hash (Fast Config)'                   | .NET 8.0  | .NET 8.0  |  47,027,026.94 ns |  56,050.338 ns |  46,804.571 ns |  1.00 |      - |     456 B |        1.00 |
| 'LegacyPbkdf2 Password Hash (Fast Config)'                   | .NET 9.0  | .NET 9.0  |  47,359,988.79 ns |  36,542.585 ns |  32,394.050 ns |  1.01 |      - |     416 B |        0.91 |
|                                                              |           |           |                   |                |                |       |        |           |             |
| 'CompositePasswordHasher Verify & Rehash Check'              | .NET 10.0 | .NET 10.0 |   6,737,228.51 ns |  18,217.343 ns |  14,222.903 ns |  0.99 |      - |     464 B |        1.00 |
| 'CompositePasswordHasher Verify & Rehash Check'              | .NET 8.0  | .NET 8.0  |   6,782,333.12 ns |   6,422.052 ns |   5,362.704 ns |  1.00 |      - |     464 B |        1.00 |
| 'CompositePasswordHasher Verify & Rehash Check'              | .NET 9.0  | .NET 9.0  |   6,842,881.23 ns |  91,876.563 ns |  85,941.394 ns |  1.01 |      - |     464 B |        1.00 |
|                                                              |           |           |                   |                |                |       |        |           |             |
| 'SecurityEnvelope Serialize (Span, Zero-Alloc)'              | .NET 10.0 | .NET 10.0 |          38.68 ns |       0.078 ns |       0.069 ns |  1.02 |      - |         - |          NA |
| 'SecurityEnvelope Serialize (Span, Zero-Alloc)'              | .NET 8.0  | .NET 8.0  |          37.93 ns |       0.034 ns |       0.030 ns |  1.00 |      - |         - |          NA |
| 'SecurityEnvelope Serialize (Span, Zero-Alloc)'              | .NET 9.0  | .NET 9.0  |          37.93 ns |       0.035 ns |       0.033 ns |  1.00 |      - |         - |          NA |
|                                                              |           |           |                   |                |                |       |        |           |             |
| 'SecurityEnvelope Deserialize (Span)'                        | .NET 10.0 | .NET 10.0 |          97.84 ns |       0.346 ns |       0.307 ns |  0.90 | 0.0281 |     472 B |        1.00 |
| 'SecurityEnvelope Deserialize (Span)'                        | .NET 8.0  | .NET 8.0  |         109.14 ns |       0.763 ns |       0.714 ns |  1.00 | 0.0281 |     472 B |        1.00 |
| 'SecurityEnvelope Deserialize (Span)'                        | .NET 9.0  | .NET 9.0  |         101.77 ns |       0.627 ns |       0.586 ns |  0.93 | 0.0281 |     472 B |        1.00 |
|                                                              |           |           |                   |                |                |       |        |           |             |
| 'ConstantTime FixedTimeEquals (32 bytes)'                    | .NET 10.0 | .NET 10.0 |         131.13 ns |       0.064 ns |       0.050 ns |  1.00 |      - |         - |          NA |
| 'ConstantTime FixedTimeEquals (32 bytes)'                    | .NET 8.0  | .NET 8.0  |         131.76 ns |       0.101 ns |       0.085 ns |  1.00 |      - |         - |          NA |
| 'ConstantTime FixedTimeEquals (32 bytes)'                    | .NET 9.0  | .NET 9.0  |         132.19 ns |       0.144 ns |       0.121 ns |  1.00 |      - |         - |          NA |
|                                                              |           |           |                   |                |                |       |        |           |             |
| 'Token Generation (URL-Safe 32 bytes)'                       | .NET 10.0 | .NET 10.0 |       1,267.40 ns |       1.204 ns |       0.940 ns |  0.93 | 0.0229 |     388 B |        1.00 |
| 'Token Generation (URL-Safe 32 bytes)'                       | .NET 8.0  | .NET 8.0  |       1,356.06 ns |       5.298 ns |       4.696 ns |  1.00 | 0.0229 |     388 B |        1.00 |
| 'Token Generation (URL-Safe 32 bytes)'                       | .NET 9.0  | .NET 9.0  |       1,411.66 ns |       3.609 ns |       3.199 ns |  1.04 | 0.0229 |     389 B |        1.00 |
|                                                              |           |           |                   |                |                |       |        |           |             |
| 'Token Hash (SHA-256)'                                       | .NET 10.0 | .NET 10.0 |         627.06 ns |       1.829 ns |       1.621 ns |  0.61 | 0.0105 |     184 B |        1.00 |
| 'Token Hash (SHA-256)'                                       | .NET 8.0  | .NET 8.0  |       1,019.70 ns |       1.725 ns |       1.529 ns |  1.00 | 0.0095 |     184 B |        1.00 |
| 'Token Hash (SHA-256)'                                       | .NET 9.0  | .NET 9.0  |       1,036.51 ns |       2.448 ns |       2.170 ns |  1.02 | 0.0095 |     184 B |        1.00 |
|                                                              |           |           |                   |                |                |       |        |           |             |
| 'SecretBuffer Allocate & Dispose (ZeroMemory)'               | .NET 10.0 | .NET 10.0 |          71.30 ns |       0.158 ns |       0.123 ns |  0.84 | 0.0019 |      32 B |        1.00 |
| 'SecretBuffer Allocate & Dispose (ZeroMemory)'               | .NET 8.0  | .NET 8.0  |          84.98 ns |       0.129 ns |       0.115 ns |  1.00 | 0.0019 |      32 B |        1.00 |
| 'SecretBuffer Allocate & Dispose (ZeroMemory)'               | .NET 9.0  | .NET 9.0  |          69.66 ns |       0.199 ns |       0.176 ns |  0.82 | 0.0019 |      32 B |        1.00 |

// * Hints *
Outliers
  SecurityBenchmarks.'AES-GCM 256-bit Encrypt (Span, Zero-Alloc)': .NET 8.0                  -> 2 outliers were removed (3.91 μs, 3.92 μs)
  SecurityBenchmarks.'AES-GCM 256-bit Encrypt (Span, Zero-Alloc)': .NET 9.0                  -> 1 outlier  was  removed (3.94 μs)
  SecurityBenchmarks.'AES-GCM 256-bit Decrypt (Span, Zero-Alloc)': .NET 10.0                 -> 1 outlier  was  removed (2.26 μs)
  SecurityBenchmarks.'AES-GCM 256-bit Decrypt (Span, Zero-Alloc)': .NET 8.0                  -> 1 outlier  was  removed (2.32 μs)
  SecurityBenchmarks.'AES-GCM 256-bit Decrypt (Span, Zero-Alloc)': .NET 9.0                  -> 1 outlier  was  removed (2.58 μs)
  SecurityBenchmarks.'AES-GCM Parallel Concurrent Throughput (100 ops)': .NET 10.0           -> 1 outlier  was  removed (203.36 μs)
  SecurityBenchmarks.'AES-GCM Parallel Concurrent Throughput (100 ops)': .NET 8.0            -> 2 outliers were removed (198.99 μs, 210.09 μs)
  SecurityBenchmarks.'AES-GCM Parallel Concurrent Throughput (100 ops)': .NET 9.0            -> 1 outlier  was  removed (201.14 μs)
  SecurityBenchmarks.'PBKDF2-SHA512 Password Hash (10k iters)': .NET 10.0                    -> 2 outliers were removed (6.81 ms, 6.84 ms)
  SecurityBenchmarks.'PBKDF2-SHA512 Password Hash (10k iters)': .NET 8.0                     -> 1 outlier  was  removed (6.83 ms)
  SecurityBenchmarks.'PBKDF2-SHA512 Password Hash (600K iters — PRODUCTION COST)': .NET 10.0 -> 1 outlier  was  removed (408.82 ms)
  SecurityBenchmarks.'PBKDF2-SHA512 Password Hash (600K iters — PRODUCTION COST)': .NET 8.0  -> 2 outliers were removed (408.24 ms, 414.07 ms)
  SecurityBenchmarks.'LegacyPbkdf2 Password Hash (Fast Config)': .NET 10.0                   -> 2 outliers were removed (47.92 ms, 49.40 ms)
  SecurityBenchmarks.'LegacyPbkdf2 Password Hash (Fast Config)': .NET 8.0                    -> 2 outliers were removed (47.18 ms, 47.46 ms)
  SecurityBenchmarks.'LegacyPbkdf2 Password Hash (Fast Config)': .NET 9.0                    -> 1 outlier  was  removed (47.48 ms)
  SecurityBenchmarks.'CompositePasswordHasher Verify & Rehash Check': .NET 10.0              -> 3 outliers were removed (6.88 ms..6.91 ms)
  SecurityBenchmarks.'CompositePasswordHasher Verify & Rehash Check': .NET 8.0               -> 2 outliers were removed (6.80 ms, 6.83 ms)
  SecurityBenchmarks.'SecurityEnvelope Serialize (Span, Zero-Alloc)': .NET 10.0              -> 1 outlier  was  removed (40.81 ns)
  SecurityBenchmarks.'SecurityEnvelope Serialize (Span, Zero-Alloc)': .NET 8.0               -> 1 outlier  was  removed (40.06 ns)
  SecurityBenchmarks.'SecurityEnvelope Deserialize (Span)': .NET 10.0                        -> 1 outlier  was  removed (100.92 ns)
  SecurityBenchmarks.'ConstantTime FixedTimeEquals (32 bytes)': .NET 10.0                    -> 3 outliers were removed (133.64 ns..134.00 ns)
  SecurityBenchmarks.'ConstantTime FixedTimeEquals (32 bytes)': .NET 8.0                     -> 2 outliers were removed (134.99 ns, 135.12 ns)
  SecurityBenchmarks.'ConstantTime FixedTimeEquals (32 bytes)': .NET 9.0                     -> 2 outliers were removed (135.26 ns, 135.58 ns)
  SecurityBenchmarks.'Token Generation (URL-Safe 32 bytes)': .NET 10.0                       -> 3 outliers were removed (1.28 μs..1.28 μs)
  SecurityBenchmarks.'Token Generation (URL-Safe 32 bytes)': .NET 8.0                        -> 1 outlier  was  removed (1.38 μs)
  SecurityBenchmarks.'Token Generation (URL-Safe 32 bytes)': .NET 9.0                        -> 1 outlier  was  removed (1.43 μs)
  SecurityBenchmarks.'Token Hash (SHA-256)': .NET 10.0                                       -> 1 outlier  was  removed (640.45 ns)
  SecurityBenchmarks.'Token Hash (SHA-256)': .NET 8.0                                        -> 1 outlier  was  removed, 3 outliers were detected (1.02 μs, 1.02 μs, 1.03 μs)
  SecurityBenchmarks.'Token Hash (SHA-256)': .NET 9.0                                        -> 1 outlier  was  removed (1.05 μs)
  SecurityBenchmarks.'SecretBuffer Allocate & Dispose (ZeroMemory)': .NET 10.0               -> 3 outliers were removed (74.36 ns..74.51 ns)
  SecurityBenchmarks.'SecretBuffer Allocate & Dispose (ZeroMemory)': .NET 8.0                -> 1 outlier  was  removed (89.36 ns)
  SecurityBenchmarks.'SecretBuffer Allocate & Dispose (ZeroMemory)': .NET 9.0                -> 1 outlier  was  removed (73.55 ns)

// * Legends *
  Mean        : Arithmetic mean of all measurements
  Error       : Half of 99.9% confidence interval
  StdDev      : Standard deviation of all measurements
  Ratio       : Mean of the ratio distribution ([Current]/[Baseline])
  Gen0        : GC Generation 0 collects per 1000 operations
  Allocated   : Allocated memory per single operation (managed only, inclusive, 1KB = 1024B)
  Alloc Ratio : Allocated memory ratio distribution ([Current]/[Baseline])
  1 ns        : 1 Nanosecond (0.000000001 sec)

// * Diagnostic Output - MemoryDiagnoser *


// ***** BenchmarkRunner: End *****
Run time: 00:12:00 (720.18 sec), executed benchmarks: 39

Global total time: 00:12:43 (763.97 sec), executed benchmarks: 39
// * Artifacts cleanup *
Artifacts cleanup is finished
